event_id,latitude,longitude,ground_truth_class,ground_truth_label,site_name,region_split,source_reference,label_confidence,is_lulc_measured,is_optical_measured,frp_mw,bright_mwir_k,bright_lwir_k,estimated_emitter_temp_k,estimated_emitter_area_m2,mwir_lwir_delta,dist_to_facility_km,facility_type_code,facility_polygon_overlap,dist_to_mine_km,forest_fraction,cropland_fraction,builtup_fraction,bare_fraction,recurrence_90d,recurrence_365d,day_night_flag,historical_mean_frp,historical_std_frp,frp_z_score,sample_count_n,ndvi_val,nbr_val,swir_ratio_val,wind_u,wind_v
EVT_00001,22.39738,69.86516,0,INDUSTRIAL_ROUTINE_FLARE,Jamnagar Refinery (Gujarat),TRAIN,GEM Refinery Stack Log,0.98,True,True,15.19,369.53,307.57,1500.0,47.27,61.96,4.66,2.0,0.0,1422.46,0.0,0.935,0.0,0.001,0.8111989040672406,0.7300790136605165,1.0,16.5,3.5,-0.38,147.0,0.1479,-0.0499,0.8112,-16.09,-8.92
EVT_00002,22.34902,69.85557,0,INDUSTRIAL_ROUTINE_FLARE,Jamnagar Refinery (Gujarat),TRAIN,GEM Refinery Stack Log,0.98,True,False,22.96,361.62,303.49,1500.0,36.85,58.13,8.48,2.0,0.0,1423.51,0.0,0.197,0.441,0.066,0.96771054180315,0.870939487622835,1.0,16.5,3.5,1.85,119.0,0.0,0.0,1.0,-16.09,-8.92
EVT_00003,22.36,69.83766,0,INDUSTRIAL_ROUTINE_FLARE,Jamnagar Refinery (Gujarat),TRAIN,GEM Refinery Stack Log,0.98,True,False,16.41,346.71,305.85,1500.0,21.97,40.86,6.84,2.0,0.0,1425.5,0.305,0.37,0.18,0.0,0.9023705789444759,0.8121335210500283,1.0,16.5,3.5,-0.03,119.0,0.0,0.0,1.0,-16.09,-8.92
EVT_00004,22.35538,69.79511,0,INDUSTRIAL_ROUTINE_FLARE,Jamnagar Refinery (Gujarat),TRAIN,GEM Refinery Stack Log,0.98,False,False,19.05,360.59,304.79,1500.0,35.65,55.8,6.57,2.0,0.0,1430.22,0.0,0.0,0.0,0.0,0.8984829137724085,0.8086346223951677,1.0,16.5,3.5,0.73,110.0,0.0,0.0,1.0,-16.09,-8.92
EVT_00005,22.36162,69.93695,0,INDUSTRIAL_ROUTINE_FLARE,Jamnagar Refinery (Gujarat),TRAIN,GEM Refinery Stack Log,0.98,True,False,14.11,350.81,306.36,1500.0,25.53,44.45,13.03,2.0,0.0,1414.48,0.006,0.98,0.009,0.0,0.8261787651244298,0.7435608886119868,1.0,16.5,3.5,-0.68,119.0,0.0,0.0,1.0,-16.09,-8.92
EVT_00006,22.37953,69.83298,0,INDUSTRIAL_ROUTINE_FLARE,Jamnagar Refinery (Gujarat),TRAIN,GEM Refinery Stack Log,0.98,True,False,16.61,370.76,299.34,1500.0,48.97,71.42,4.62,2.0,0.0,1426.02,0.16,0.135,0.586,0.016,0.8840136042355622,0.795612243812006,0.0,16.5,3.5,0.03,113.0,0.0,0.0,1.0,-16.09,-8.92
EVT_00007,22.30376,69.83346,0,INDUSTRIAL_ROUTINE_FLARE,Jamnagar Refinery (Gujarat),TRAIN,GEM Refinery Stack Log,0.98,True,False,16.77,366.21,303.97,1500.0,42.64,62.24,9.93,2.0,0.0,1425.97,0.0,0.874,0.001,0.009,0.8940887948810798,0.8046799153929719,0.0,16.5,3.5,0.08,121.0,0.0,0.0,1.0,-16.09,-8.92
EVT_00008,22.34468,69.81458,0,INDUSTRIAL_ROUTINE_FLARE,Jamnagar Refinery (Gujarat),TRAIN,GEM Refinery Stack Log,0.98,True,False,17.09,370.42,301.39,1500.0,48.49,69.03,7.97,2.0,0.0,1428.06,0.025,0.334,0.147,0.093,0.8361869019374761,0.7525682117437286,0.0,16.5,3.5,0.17,100.0,0.0,0.0,1.0,-16.09,-8.92
EVT_00009,22.35048,69.85203,0,INDUSTRIAL_ROUTINE_FLARE,Jamnagar Refinery (Gujarat),TRAIN,GEM Refinery Stack Log,0.98,True,False,17.52,364.7,302.17,1500.0,40.65,62.52,8.21,2.0,0.0,1423.9,0.0,0.007,0.666,0.298,0.8386976349436076,0.7548278714492469,1.0,16.5,3.5,0.29,140.0,0.0,0.0,1.0,-16.09,-8.92
EVT_00010,22.41257,69.89372,0,INDUSTRIAL_ROUTINE_FLARE,Jamnagar Refinery (Gujarat),TRAIN,GEM Refinery Stack Log,0.98,True,False,21.37,369.89,303.52,1500.0,47.75,66.37,6.86,2.0,0.0,1419.29,0.029,0.933,0.021,0.0,0.9629919351087561,0.8666927415978806,0.0,16.5,3.5,1.39,71.0,0.0,0.0,1.0,-16.09,-8.92
EVT_00011,22.36323,69.8635,0,INDUSTRIAL_ROUTINE_FLARE,Jamnagar Refinery (Gujarat),TRAIN,GEM Refinery Stack Log,0.98,True,True,23.16,357.26,299.41,1500.0,31.89,57.84,7.39,2.0,0.0,1422.63,0.477,0.084,0.384,0.032,0.9075114942710426,0.8167603448439383,0.0,16.5,3.5,1.9,124.0,0.1334,0.0979,0.8102,-16.09,-8.92
EVT_00012,22.39144,69.86716,0,INDUSTRIAL_ROUTINE_FLARE,Jamnagar Refinery (Gujarat),TRAIN,GEM Refinery Stack Log,0.98,True,True,15.88,368.27,305.21,1500.0,45.47,63.07,5.22,2.0,0.0,1422.23,0.029,0.037,0.57,0.311,0.8312136645522648,0.7480922980970383,1.0,16.5,3.5,-0.18,138.0,0.0379,-0.0104,0.8995,-16.09,-8.92
EVT_00013,22.36605,69.86787,0,INDUSTRIAL_ROUTINE_FLARE,Jamnagar Refinery (Gujarat),TRAIN,GEM Refinery Stack Log,0.98,True,True,18.97,355.07,306.13,1500.0,29.63,48.94,7.36,2.0,0.0,1422.15,0.157,0.139,0.116,0.317,0.9615132947852186,0.8653619653066967,1.0,16.5,3.5,0.71,74.0,0.0964,-0.1182,0.9608,-16.09,-8.92
EVT_00014,22.35238,69.89603,0,INDUSTRIAL_ROUTINE_FLARE,Jamnagar Refinery (Gujarat),TRAIN,GEM Refinery Stack Log,0.98,True,False,15.23,363.51,301.72,1500.0,39.15,61.8,10.36,2.0,0.0,1419.02,0.275,0.11,0.07,0.283,0.9659395304685146,0.8693455774216631,0.0,16.5,3.5,-0.36,116.0,0.0,0.0,1.0,-16.09,-8.92
EVT_00015,22.37632,69.83656,0,INDUSTRIAL_ROUTINE_FLARE,Jamnagar Refinery (Gujarat),TRAIN,GEM Refinery Stack Log,0.98,True,False,29.04,362.1,298.8,1500.0,37.39,63.29,5.03,2.0,0.0,1425.62,0.508,0.08,0.39,0.0,0.8448690042010548,0.7603821037809494,1.0,16.5,3.5,3.58,148.0,0.0,0.0,1.0,-16.09,-8.92
EVT_00016,22.35543,69.85853,0,INDUSTRIAL_ROUTINE_FLARE,Jamnagar Refinery (Gujarat),TRAIN,GEM Refinery Stack Log,0.98,True,False,25.93,362.26,298.61,1500.0,37.58,63.65,7.93,2.0,0.0,1423.18,0.237,0.012,0.502,0.103,0.9521461166512687,0.8569315049861418,1.0,16.5,3.5,2.69,131.0,0.0,0.0,1.0,-16.09,-8.92
EVT_00017,22.33415,69.97303,0,INDUSTRIAL_ROUTINE_FLARE,Jamnagar Refinery (Gujarat),TRAIN,GEM Refinery Stack Log,0.98,True,False,15.96,357.33,305.74,1500.0,31.99,51.58,17.79,2.0,0.0,1410.47,0.0,0.008,0.0,0.0,0.8136582084345861,0.7322923875911276,1.0,16.5,3.5,-0.15,147.0,0.0,0.0,1.0,-16.09,-8.92
EVT_00018,22.34699,69.91914,0,INDUSTRIAL_ROUTINE_FLARE,Jamnagar Refinery (Gujarat),TRAIN,GEM Refinery Stack Log,0.98,True,False,16.51,364.87,297.98,1500.0,40.84,66.89,12.49,2.0,0.0,1416.46,0.0,0.0,0.0,0.0,0.8369680988754935,0.7532712889879442,1.0,16.5,3.5,0.0,61.0,0.0,0.0,1.0,-16.09,-8.92
EVT_00019,22.35693,69.87014,0,INDUSTRIAL_ROUTINE_FLARE,Jamnagar Refinery (Gujarat),TRAIN,GEM Refinery Stack Log,0.98,True,False,15.92,368.34,302.22,1500.0,45.54,66.12,8.34,2.0,0.0,1421.89,0.233,0.004,0.156,0.062,0.8089789744182446,0.7280810769764202,0.0,16.5,3.5,-0.17,91.0,0.0,0.0,1.0,-16.09,-8.92
EVT_00020,22.45556,69.91311,0,INDUSTRIAL_ROUTINE_FLARE,Jamnagar Refinery (Gujarat),TRAIN,GEM Refinery Stack Log,0.98,True,False,15.94,363.5,300.93,1500.0,39.13,62.57,9.6,2.0,0.0,1417.17,0.631,0.0,0.0,0.0,0.9406279512759792,0.8465651561483813,0.0,16.5,3.5,-0.16,129.0,0.0,0.0,1.0,-16.09,-8.92
EVT_00021,22.42263,69.85637,0,INDUSTRIAL_ROUTINE_FLARE,Jamnagar Refinery (Gujarat),TRAIN,GEM Refinery Stack Log,0.98,True,False,18.97,361.9,304.13,1500.0,37.19,57.77,2.96,2.0,0.0,1423.45,0.085,0.016,0.573,0.066,0.9191625613581764,0.8272463052223588,0.0,16.5,3.5,0.71,118.0,0.0,0.0,1.0,-16.09,-8.92
EVT_00022,22.40513,69.8367,0,INDUSTRIAL_ROUTINE_FLARE,Jamnagar Refinery (Gujarat),TRAIN,GEM Refinery Stack Log,0.98,True,False,14.71,361.25,306.29,1500.0,36.42,54.96,1.98,2.0,0.0,1425.62,0.002,0.674,0.024,0.014,0.9681046528979208,0.8712941876081287,0.0,16.5,3.5,-0.51,98.0,0.0,0.0,1.0,-16.09,-8.92
EVT_00023,22.35259,69.85873,0,INDUSTRIAL_ROUTINE_FLARE,Jamnagar Refinery (Gujarat),TRAIN,GEM Refinery Stack Log,0.98,True,False,25.9,370.69,299.31,1500.0,48.87,71.39,8.23,2.0,0.0,1423.16,0.0,0.001,0.784,0.172,0.8910401623198925,0.8019361460879032,0.0,16.5,3.5,2.68,61.0,0.0,0.0,1.0,-16.09,-8.92
EVT_00024,22.41502,69.87533,0,INDUSTRIAL_ROUTINE_FLARE,Jamnagar Refinery (Gujarat),TRAIN,GEM Refinery Stack Log,0.98,True,False,22.44,360.79,300.46,1500.0,35.85,60.33,4.95,2.0,0.0,1421.34,0.235,0.731,0.0,0.0,0.9493322284476612,0.8543990056028951,0.0,16.5,3.5,1.7,113.0,0.0,0.0,1.0,-16.09,-8.92
EVT_00025,22.40162,69.9126,0,INDUSTRIAL_ROUTINE_FLARE,Jamnagar Refinery (Gujarat),TRAIN,GEM Refinery Stack Log,0.98,True,False,14.06,366.58,305.54,1500.0,43.15,61.04,8.99,2.0,0.0,1417.19,0.061,0.605,0.001,0.0,0.8002943085732065,0.7202648777158859,0.0,16.5,3.5,-0.7,77.0,0.0,0.0,1.0,-16.09,-8.92
EVT_00026,22.38612,69.82741,0,INDUSTRIAL_ROUTINE_FLARE,Jamnagar Refinery (Gujarat),TRAIN,GEM Refinery Stack Log,0.98,True,False,15.78,372.35,306.98,1500.0,51.44,65.37,3.86,2.0,0.0,1426.64,0.0,0.914,0.007,0.0,0.9224358442695072,0.8301922598425565,1.0,16.5,3.5,-0.21,80.0,0.0,0.0,1.0,-16.09,-8.92
EVT_00027,22.36381,69.83106,0,INDUSTRIAL_ROUTINE_FLARE,Jamnagar Refinery (Gujarat),TRAIN,GEM Refinery Stack Log,0.98,True,False,16.58,371.07,305.88,1500.0,49.5,65.2,6.35,2.0,0.0,1426.23,0.032,0.348,0.329,0.013,0.8885080461109799,0.7996572414998819,0.0,16.5,3.5,0.02,145.0,0.0,0.0,1.0,-16.09,-8.92
EVT_00028,22.34887,69.84145,0,INDUSTRIAL_ROUTINE_FLARE,Jamnagar Refinery (Gujarat),TRAIN,GEM Refinery Stack Log,0.98,True,False,29.58,364.46,304.02,1500.0,40.36,60.44,8.12,2.0,0.0,1425.08,0.27,0.306,0.416,0.0,0.9062277251994526,0.8156049526795074,0.0,16.5,3.5,3.74,89.0,0.0,0.0,1.0,-16.09,-8.92
EVT_00029,22.42776,69.91102,0,INDUSTRIAL_ROUTINE_FLARE,Jamnagar Refinery (Gujarat),TRAIN,GEM Refinery Stack Log,0.98,True,False,18.84,362.39,304.51,1500.0,37.78,57.88,8.61,2.0,0.0,1417.38,0.007,0.765,0.186,0.029,0.8944008398418366,0.8049607558576529,0.0,16.5,3.5,0.67,76.0,0.0,0.0,1.0,-16.09,-8.92
EVT_00030,22.37959,69.87667,0,INDUSTRIAL_ROUTINE_FLARE,Jamnagar Refinery (Gujarat),TRAIN,GEM Refinery Stack Log,0.98,True,True,23.64,369.25,301.95,1500.0,46.81,67.3,6.81,2.0,0.0,1421.17,0.001,0.12,0.305,0.273,0.9706143694047906,0.8735529324643115,0.0,16.5,3.5,2.04,105.0,0.0029,-0.0354,0.8703,-16.09,-8.92
EVT_00031,22.36416,69.8972,0,INDUSTRIAL_ROUTINE_FLARE,Jamnagar Refinery (Gujarat),TRAIN,GEM Refinery Stack Log,0.98,True,False,16.67,372.32,301.97,1500.0,51.34,70.35,9.53,2.0,0.0,1418.89,0.325,0.215,0.014,0.004,0.8138985493372185,0.7325086944034966,0.0,16.5,3.5,0.05,113.0,0.0,0.0,1.0,-16.09,-8.92
EVT_00032,22.40205,69.9317,0,INDUSTRIAL_ROUTINE_FLARE,Jamnagar Refinery (Gujarat),TRAIN,GEM Refinery Stack Log,0.98,True,False,46.27,366.62,300.57,1500.0,43.16,66.04,10.9,2.0,0.0,1415.07,0.207,0.629,0.0,0.0,0.8080168030473048,0.7272151227425744,0.0,16.5,3.5,8.51,61.0,0.0,0.0,1.0,-16.09,-8.92
EVT_00033,22.4109,69.85427,0,INDUSTRIAL_ROUTINE_FLARE,Jamnagar Refinery (Gujarat),TRAIN,GEM Refinery Stack Log,0.98,True,False,19.63,367.93,300.82,1500.0,44.95,67.12,2.95,2.0,0.0,1423.67,0.017,0.517,0.187,0.029,0.8393020287295597,0.7553718258566038,0.0,16.5,3.5,0.9,109.0,0.0,0.0,1.0,-16.09,-8.92
EVT_00034,22.39803,70.00485,0,INDUSTRIAL_ROUTINE_FLARE,Jamnagar Refinery (Gujarat),TRAIN,GEM Refinery Stack Log,0.98,True,False,22.47,369.0,306.41,1500.0,46.49,62.59,18.4,2.0,0.0,1406.95,0.096,0.348,0.198,0.016,0.9391585338872201,0.8452426804984982,0.0,16.5,3.5,1.71,146.0,0.0,0.0,1.0,-16.09,-8.92
EVT_00035,22.38239,69.85567,0,INDUSTRIAL_ROUTINE_FLARE,Jamnagar Refinery (Gujarat),TRAIN,GEM Refinery Stack Log,0.98,True,True,16.78,378.23,300.97,1500.0,60.97,77.25,5.15,2.0,0.0,1423.51,0.203,0.446,0.014,0.012,0.8110083233455488,0.729907491010994,0.0,16.5,3.5,0.08,81.0,0.1838,-0.082,0.7486,-16.09,-8.92
EVT_00036,22.36549,69.87281,0,INDUSTRIAL_ROUTINE_FLARE,Jamnagar Refinery (Gujarat),TRAIN,GEM Refinery Stack Log,0.98,True,True,19.17,358.75,302.0,1500.0,33.53,56.75,7.71,2.0,0.0,1421.6,0.03,0.01,0.738,0.135,0.9339987106197222,0.8405988395577499,1.0,16.5,3.5,0.76,64.0,0.0623,0.0875,0.8044,-16.09,-8.92
EVT_00037,22.42236,69.86471,0,INDUSTRIAL_ROUTINE_FLARE,Jamnagar Refinery (Gujarat),TRAIN,GEM Refinery Stack Log,0.98,True,False,22.42,362.38,299.13,1500.0,37.73,63.25,3.82,2.0,0.0,1422.52,0.0,0.033,0.654,0.108,0.8076706184835603,0.7269035566352042,1.0,16.5,3.5,1.69,89.0,0.0,0.0,1.0,-16.09,-8.92
EVT_00038,22.37625,69.85298,0,INDUSTRIAL_ROUTINE_FLARE,Jamnagar Refinery (Gujarat),TRAIN,GEM Refinery Stack Log,0.98,True,True,16.02,376.15,301.7,1500.0,57.45,74.45,5.6,2.0,0.0,1423.8,0.475,0.127,0.293,0.0,0.816866734866274,0.7351800613796466,1.0,16.5,3.5,-0.14,68.0,0.3753,0.1395,0.7365,-16.09,-8.92
EVT_00039,22.3671,69.8755,0,INDUSTRIAL_ROUTINE_FLARE,Jamnagar Refinery (Gujarat),TRAIN,GEM Refinery Stack Log,0.98,True,True,15.92,364.19,305.5,1500.0,40.03,58.7,7.74,2.0,0.0,1421.3,0.07,0.016,0.614,0.093,0.7987746580162584,0.7188971922146326,1.0,16.5,3.5,-0.17,60.0,0.1701,-0.0266,0.8024,-16.09,-8.92
EVT_00040,22.45428,69.90614,0,INDUSTRIAL_ROUTINE_FLARE,Jamnagar Refinery (Gujarat),TRAIN,GEM Refinery Stack Log,0.98,True,False,17.08,354.36,301.55,1500.0,28.91,52.82,8.89,2.0,0.0,1417.95,0.487,0.0,0.0,0.465,0.9315692220928738,0.8384122998835865,1.0,16.5,3.5,0.17,137.0,0.0,0.0,1.0,-16.09,-8.92
EVT_00041,22.40447,69.891,0,INDUSTRIAL_ROUTINE_FLARE,Jamnagar Refinery (Gujarat),TRAIN,GEM Refinery Stack Log,0.98,True,False,21.34,361.63,296.72,1500.0,36.82,64.91,6.77,2.0,0.0,1419.59,0.031,0.966,0.0,0.0,0.7896117848394067,0.7106506063554661,0.0,16.5,3.5,1.38,93.0,0.0,0.0,1.0,-16.09,-8.92
EVT_00042,22.38006,69.89646,0,INDUSTRIAL_ROUTINE_FLARE,Jamnagar Refinery (Gujarat),TRAIN,GEM Refinery Stack Log,0.98,True,False,20.7,378.53,304.24,1500.0,61.56,74.29,8.4,2.0,0.0,1418.98,0.0,0.175,0.033,0.084,0.9687783209121514,0.8719004888209363,0.0,16.5,3.5,1.2,91.0,0.0,0.0,1.0,-16.09,-8.92
EVT_00043,22.38397,69.89317,0,INDUSTRIAL_ROUTINE_FLARE,Jamnagar Refinery (Gujarat),TRAIN,GEM Refinery Stack Log,0.98,True,True,18.29,376.1,299.29,1500.0,57.33,76.82,7.89,2.0,0.0,1419.34,0.0,0.598,0.027,0.046,0.889123357863187,0.8002110220768683,0.0,16.5,3.5,0.51,126.0,-0.0024,-0.1083,0.9798,-16.09,-8.92
EVT_00044,22.39755,69.90712,0,INDUSTRIAL_ROUTINE_FLARE,Jamnagar Refinery (Gujarat),TRAIN,GEM Refinery Stack Log,0.98,True,False,15.69,360.32,300.4,1500.0,35.3,59.92,8.57,2.0,0.0,1417.8,0.03,0.079,0.017,0.099,0.8554518166455952,0.7699066349810357,1.0,16.5,3.5,-0.23,94.0,0.0,0.0,1.0,-16.09,-8.92
EVT_00045,22.42306,69.82481,0,INDUSTRIAL_ROUTINE_FLARE,Jamnagar Refinery (Gujarat),TRAIN,GEM Refinery Stack Log,0.98,True,False,16.92,375.88,300.06,1500.0,56.98,75.83,0.38,2.0,1.0,1426.95,0.222,0.099,0.532,0.024,0.8321389056471806,0.7489250150824626,0.0,16.5,3.5,0.12,117.0,0.0,0.0,1.0,-16.09,-8.92
EVT_00046,22.41332,69.92084,0,INDUSTRIAL_ROUTINE_FLARE,Jamnagar Refinery (Gujarat),TRAIN,GEM Refinery Stack Log,0.98,True,False,25.39,367.53,304.74,1500.0,44.44,62.79,9.62,2.0,0.0,1416.28,0.456,0.501,0.0,0.002,0.8364069145142613,0.7527662230628351,1.0,16.5,3.5,2.54,132.0,0.0,0.0,1.0,-16.09,-8.92
EVT_00047,22.44546,69.92908,0,INDUSTRIAL_ROUTINE_FLARE,Jamnagar Refinery (Gujarat),TRAIN,GEM Refinery Stack Log,0.98,True,False,16.01,360.69,304.15,1500.0,35.76,56.54,10.78,2.0,0.0,1415.39,0.115,0.026,0.0,0.569,0.896108802468782,0.8064979222219039,0.0,16.5,3.5,-0.14,96.0,0.0,0.0,1.0,-16.09,-8.92
EVT_00048,22.40676,69.83111,0,INDUSTRIAL_ROUTINE_FLARE,Jamnagar Refinery (Gujarat),TRAIN,GEM Refinery Stack Log,0.98,True,False,17.32,358.96,305.37,1500.0,33.79,53.59,1.6,2.0,0.0,1426.24,0.022,0.978,0.0,0.0,0.8868654947061126,0.7981789452355014,0.0,16.5,3.5,0.23,148.0,0.0,0.0,1.0,-16.09,-8.92
EVT_00049,22.40387,69.85914,0,INDUSTRIAL_ROUTINE_FLARE,Jamnagar Refinery (Gujarat),TRAIN,GEM Refinery Stack Log,0.98,True,False,35.06,367.27,302.61,1500.0,44.06,64.66,3.75,2.0,0.0,1423.13,0.013,0.73,0.06,0.013,0.8946875776246572,0.8052188198621916,0.0,16.5,3.5,5.3,128.0,0.0,0.0,1.0,-16.09,-8.92
EVT_00050,22.34479,69.8275,0,INDUSTRIAL_ROUTINE_FLARE,Jamnagar Refinery (Gujarat),TRAIN,GEM Refinery Stack Log,0.98,True,False,24.98,373.11,305.37,1500.0,52.6,67.73,8.45,2.0,0.0,1426.63,0.0,0.208,0.0,0.417,0.9379236285589108,0.8441312657030197,1.0,16.5,3.5,2.42,101.0,0.0,0.0,1.0,-16.09,-8.92
EVT_00051,22.44348,69.88416,0,INDUSTRIAL_ROUTINE_FLARE,Jamnagar Refinery (Gujarat),TRAIN,GEM Refinery Stack Log,0.98,True,False,26.76,365.63,303.25,1500.0,41.87,62.38,6.34,2.0,0.0,1420.38,0.0,1.0,0.0,0.0,0.8652182950093882,0.7786964655084494,1.0,16.5,3.5,2.93,68.0,0.0,0.0,1.0,-16.09,-8.92
EVT_00052,22.39957,69.90054,0,INDUSTRIAL_ROUTINE_FLARE,Jamnagar Refinery (Gujarat),TRAIN,GEM Refinery Stack Log,0.98,True,False,34.6,373.08,301.57,1500.0,52.51,71.51,7.86,2.0,0.0,1418.53,0.0,0.511,0.012,0.062,0.9772002127645741,0.8794801914881167,0.0,16.5,3.5,5.17,129.0,0.0,0.0,1.0,-16.09,-8.92
EVT_00053,22.37426,69.93513,0,INDUSTRIAL_ROUTINE_FLARE,Jamnagar Refinery (Gujarat),TRAIN,GEM Refinery Stack Log,0.98,True,False,16.0,375.35,300.36,1500.0,56.11,74.99,12.21,2.0,0.0,1414.68,0.118,0.882,0.0,0.0,0.8460505058038197,0.7614454552234378,0.0,16.5,3.5,-0.14,104.0,0.0,0.0,1.0,-16.09,-8.92
EVT_00054,22.37935,69.8599,0,INDUSTRIAL_ROUTINE_FLARE,Jamnagar Refinery (Gujarat),TRAIN,GEM Refinery Stack Log,0.98,True,True,23.59,367.26,300.52,1500.0,44.02,66.74,5.68,2.0,0.0,1423.04,0.724,0.258,0.0,0.0,0.896673753019432,0.8070063777174888,0.0,16.5,3.5,2.03,122.0,0.5112,0.2262,0.6708,-16.09,-8.92
EVT_00055,22.35036,69.86842,0,INDUSTRIAL_ROUTINE_FLARE,Jamnagar Refinery (Gujarat),TRAIN,GEM Refinery Stack Log,0.98,True,False,25.34,347.05,306.43,1500.0,22.25,40.62,8.89,2.0,0.0,1422.09,0.0,0.001,0.809,0.146,0.9755801337508542,0.8780221203757688,0.0,16.5,3.5,2.53,106.0,0.0,0.0,1.0,-16.09,-8.92
EVT_00056,22.38244,69.90442,0,INDUSTRIAL_ROUTINE_FLARE,Jamnagar Refinery (Gujarat),TRAIN,GEM Refinery Stack Log,0.98,True,False,19.18,368.32,303.16,1500.0,45.51,65.15,8.98,2.0,0.0,1418.09,0.034,0.784,0.0,0.004,0.9058797276270525,0.8152917548643472,0.0,16.5,3.5,0.77,90.0,0.0,0.0,1.0,-16.09,-8.92
EVT_00057,22.43029,69.84544,0,INDUSTRIAL_ROUTINE_FLARE,Jamnagar Refinery (Gujarat),TRAIN,GEM Refinery Stack Log,0.98,True,False,14.79,364.0,301.2,1500.0,39.75,62.8,2.12,2.0,0.0,1424.66,0.078,0.248,0.64,0.002,0.8471320129593927,0.7624188116634534,1.0,16.5,3.5,-0.49,95.0,0.0,0.0,1.0,-16.09,-8.92
EVT_00058,22.30566,69.8516,0,INDUSTRIAL_ROUTINE_FLARE,Jamnagar Refinery (Gujarat),TRAIN,GEM Refinery Stack Log,0.98,True,False,39.65,359.69,303.45,1500.0,34.6,56.23,11.7,2.0,0.0,1423.96,0.0,0.61,0.0,0.0,0.9772421488959205,0.8795179340063285,0.0,16.5,3.5,6.62,76.0,0.0,0.0,1.0,-16.09,-8.92
EVT_00059,22.35741,69.81398,0,INDUSTRIAL_ROUTINE_FLARE,Jamnagar Refinery (Gujarat),TRAIN,GEM Refinery Stack Log,0.98,True,False,15.0,354.4,305.04,1500.0,28.95,49.36,7.19,2.0,0.0,1428.13,0.257,0.305,0.129,0.15,0.7952400759198327,0.7157160683278494,0.0,16.5,3.5,-0.43,128.0,0.0,0.0,1.0,-16.09,-8.92
EVT_00060,22.33379,69.9341,0,INDUSTRIAL_ROUTINE_FLARE,Jamnagar Refinery (Gujarat),TRAIN,GEM Refinery Stack Log,0.98,True,False,44.55,373.26,301.59,1500.0,52.79,71.66,14.61,2.0,0.0,1414.8,0.048,0.875,0.0,0.004,0.8100833782207056,0.7290750403986351,0.0,16.5,3.5,8.01,122.0,0.0,0.0,1.0,-16.09,-8.92
EVT_00061,22.42037,69.85687,0,INDUSTRIAL_ROUTINE_FLARE,Jamnagar Refinery (Gujarat),TRAIN,GEM Refinery Stack Log,0.98,True,False,14.26,360.14,303.33,1500.0,35.12,56.81,3.01,2.0,0.0,1423.39,0.024,0.035,0.711,0.024,0.8067704237601266,0.726093381384114,1.0,16.5,3.5,-0.64,114.0,0.0,0.0,1.0,-16.09,-8.92
EVT_00062,22.38908,69.88058,0,INDUSTRIAL_ROUTINE_FLARE,Jamnagar Refinery (Gujarat),TRAIN,GEM Refinery Stack Log,0.98,True,True,34.27,375.61,303.94,1500.0,56.59,71.68,6.49,2.0,0.0,1420.74,0.0,1.0,0.0,0.0,0.9499294781354822,0.8549365303219341,1.0,16.5,3.5,5.08,137.0,0.0718,-0.02,0.8538,-16.09,-8.92
EVT_00063,22.35702,69.84273,0,INDUSTRIAL_ROUTINE_FLARE,Jamnagar Refinery (Gujarat),TRAIN,GEM Refinery Stack Log,0.98,True,False,28.74,358.9,300.99,1500.0,33.69,57.91,7.26,2.0,0.0,1424.94,0.41,0.171,0.29,0.028,0.9313998264344457,0.8382598437910012,1.0,16.5,3.5,3.5,131.0,0.0,0.0,1.0,-16.09,-8.92
EVT_00064,22.37994,69.85509,0,INDUSTRIAL_ROUTINE_FLARE,Jamnagar Refinery (Gujarat),TRAIN,GEM Refinery Stack Log,0.98,True,True,16.57,373.93,302.73,1500.0,53.86,71.2,5.35,2.0,0.0,1423.57,0.38,0.246,0.109,0.007,0.9432771470426125,0.8489494323383512,0.0,16.5,3.5,0.02,116.0,0.2775,-0.0061,0.7346,-16.09,-8.92
EVT_00065,22.36029,69.95887,0,INDUSTRIAL_ROUTINE_FLARE,Jamnagar Refinery (Gujarat),TRAIN,GEM Refinery Stack Log,0.98,True,False,21.14,374.78,301.83,1500.0,55.2,72.95,15.08,2.0,0.0,1412.05,0.001,0.945,0.0,0.0,0.9410089335038724,0.8469080401534852,0.0,16.5,3.5,1.33,123.0,0.0,0.0,1.0,-16.09,-8.92
EVT_00066,22.31942,69.92055,0,INDUSTRIAL_ROUTINE_FLARE,Jamnagar Refinery (Gujarat),TRAIN,GEM Refinery Stack Log,0.98,True,False,17.0,371.2,302.59,1500.0,49.67,68.61,14.78,2.0,0.0,1416.3,0.045,0.001,0.421,0.372,0.8827978978319622,0.794518108048766,0.0,16.5,3.5,0.14,89.0,0.0,0.0,1.0,-16.09,-8.92
EVT_00067,22.41435,69.88157,0,INDUSTRIAL_ROUTINE_FLARE,Jamnagar Refinery (Gujarat),TRAIN,GEM Refinery Stack Log,0.98,True,False,16.09,364.9,305.39,1500.0,40.93,59.51,5.59,2.0,0.0,1420.64,0.036,0.461,0.359,0.039,0.8718271512476523,0.7846444361228871,0.0,16.5,3.5,-0.12,112.0,0.0,0.0,1.0,-16.09,-8.92
EVT_00068,22.33982,69.84892,0,INDUSTRIAL_ROUTINE_FLARE,Jamnagar Refinery (Gujarat),TRAIN,GEM Refinery Stack Log,0.98,True,False,19.39,352.26,305.74,1500.0,26.88,46.52,9.27,2.0,0.0,1424.25,0.026,0.003,0.952,0.008,0.8720238317967144,0.784821448617043,0.0,16.5,3.5,0.83,134.0,0.0,0.0,1.0,-16.09,-8.92
EVT_00069,22.39283,69.8371,0,INDUSTRIAL_ROUTINE_FLARE,Jamnagar Refinery (Gujarat),TRAIN,GEM Refinery Stack Log,0.98,True,False,29.9,361.4,299.82,1500.0,36.57,61.58,3.26,2.0,0.0,1425.57,0.032,0.462,0.0,0.001,0.8747923280525745,0.7873130952473171,0.0,16.5,3.5,3.83,109.0,0.0,0.0,1.0,-16.09,-8.92
EVT_00070,22.3322,69.88764,0,INDUSTRIAL_ROUTINE_FLARE,Jamnagar Refinery (Gujarat),TRAIN,GEM Refinery Stack Log,0.98,True,False,16.99,361.48,306.14,1500.0,36.7,55.34,11.63,2.0,0.0,1419.95,0.012,0.014,0.91,0.018,0.7863609362970331,0.7077248426673298,0.0,16.5,3.5,0.14,64.0,0.0,0.0,1.0,-16.09,-8.92
EVT_00071,22.32981,69.8633,0,INDUSTRIAL_ROUTINE_FLARE,Jamnagar Refinery (Gujarat),TRAIN,GEM Refinery Stack Log,0.98,True,False,22.21,365.4,296.15,1500.0,41.51,69.25,10.76,2.0,0.0,1422.66,0.003,0.0,0.928,0.065,0.7878624279682198,0.7090761851713978,0.0,16.5,3.5,1.63,145.0,0.0,0.0,1.0,-16.09,-8.92
EVT_00072,22.4098,69.84829,0,INDUSTRIAL_ROUTINE_FLARE,Jamnagar Refinery (Gujarat),TRAIN,GEM Refinery Stack Log,0.98,True,False,15.64,359.85,304.74,1500.0,34.79,55.11,2.45,2.0,0.0,1424.34,0.002,0.95,0.0,0.0,0.8540944205582764,0.7686849785024488,0.0,16.5,3.5,-0.24,149.0,0.0,0.0,1.0,-16.09,-8.92
EVT_00073,22.38672,69.9259,0,INDUSTRIAL_ROUTINE_FLARE,Jamnagar Refinery (Gujarat),TRAIN,GEM Refinery Stack Log,0.98,True,False,15.12,363.23,303.38,1500.0,38.81,59.85,10.79,2.0,0.0,1415.71,0.048,0.848,0.002,0.0,0.8066233857174957,0.7259610471457462,0.0,16.5,3.5,-0.39,82.0,0.0,0.0,1.0,-16.09,-8.92
EVT_00074,22.48776,69.90919,0,INDUSTRIAL_ROUTINE_FLARE,Jamnagar Refinery (Gujarat),TRAIN,GEM Refinery Stack Log,0.98,True,False,19.32,364.1,300.13,1500.0,39.88,63.97,11.21,2.0,0.0,1417.64,0.0,0.0,0.0,0.0,0.828494100726946,0.7456446906542514,1.0,16.5,3.5,0.81,87.0,0.0,0.0,1.0,-16.09,-8.92
EVT_00075,22.35737,69.83215,0,INDUSTRIAL_ROUTINE_FLARE,Jamnagar Refinery (Gujarat),TRAIN,GEM Refinery Stack Log,0.98,True,False,24.9,376.81,305.64,1500.0,58.61,71.17,7.07,2.0,0.0,1426.11,0.0,0.011,0.743,0.193,0.8796884397858115,0.7917195958072303,1.0,16.5,3.5,2.4,145.0,0.0,0.0,1.0,-16.09,-8.92
EVT_00076,22.43331,69.88886,0,INDUSTRIAL_ROUTINE_FLARE,Jamnagar Refinery (Gujarat),TRAIN,GEM Refinery Stack Log,0.98,True,False,16.34,357.74,302.43,1500.0,32.43,55.31,6.45,2.0,0.0,1419.85,0.005,0.826,0.0,0.003,0.8526164592797271,0.7673548133517544,0.0,16.5,3.5,-0.05,118.0,0.0,0.0,1.0,-16.09,-8.92
EVT_00077,22.33105,69.8897,0,INDUSTRIAL_ROUTINE_FLARE,Jamnagar Refinery (Gujarat),TRAIN,GEM Refinery Stack Log,0.98,True,False,15.45,360.45,301.54,1500.0,35.46,58.91,11.85,2.0,0.0,1419.72,0.001,0.011,0.928,0.034,0.8370190337387694,0.7533171303648925,1.0,16.5,3.5,-0.3,114.0,0.0,0.0,1.0,-16.09,-8.92
EVT_00078,22.40791,69.87508,0,INDUSTRIAL_ROUTINE_FLARE,Jamnagar Refinery (Gujarat),TRAIN,GEM Refinery Stack Log,0.98,True,False,26.04,377.57,302.78,1500.0,59.86,74.79,5.09,2.0,0.0,1421.36,0.212,0.465,0.165,0.064,0.9236914541673107,0.8313223087505797,0.0,16.5,3.5,2.72,85.0,0.0,0.0,1.0,-16.09,-8.92
EVT_00079,22.41266,69.84334,0,INDUSTRIAL_ROUTINE_FLARE,Jamnagar Refinery (Gujarat),TRAIN,GEM Refinery Stack Log,0.98,True,False,17.88,361.05,299.99,1500.0,36.15,61.05,1.85,2.0,0.0,1424.89,0.0,0.398,0.0,0.003,0.881522075736891,0.7933698681632019,1.0,16.5,3.5,0.39,106.0,0.0,0.0,1.0,-16.09,-8.92
EVT_00080,22.41456,69.89675,0,INDUSTRIAL_ROUTINE_FLARE,Jamnagar Refinery (Gujarat),TRAIN,GEM Refinery Stack Log,0.98,True,False,32.82,365.09,300.37,1500.0,41.14,64.72,7.14,2.0,0.0,1418.96,0.04,0.729,0.0,0.022,0.8441284384319029,0.7597155945887126,0.0,16.5,3.5,4.66,65.0,0.0,0.0,1.0,-16.09,-8.92
EVT_00081,22.34989,69.85654,0,INDUSTRIAL_ROUTINE_FLARE,Jamnagar Refinery (Gujarat),TRAIN,GEM Refinery Stack Log,0.98,True,False,16.06,372.04,301.27,1500.0,50.92,70.77,8.43,2.0,0.0,1423.4,0.0,0.216,0.406,0.073,0.9163005444447858,0.8246704900003072,0.0,16.5,3.5,-0.13,134.0,0.0,0.0,1.0,-16.09,-8.92
EVT_00082,22.46365,69.84885,0,INDUSTRIAL_ROUTINE_FLARE,Jamnagar Refinery (Gujarat),TRAIN,GEM Refinery Stack Log,0.98,True,False,27.31,363.51,303.48,1500.0,39.16,60.03,5.24,2.0,0.0,1424.31,0.0,0.0,0.0,0.0,0.9291949051097437,0.8362754145987693,0.0,16.5,3.5,3.09,134.0,0.0,0.0,1.0,-16.09,-8.92
EVT_00083,22.38303,69.86455,0,INDUSTRIAL_ROUTINE_FLARE,Jamnagar Refinery (Gujarat),TRAIN,GEM Refinery Stack Log,0.98,True,True,15.05,373.17,303.76,1500.0,52.69,69.41,5.66,2.0,0.0,1422.52,0.015,0.006,0.761,0.06,0.9390534623719781,0.8451481161347802,1.0,16.5,3.5,-0.41,89.0,0.0398,-0.2587,0.9837,-16.09,-8.92
EVT_00084,22.36451,69.88605,0,INDUSTRIAL_ROUTINE_FLARE,Jamnagar Refinery (Gujarat),TRAIN,GEM Refinery Stack Log,0.98,True,True,30.69,369.57,299.13,1500.0,47.24,70.45,8.68,2.0,0.0,1420.13,0.0,0.018,0.574,0.296,0.843239316459299,0.7589153848133691,0.0,16.5,3.5,4.05,77.0,0.0144,-0.0222,0.9294,-16.09,-8.92
EVT_00085,22.37125,69.91554,0,INDUSTRIAL_ROUTINE_FLARE,Jamnagar Refinery (Gujarat),TRAIN,GEM Refinery Stack Log,0.98,True,False,16.51,360.27,296.31,1500.0,35.21,63.96,10.59,2.0,0.0,1416.86,0.632,0.2,0.007,0.003,0.9295218760352503,0.8365696884317253,0.0,16.5,3.5,0.0,84.0,0.0,0.0,1.0,-16.09,-8.92
EVT_00086,22.33763,69.81353,0,INDUSTRIAL_ROUTINE_FLARE,Jamnagar Refinery (Gujarat),TRAIN,GEM Refinery Stack Log,0.98,True,False,15.82,359.77,303.16,1500.0,34.69,56.61,7.69,2.0,0.0,1428.18,0.0,0.575,0.01,0.13,0.8885698621226817,0.7997128759104136,0.0,16.5,3.5,-0.19,126.0,0.0,0.0,1.0,-16.09,-8.92
EVT_00087,22.32825,69.91003,0,INDUSTRIAL_ROUTINE_FLARE,Jamnagar Refinery (Gujarat),TRAIN,GEM Refinery Stack Log,0.98,True,False,20.77,367.37,301.75,1500.0,44.19,65.62,13.33,2.0,0.0,1417.47,0.307,0.178,0.0,0.259,0.8866922183952644,0.7980229965557379,0.0,16.5,3.5,1.22,95.0,0.0,0.0,1.0,-16.09,-8.92
EVT_00088,22.41395,69.89523,0,INDUSTRIAL_ROUTINE_FLARE,Jamnagar Refinery (Gujarat),TRAIN,GEM Refinery Stack Log,0.98,True,False,22.76,362.54,301.72,1500.0,37.94,60.81,6.99,2.0,0.0,1419.13,0.007,0.864,0.0,0.014,0.8787962974261725,0.7909166676835553,0.0,16.5,3.5,1.79,97.0,0.0,0.0,1.0,-16.09,-8.92
EVT_00089,22.30143,69.89365,0,INDUSTRIAL_ROUTINE_FLARE,Jamnagar Refinery (Gujarat),TRAIN,GEM Refinery Stack Log,0.98,True,False,18.88,380.8,300.2,1500.0,65.56,80.6,14.91,2.0,0.0,1419.29,0.0,0.743,0.0,0.027,0.8879721274225674,0.7991749146803107,0.0,16.5,3.5,0.68,127.0,0.0,0.0,1.0,-16.09,-8.92
EVT_00090,22.41373,69.90407,0,INDUSTRIAL_ROUTINE_FLARE,Jamnagar Refinery (Gujarat),TRAIN,GEM Refinery Stack Log,0.98,True,False,19.48,374.7,306.03,1500.0,55.13,68.68,7.9,2.0,0.0,1418.15,0.11,0.785,0.0,0.038,0.8303598117813905,0.7473238306032515,0.0,16.5,3.5,0.85,70.0,0.0,0.0,1.0,-16.09,-8.92
EVT_00091,22.37608,69.88142,0,INDUSTRIAL_ROUTINE_FLARE,Jamnagar Refinery (Gujarat),TRAIN,GEM Refinery Stack Log,0.98,True,True,16.38,362.15,298.64,1500.0,37.46,63.51,7.44,2.0,0.0,1420.64,0.045,0.194,0.347,0.199,0.9029900526305309,0.8126910473674778,0.0,16.5,3.5,-0.04,121.0,0.301,-0.3158,1.1561,-16.09,-8.92
EVT_00092,22.37059,69.8546,0,INDUSTRIAL_ROUTINE_FLARE,Jamnagar Refinery (Gujarat),TRAIN,GEM Refinery Stack Log,0.98,True,True,14.75,369.5,307.69,1500.0,47.23,61.81,6.24,2.0,0.0,1423.62,0.686,0.145,0.089,0.011,0.9637501044521493,0.8673750940069344,0.0,16.5,3.5,-0.5,96.0,0.442,0.1906,0.7341,-16.09,-8.92
EVT_00093,22.35233,69.8865,0,INDUSTRIAL_ROUTINE_FLARE,Jamnagar Refinery (Gujarat),TRAIN,GEM Refinery Stack Log,0.98,True,False,17.86,378.17,307.04,1500.0,60.97,71.14,9.73,2.0,0.0,1420.08,0.001,0.054,0.478,0.306,0.9272888471249445,0.8345599624124501,0.0,16.5,3.5,0.39,145.0,0.0,0.0,1.0,-16.09,-8.92
EVT_00094,22.35804,69.85266,0,INDUSTRIAL_ROUTINE_FLARE,Jamnagar Refinery (Gujarat),TRAIN,GEM Refinery Stack Log,0.98,True,True,16.83,367.93,301.83,1500.0,44.96,66.1,7.44,2.0,0.0,1423.83,0.0,0.018,0.605,0.099,0.8422888528091282,0.7580599675282155,1.0,16.5,3.5,0.09,74.0,0.0098,-0.0262,0.9226,-16.09,-8.92
EVT_00095,22.35942,69.86533,0,INDUSTRIAL_ROUTINE_FLARE,Jamnagar Refinery (Gujarat),TRAIN,GEM Refinery Stack Log,0.98,True,True,14.03,372.5,301.25,1500.0,51.61,71.25,7.85,2.0,0.0,1422.43,0.11,0.121,0.503,0.058,0.8466998343382288,0.762029850904406,0.0,16.5,3.5,-0.71,84.0,0.0656,-0.0008,0.8206,-16.09,-8.92
EVT_00096,22.32555,69.77254,0,INDUSTRIAL_ROUTINE_FLARE,Jamnagar Refinery (Gujarat),TRAIN,GEM Refinery Stack Log,0.98,False,False,14.23,366.13,305.33,1500.0,42.55,60.8,3.36,2.0,0.0,1432.73,0.0,0.0,0.0,0.0,0.9625498925758258,0.8662949033182432,1.0,16.5,3.5,-0.65,84.0,0.0,0.0,1.0,-16.09,-8.92
EVT_00097,22.28561,69.8681,0,INDUSTRIAL_ROUTINE_FLARE,Jamnagar Refinery (Gujarat),TRAIN,GEM Refinery Stack Log,0.98,False,False,20.08,363.38,305.09,1500.0,39.01,58.29,13.6,2.0,0.0,1422.14,0.0,0.0,0.0,0.0,0.906452857583906,0.8158075718255154,1.0,16.5,3.5,1.02,144.0,0.0,0.0,1.0,-16.09,-8.92
EVT_00098,22.39559,69.8705,0,INDUSTRIAL_ROUTINE_FLARE,Jamnagar Refinery (Gujarat),TRAIN,GEM Refinery Stack Log,0.98,True,True,27.79,380.94,298.11,1500.0,65.76,82.82,5.23,2.0,0.0,1421.86,0.156,0.666,0.132,0.028,0.8870139437867317,0.7983125494080585,1.0,16.5,3.5,3.23,130.0,0.0799,-0.0283,0.8674,-16.09,-8.92
EVT_00099,22.35629,69.87523,0,INDUSTRIAL_ROUTINE_FLARE,Jamnagar Refinery (Gujarat),TRAIN,GEM Refinery Stack Log,0.98,True,False,29.98,359.52,305.02,1500.0,34.42,54.5,8.69,2.0,0.0,1421.33,0.08,0.233,0.135,0.022,0.8210279280964015,0.7389251352867613,1.0,16.5,3.5,3.85,104.0,0.0,0.0,1.0,-16.09,-8.92
EVT_00100,22.41801,69.85619,0,INDUSTRIAL_ROUTINE_FLARE,Jamnagar Refinery (Gujarat),TRAIN,GEM Refinery Stack Log,0.98,True,False,22.76,353.44,305.1,1500.0,28.01,48.34,2.96,2.0,0.0,1423.46,0.065,0.076,0.421,0.115,0.8855295460289572,0.7969765914260615,0.0,16.5,3.5,1.79,97.0,0.0,0.0,1.0,-16.09,-8.92
EVT_00101,22.36752,69.87834,0,INDUSTRIAL_ROUTINE_FLARE,Jamnagar Refinery (Gujarat),TRAIN,GEM Refinery Stack Log,0.98,True,True,23.8,361.03,302.34,1500.0,36.14,58.69,7.89,2.0,0.0,1420.99,0.3,0.086,0.271,0.07,0.8344603709440599,0.7510143338496539,0.0,16.5,3.5,2.08,93.0,0.294,0.1029,0.7262,-16.09,-8.92
EVT_00102,22.36733,69.86756,0,INDUSTRIAL_ROUTINE_FLARE,Jamnagar Refinery (Gujarat),TRAIN,GEM Refinery Stack Log,0.98,True,True,21.53,368.4,300.68,1500.0,45.6,67.72,7.23,2.0,0.0,1422.18,0.257,0.241,0.105,0.171,0.7854191985006967,0.7068772786506271,1.0,16.5,3.5,1.44,147.0,0.3651,0.0465,0.8981,-16.09,-8.92
EVT_00103,22.38089,69.82062,0,INDUSTRIAL_ROUTINE_FLARE,Jamnagar Refinery (Gujarat),TRAIN,GEM Refinery Stack Log,0.98,True,False,19.9,353.04,306.03,1500.0,27.62,47.01,4.49,2.0,0.0,1427.4,0.008,0.931,0.0,0.0,0.9574920965027006,0.8617428868524306,0.0,16.5,3.5,0.97,67.0,0.0,0.0,1.0,-16.09,-8.92
EVT_00104,22.37159,69.85688,0,INDUSTRIAL_ROUTINE_FLARE,Jamnagar Refinery (Gujarat),TRAIN,GEM Refinery Stack Log,0.98,True,True,26.41,369.98,304.33,1500.0,47.88,65.64,6.25,2.0,0.0,1423.37,0.911,0.081,0.002,0.0,0.8594367059236909,0.7734930353313219,0.0,16.5,3.5,2.83,144.0,0.52,0.2751,0.6677,-16.09,-8.92
EVT_00105,22.32074,69.83848,0,INDUSTRIAL_ROUTINE_FLARE,Jamnagar Refinery (Gujarat),TRAIN,GEM Refinery Stack Log,0.98,True,False,23.32,366.62,300.85,1500.0,43.16,65.76,10.15,2.0,0.0,1425.41,0.025,0.968,0.0,0.0,0.9496256190933767,0.8546630571840391,1.0,16.5,3.5,1.95,78.0,0.0,0.0,1.0,-16.09,-8.92
EVT_00106,22.32156,69.93176,0,INDUSTRIAL_ROUTINE_FLARE,Jamnagar Refinery (Gujarat),TRAIN,GEM Refinery Stack Log,0.98,True,False,17.34,356.31,300.55,1500.0,30.89,55.76,15.38,2.0,0.0,1415.06,0.008,0.601,0.015,0.004,0.8980589885029615,0.8082530896526654,1.0,16.5,3.5,0.24,64.0,0.0,0.0,1.0,-16.09,-8.92
EVT_00107,22.42148,69.84655,0,INDUSTRIAL_ROUTINE_FLARE,Jamnagar Refinery (Gujarat),TRAIN,GEM Refinery Stack Log,0.98,True,False,15.73,371.65,301.92,1500.0,50.33,69.73,1.95,2.0,0.0,1424.54,0.001,0.004,0.932,0.019,0.9749094530397739,0.8774185077357965,0.0,16.5,3.5,-0.22,140.0,0.0,0.0,1.0,-16.09,-8.92
EVT_00108,22.37868,69.90862,0,INDUSTRIAL_ROUTINE_FLARE,Jamnagar Refinery (Gujarat),TRAIN,GEM Refinery Stack Log,0.98,True,False,17.88,365.8,303.45,1500.0,42.1,62.35,9.56,2.0,0.0,1417.63,0.325,0.164,0.036,0.0,0.7844938616640235,0.7060444754976212,1.0,16.5,3.5,0.39,99.0,0.0,0.0,1.0,-16.09,-8.92
EVT_00109,22.3522,69.92673,0,INDUSTRIAL_ROUTINE_FLARE,Jamnagar Refinery (Gujarat),TRAIN,GEM Refinery Stack Log,0.98,True,False,17.83,369.32,299.4,1500.0,46.89,69.92,12.73,2.0,0.0,1415.61,0.097,0.502,0.0,0.104,0.8064552422250661,0.7258097180025596,0.0,16.5,3.5,0.38,146.0,0.0,0.0,1.0,-16.09,-8.92
EVT_00110,22.41326,69.88889,0,INDUSTRIAL_ROUTINE_FLARE,Jamnagar Refinery (Gujarat),TRAIN,GEM Refinery Stack Log,0.98,True,False,18.83,374.43,303.38,1500.0,54.66,71.05,6.36,2.0,0.0,1419.83,0.0,0.958,0.023,0.0,0.793435079983142,0.7140915719848279,0.0,16.5,3.5,0.66,135.0,0.0,0.0,1.0,-16.09,-8.92
EVT_00111,22.38896,69.90439,0,INDUSTRIAL_ROUTINE_FLARE,Jamnagar Refinery (Gujarat),TRAIN,GEM Refinery Stack Log,0.98,True,False,15.35,376.66,306.04,1500.0,58.36,70.62,8.65,2.0,0.0,1418.1,0.0,0.831,0.0,0.001,0.9628823891849919,0.8665941502664928,0.0,16.5,3.5,-0.33,121.0,0.0,0.0,1.0,-16.09,-8.92
EVT_00112,22.35813,69.87091,0,INDUSTRIAL_ROUTINE_FLARE,Jamnagar Refinery (Gujarat),TRAIN,GEM Refinery Stack Log,0.98,True,True,14.6,368.62,300.82,1500.0,45.91,67.8,8.27,2.0,0.0,1421.81,0.342,0.014,0.213,0.062,0.9006304218932777,0.81056737970395,1.0,16.5,3.5,-0.54,80.0,0.0785,0.0858,0.8256,-16.09,-8.92
EVT_00113,22.37212,69.91227,0,INDUSTRIAL_ROUTINE_FLARE,Jamnagar Refinery (Gujarat),TRAIN,GEM Refinery Stack Log,0.98,True,False,20.6,366.61,304.3,1500.0,43.18,62.32,10.25,2.0,0.0,1417.22,0.542,0.068,0.018,0.013,0.9698613594115532,0.8728752234703978,0.0,16.5,3.5,1.17,83.0,0.0,0.0,1.0,-16.09,-8.92
EVT_00114,22.38334,69.87627,0,INDUSTRIAL_ROUTINE_FLARE,Jamnagar Refinery (Gujarat),TRAIN,GEM Refinery Stack Log,0.98,True,True,14.37,369.25,298.44,1500.0,46.78,70.81,6.51,2.0,0.0,1421.22,0.022,0.965,0.003,0.0,0.8792732494402473,0.7913459244962227,0.0,16.5,3.5,-0.61,132.0,0.0797,-0.0375,0.8676,-16.09,-8.92
EVT_00115,22.36767,69.87849,0,INDUSTRIAL_ROUTINE_FLARE,Jamnagar Refinery (Gujarat),TRAIN,GEM Refinery Stack Log,0.98,True,True,18.79,366.26,302.0,1500.0,42.69,64.26,7.89,2.0,0.0,1420.97,0.298,0.086,0.254,0.062,0.9176804792855472,0.8259124313569924,0.0,16.5,3.5,0.65,98.0,0.2768,0.0912,0.736,-16.09,-8.92
EVT_00116,22.4145,69.84919,0,INDUSTRIAL_ROUTINE_FLARE,Jamnagar Refinery (Gujarat),TRAIN,GEM Refinery Stack Log,0.98,True,False,14.63,366.52,308.84,1500.0,43.09,57.68,2.33,2.0,0.0,1424.24,0.0,0.509,0.009,0.032,0.9716341586007861,0.8744707427407075,0.0,16.5,3.5,-0.53,80.0,0.0,0.0,1.0,-16.09,-8.92
EVT_00117,22.40817,69.90256,0,INDUSTRIAL_ROUTINE_FLARE,Jamnagar Refinery (Gujarat),TRAIN,GEM Refinery Stack Log,0.98,True,False,30.36,365.28,303.03,1500.0,41.41,62.24,7.83,2.0,0.0,1418.31,0.007,0.774,0.068,0.049,0.9093329838234326,0.8183996854410894,0.0,16.5,3.5,3.96,85.0,0.0,0.0,1.0,-16.09,-8.92
EVT_00118,22.40865,69.87468,0,INDUSTRIAL_ROUTINE_FLARE,Jamnagar Refinery (Gujarat),TRAIN,GEM Refinery Stack Log,0.98,True,False,38.8,368.13,302.36,1500.0,45.23,65.77,5.03,2.0,0.0,1421.4,0.229,0.578,0.076,0.014,0.9688532978226868,0.8719679680404181,0.0,16.5,3.5,6.37,98.0,0.0,0.0,1.0,-16.09,-8.92
EVT_00119,22.42748,69.77506,0,INDUSTRIAL_ROUTINE_FLARE,Jamnagar Refinery (Gujarat),TRAIN,GEM Refinery Stack Log,0.98,False,False,17.18,374.43,306.89,1500.0,54.71,67.54,5.45,2.0,0.0,1432.47,0.0,0.0,0.0,0.0,0.8921354388007028,0.8029218949206325,0.0,16.5,3.5,0.19,62.0,0.0,0.0,1.0,-16.09,-8.92
EVT_00120,22.34351,69.91473,0,INDUSTRIAL_ROUTINE_FLARE,Jamnagar Refinery (Gujarat),TRAIN,GEM Refinery Stack Log,0.98,True,False,16.65,363.17,303.4,1500.0,38.74,59.77,12.41,2.0,0.0,1416.95,0.0,0.0,0.0,0.0,0.8878982584750674,0.7991084326275607,0.0,16.5,3.5,0.04,84.0,0.0,0.0,1.0,-16.09,-8.92
EVT_00121,22.38509,69.92998,0,INDUSTRIAL_ROUTINE_FLARE,Jamnagar Refinery (Gujarat),TRAIN,GEM Refinery Stack Log,0.98,True,False,17.78,372.07,302.41,1500.0,50.97,69.66,11.25,2.0,0.0,1415.26,0.189,0.707,0.02,0.0,0.8723885701151175,0.7851497131036058,0.0,16.5,3.5,0.37,72.0,0.0,0.0,1.0,-16.09,-8.92
EVT_00122,22.40497,69.87165,0,INDUSTRIAL_ROUTINE_FLARE,Jamnagar Refinery (Gujarat),TRAIN,GEM Refinery Stack Log,0.98,True,False,17.6,373.56,300.95,1500.0,53.26,72.61,4.86,2.0,0.0,1421.74,0.188,0.66,0.001,0.005,0.8759751240607818,0.7883776116547037,0.0,16.5,3.5,0.31,115.0,0.0,0.0,1.0,-16.09,-8.92
EVT_00123,22.35628,69.81676,0,INDUSTRIAL_ROUTINE_FLARE,Jamnagar Refinery (Gujarat),TRAIN,GEM Refinery Stack Log,0.98,True,False,19.17,363.14,301.01,1500.0,38.68,62.13,7.26,2.0,0.0,1427.82,0.024,0.208,0.254,0.226,0.926454361436929,0.8338089252932361,1.0,16.5,3.5,0.76,104.0,0.0,0.0,1.0,-16.09,-8.92
EVT_00124,22.33294,69.83785,0,INDUSTRIAL_ROUTINE_FLARE,Jamnagar Refinery (Gujarat),TRAIN,GEM Refinery Stack Log,0.98,True,False,14.3,357.97,300.7,1500.0,32.67,57.27,9.83,2.0,0.0,1425.48,0.104,0.401,0.35,0.091,0.7835747869466828,0.7052173082520146,0.0,16.5,3.5,-0.63,132.0,0.0,0.0,1.0,-16.09,-8.92
EVT_00125,22.37142,69.83909,0,INDUSTRIAL_ROUTINE_FLARE,Jamnagar Refinery (Gujarat),TRAIN,GEM Refinery Stack Log,0.98,True,False,20.22,360.46,305.41,1500.0,35.5,55.05,5.62,2.0,0.0,1425.34,0.708,0.058,0.17,0.0,0.9764661030160163,0.8788194927144147,0.0,16.5,3.5,1.06,147.0,0.0,0.0,1.0,-16.09,-8.92
EVT_00126,22.46084,69.84676,0,INDUSTRIAL_ROUTINE_FLARE,Jamnagar Refinery (Gujarat),TRAIN,GEM Refinery Stack Log,0.98,True,False,19.03,373.17,307.86,1500.0,52.72,65.31,4.87,2.0,0.0,1424.54,0.0,0.0,0.0,0.0,0.8261339623435517,0.7435205661091966,1.0,16.5,3.5,0.72,149.0,0.0,0.0,1.0,-16.09,-8.92
EVT_00127,22.3964,69.88779,0,INDUSTRIAL_ROUTINE_FLARE,Jamnagar Refinery (Gujarat),TRAIN,GEM Refinery Stack Log,0.98,True,True,19.11,356.26,304.71,1500.0,30.85,51.54,6.76,2.0,0.0,1419.95,0.0,1.0,0.0,0.0,0.8994548144860682,0.8095093330374614,0.0,16.5,3.5,0.75,94.0,0.0747,0.0378,0.8388,-16.09,-8.92
EVT_00128,22.40786,69.9067,0,INDUSTRIAL_ROUTINE_FLARE,Jamnagar Refinery (Gujarat),TRAIN,GEM Refinery Stack Log,0.98,True,False,15.78,367.41,301.87,1500.0,44.24,65.53,8.26,2.0,0.0,1417.85,0.154,0.379,0.201,0.046,0.8247635229645246,0.7422871706680721,0.0,16.5,3.5,-0.21,132.0,0.0,0.0,1.0,-16.09,-8.92
EVT_00129,22.3014,69.83926,0,INDUSTRIAL_ROUTINE_FLARE,Jamnagar Refinery (Gujarat),TRAIN,GEM Refinery Stack Log,0.98,True,False,14.32,363.73,297.71,1500.0,39.39,66.02,10.57,2.0,0.0,1425.33,0.001,0.864,0.062,0.001,0.9504387066694016,0.8553948360024615,1.0,16.5,3.5,-0.62,138.0,0.0,0.0,1.0,-16.09,-8.92
EVT_00130,22.40305,69.94036,0,INDUSTRIAL_ROUTINE_FLARE,Jamnagar Refinery (Gujarat),TRAIN,GEM Refinery Stack Log,0.98,True,False,17.26,363.76,300.61,1500.0,39.45,63.16,11.76,2.0,0.0,1414.11,0.025,0.967,0.0,0.0,0.8319507567520652,0.7487556810768587,0.0,16.5,3.5,0.22,149.0,0.0,0.0,1.0,-16.09,-8.92
EVT_00131,22.39929,69.87136,0,INDUSTRIAL_ROUTINE_FLARE,Jamnagar Refinery (Gujarat),TRAIN,GEM Refinery Stack Log,0.98,True,True,30.59,365.3,306.09,1500.0,41.46,59.21,5.09,2.0,0.0,1421.77,0.286,0.305,0.297,0.03,0.8942637883839148,0.8048374095455234,0.0,16.5,3.5,4.03,99.0,0.0831,0.0054,0.8721,-16.09,-8.92
EVT_00132,22.32262,69.88619,0,INDUSTRIAL_ROUTINE_FLARE,Jamnagar Refinery (Gujarat),TRAIN,GEM Refinery Stack Log,0.98,True,False,21.52,366.68,303.92,1500.0,43.27,62.76,12.47,2.0,0.0,1420.12,0.253,0.035,0.475,0.085,0.9501163458188484,0.8551047112369636,0.0,16.5,3.5,1.43,100.0,0.0,0.0,1.0,-16.09,-8.92
EVT_00133,22.33909,69.84401,0,INDUSTRIAL_ROUTINE_FLARE,Jamnagar Refinery (Gujarat),TRAIN,GEM Refinery Stack Log,0.98,True,False,28.94,358.5,304.78,1500.0,33.27,53.72,9.24,2.0,0.0,1424.8,0.127,0.035,0.796,0.014,0.9722630576369815,0.8750367518732833,0.0,16.5,3.5,3.55,90.0,0.0,0.0,1.0,-16.09,-8.92
EVT_00134,22.37415,69.87513,0,INDUSTRIAL_ROUTINE_FLARE,Jamnagar Refinery (Gujarat),TRAIN,GEM Refinery Stack Log,0.98,True,True,15.23,373.45,300.55,1500.0,53.07,72.9,7.13,2.0,0.0,1421.34,0.0,0.259,0.391,0.167,0.9435934048238124,0.8492340643414311,0.0,16.5,3.5,-0.36,71.0,0.1352,0.0403,0.8268,-16.09,-8.92
EVT_00135,22.38669,69.87163,0,INDUSTRIAL_ROUTINE_FLARE,Jamnagar Refinery (Gujarat),TRAIN,GEM Refinery Stack Log,0.98,True,True,21.04,355.48,305.24,1500.0,30.05,50.24,5.91,2.0,0.0,1421.74,0.374,0.415,0.067,0.04,0.8879970759431711,0.799197368348854,0.0,16.5,3.5,1.3,129.0,0.3871,0.145,0.7381,-16.09,-8.92
EVT_00136,22.42152,69.86173,0,INDUSTRIAL_ROUTINE_FLARE,Jamnagar Refinery (Gujarat),TRAIN,GEM Refinery Stack Log,0.98,True,False,23.81,356.7,301.8,1500.0,31.31,54.9,3.51,2.0,0.0,1422.85,0.001,0.009,0.725,0.196,0.9377613963741488,0.843985256736734,1.0,16.5,3.5,2.09,127.0,0.0,0.0,1.0,-16.09,-8.92
EVT_00137,22.41758,69.83407,0,INDUSTRIAL_ROUTINE_FLARE,Jamnagar Refinery (Gujarat),TRAIN,GEM Refinery Stack Log,0.98,True,False,16.97,365.93,300.9,1500.0,42.25,65.03,0.76,2.0,1.0,1425.92,0.286,0.075,0.542,0.023,0.9041831035534954,0.8137647931981459,1.0,16.5,3.5,0.13,109.0,0.0,0.0,1.0,-16.09,-8.92
EVT_00138,22.45071,69.8441,0,INDUSTRIAL_ROUTINE_FLARE,Jamnagar Refinery (Gujarat),TRAIN,GEM Refinery Stack Log,0.98,True,False,14.48,353.06,307.15,1500.0,27.65,45.92,3.73,2.0,0.0,1424.83,0.469,0.078,0.0,0.405,0.9443025894814882,0.8498723305333393,0.0,16.5,3.5,-0.58,91.0,0.0,0.0,1.0,-16.09,-8.92
EVT_00139,22.40562,69.9078,0,INDUSTRIAL_ROUTINE_FLARE,Jamnagar Refinery (Gujarat),TRAIN,GEM Refinery Stack Log,0.98,True,False,54.96,353.09,301.78,1500.0,27.66,51.31,8.42,2.0,0.0,1417.73,0.096,0.277,0.624,0.0,0.8652362604471946,0.7787126344024752,0.0,16.5,3.5,10.99,98.0,0.0,0.0,1.0,-16.09,-8.92
EVT_00140,22.42545,69.87377,0,INDUSTRIAL_ROUTINE_FLARE,Jamnagar Refinery (Gujarat),TRAIN,GEM Refinery Stack Log,0.98,True,False,24.37,370.84,301.52,1500.0,49.11,69.32,4.77,2.0,0.0,1421.52,0.105,0.508,0.0,0.0,0.8260107366062868,0.7434096629456581,1.0,16.5,3.5,2.25,126.0,0.0,0.0,1.0,-16.09,-8.92
EVT_00141,22.40276,69.86653,0,INDUSTRIAL_ROUTINE_FLARE,Jamnagar Refinery (Gujarat),TRAIN,GEM Refinery Stack Log,0.98,True,False,17.55,377.93,299.79,1500.0,60.43,78.14,4.48,2.0,0.0,1422.31,0.014,0.942,0.012,0.003,0.834843040469734,0.7513587364227606,0.0,16.5,3.5,0.3,60.0,0.0,0.0,1.0,-16.09,-8.92
EVT_00142,22.42072,69.83747,0,INDUSTRIAL_ROUTINE_FLARE,Jamnagar Refinery (Gujarat),TRAIN,GEM Refinery Stack Log,0.98,True,False,28.18,359.54,304.92,1500.0,34.44,54.62,1.01,2.0,0.0,1425.54,0.573,0.067,0.251,0.002,0.9229848080404496,0.8306863272364047,0.0,16.5,3.5,3.34,139.0,0.0,0.0,1.0,-16.09,-8.92
EVT_00143,22.33745,69.8754,0,INDUSTRIAL_ROUTINE_FLARE,Jamnagar Refinery (Gujarat),TRAIN,GEM Refinery Stack Log,0.98,True,False,19.29,363.89,299.44,1500.0,39.6,64.45,10.49,2.0,0.0,1421.31,0.162,0.065,0.435,0.081,0.7835723784956639,0.7052151406460975,0.0,16.5,3.5,0.8,103.0,0.0,0.0,1.0,-16.09,-8.92
EVT_00144,22.42372,69.8872,0,INDUSTRIAL_ROUTINE_FLARE,Jamnagar Refinery (Gujarat),TRAIN,GEM Refinery Stack Log,0.98,True,False,14.94,357.78,302.85,1500.0,32.48,54.93,6.13,2.0,0.0,1420.02,0.254,0.454,0.02,0.059,0.9171130574457943,0.8254017517012149,0.0,16.5,3.5,-0.45,97.0,0.0,0.0,1.0,-16.09,-8.92
EVT_00145,22.35991,69.85375,0,INDUSTRIAL_ROUTINE_FLARE,Jamnagar Refinery (Gujarat),TRAIN,GEM Refinery Stack Log,0.98,True,True,20.25,355.71,306.46,1500.0,30.3,49.25,7.28,2.0,0.0,1423.71,0.002,0.0,0.908,0.069,0.8666493497943312,0.7799844148148981,0.0,16.5,3.5,1.07,140.0,0.018,-0.046,0.9123,-16.09,-8.92
EVT_00146,22.36417,69.78516,0,INDUSTRIAL_ROUTINE_FLARE,Jamnagar Refinery (Gujarat),TRAIN,GEM Refinery Stack Log,0.98,False,False,22.31,353.91,305.28,1500.0,28.47,48.63,6.33,2.0,0.0,1431.33,0.0,0.0,0.0,0.0,0.9520244794378409,0.8568220314940568,0.0,16.5,3.5,1.66,67.0,0.0,0.0,1.0,-16.09,-8.92
EVT_00147,22.41289,69.89961,0,INDUSTRIAL_ROUTINE_FLARE,Jamnagar Refinery (Gujarat),TRAIN,GEM Refinery Stack Log,0.98,True,False,18.61,362.74,303.14,1500.0,38.2,59.59,7.45,2.0,0.0,1418.64,0.04,0.803,0.0,0.0,0.8220699159837738,0.7398629243853964,0.0,16.5,3.5,0.6,99.0,0.0,0.0,1.0,-16.09,-8.92
EVT_00148,22.34933,69.87132,0,INDUSTRIAL_ROUTINE_FLARE,Jamnagar Refinery (Gujarat),TRAIN,GEM Refinery Stack Log,0.98,True,False,14.57,363.12,302.74,1500.0,38.66,60.37,9.13,2.0,0.0,1421.76,0.068,0.008,0.818,0.063,0.8593846552403193,0.7734461897162873,1.0,16.5,3.5,-0.55,149.0,0.0,0.0,1.0,-16.09,-8.92
EVT_00149,22.41461,69.89182,0,INDUSTRIAL_ROUTINE_FLARE,Jamnagar Refinery (Gujarat),TRAIN,GEM Refinery Stack Log,0.98,True,False,14.77,361.55,301.67,1500.0,36.75,59.88,6.64,2.0,0.0,1419.51,0.038,0.924,0.014,0.0,0.9072860499087273,0.8165574449178545,0.0,16.5,3.5,-0.49,65.0,0.0,0.0,1.0,-16.09,-8.92
EVT_00150,22.43956,69.91841,0,INDUSTRIAL_ROUTINE_FLARE,Jamnagar Refinery (Gujarat),TRAIN,GEM Refinery Stack Log,0.98,True,False,33.16,354.26,305.58,1500.0,28.82,48.68,9.56,2.0,0.0,1416.57,0.346,0.009,0.0,0.022,0.9694700925262077,0.872523083273587,0.0,16.5,3.5,4.76,143.0,0.0,0.0,1.0,-16.09,-8.92
EVT_00151,22.41673,69.85127,0,INDUSTRIAL_ROUTINE_FLARE,Jamnagar Refinery (Gujarat),TRAIN,GEM Refinery Stack Log,0.98,True,False,18.21,374.22,303.59,1500.0,54.33,70.63,2.47,2.0,0.0,1424.01,0.012,0.267,0.122,0.088,0.908715539039305,0.8178439851353745,0.0,16.5,3.5,0.49,73.0,0.0,0.0,1.0,-16.09,-8.92
EVT_00152,22.3572,69.85306,0,INDUSTRIAL_ROUTINE_FLARE,Jamnagar Refinery (Gujarat),TRAIN,GEM Refinery Stack Log,0.98,True,False,40.07,362.76,304.27,1500.0,38.23,58.49,7.54,2.0,0.0,1423.79,0.0,0.07,0.462,0.112,0.8473791583542214,0.7626412425187993,1.0,16.5,3.5,6.73,112.0,0.0,0.0,1.0,-16.09,-8.92
EVT_00153,22.37915,69.94498,0,INDUSTRIAL_ROUTINE_FLARE,Jamnagar Refinery (Gujarat),TRAIN,GEM Refinery Stack Log,0.98,True,False,15.82,377.09,304.31,1500.0,59.07,72.78,12.93,2.0,0.0,1413.59,0.001,0.999,0.0,0.0,0.9792667832113484,0.8813401048902136,0.0,16.5,3.5,-0.2,62.0,0.0,0.0,1.0,-16.09,-8.92
EVT_00154,22.37385,69.84341,0,INDUSTRIAL_ROUTINE_FLARE,Jamnagar Refinery (Gujarat),TRAIN,GEM Refinery Stack Log,0.98,True,False,15.59,362.11,298.76,1500.0,37.41,63.35,5.47,2.0,0.0,1424.86,0.248,0.065,0.605,0.002,0.9480904812553866,0.8532814331298479,1.0,16.5,3.5,-0.26,144.0,0.0,0.0,1.0,-16.09,-8.92
EVT_00155,22.41265,69.90056,0,INDUSTRIAL_ROUTINE_FLARE,Jamnagar Refinery (Gujarat),TRAIN,GEM Refinery Stack Log,0.98,True,False,17.25,351.95,300.3,1500.0,26.56,51.65,7.55,2.0,0.0,1418.53,0.096,0.613,0.0,0.0,0.9775299127472116,0.8797769214724904,1.0,16.5,3.5,0.21,108.0,0.0,0.0,1.0,-16.09,-8.92
EVT_00156,22.47078,69.88443,0,INDUSTRIAL_ROUTINE_FLARE,Jamnagar Refinery (Gujarat),TRAIN,GEM Refinery Stack Log,0.98,True,False,20.52,364.42,301.88,1500.0,40.3,62.54,8.06,2.0,0.0,1420.37,0.0,0.0,0.0,0.0,0.8995447130511729,0.8095902417460556,0.0,16.5,3.5,1.15,98.0,0.0,0.0,1.0,-16.09,-8.92
EVT_00157,22.40283,69.81483,0,INDUSTRIAL_ROUTINE_FLARE,Jamnagar Refinery (Gujarat),TRAIN,GEM Refinery Stack Log,0.98,True,False,23.25,375.34,307.14,1500.0,56.18,68.2,2.39,2.0,0.0,1428.05,0.003,0.771,0.0,0.001,0.8063135370254519,0.7256821833229068,0.0,16.5,3.5,1.93,146.0,0.0,0.0,1.0,-16.09,-8.92
EVT_00158,22.3315,69.92055,0,INDUSTRIAL_ROUTINE_FLARE,Jamnagar Refinery (Gujarat),TRAIN,GEM Refinery Stack Log,0.98,True,False,14.5,346.73,304.14,1500.0,21.99,42.6,13.78,2.0,0.0,1416.3,0.211,0.346,0.056,0.113,0.8674330777633653,0.7806897699870288,1.0,16.5,3.5,-0.57,73.0,0.0,0.0,1.0,-16.09,-8.92
EVT_00159,22.3018,69.87823,0,INDUSTRIAL_ROUTINE_FLARE,Jamnagar Refinery (Gujarat),TRAIN,GEM Refinery Stack Log,0.98,True,False,17.47,356.91,303.96,1500.0,31.54,52.95,14.22,2.0,0.0,1421.01,0.0,0.785,0.0,0.022,0.9738824644670575,0.8764942180203518,1.0,16.5,3.5,0.28,64.0,0.0,0.0,1.0,-16.09,-8.92
EVT_00160,22.41877,69.84522,0,INDUSTRIAL_ROUTINE_FLARE,Jamnagar Refinery (Gujarat),TRAIN,GEM Refinery Stack Log,0.98,True,False,14.53,354.11,302.18,1500.0,28.65,51.93,1.82,2.0,0.0,1424.68,0.029,0.107,0.601,0.113,0.8139515810175082,0.7325564229157574,0.0,16.5,3.5,-0.56,69.0,0.0,0.0,1.0,-16.09,-8.92
EVT_00161,22.34896,69.88484,0,INDUSTRIAL_ROUTINE_FLARE,Jamnagar Refinery (Gujarat),TRAIN,GEM Refinery Stack Log,0.98,True,False,34.77,380.33,299.22,1500.0,64.68,81.11,9.92,2.0,0.0,1420.26,0.0,0.074,0.254,0.458,0.8305055564150838,0.7474550007735755,0.0,16.5,3.5,5.22,87.0,0.0,0.0,1.0,-16.09,-8.92
EVT_00162,22.36874,69.94269,0,INDUSTRIAL_ROUTINE_FLARE,Jamnagar Refinery (Gujarat),TRAIN,GEM Refinery Stack Log,0.98,True,False,20.16,367.67,304.29,1500.0,44.63,63.38,13.17,2.0,0.0,1413.84,0.184,0.554,0.0,0.01,0.9536542561026518,0.8582888304923866,1.0,16.5,3.5,1.05,120.0,0.0,0.0,1.0,-16.09,-8.92
EVT_00163,22.36874,69.85421,0,INDUSTRIAL_ROUTINE_FLARE,Jamnagar Refinery (Gujarat),TRAIN,GEM Refinery Stack Log,0.98,True,True,15.78,366.04,301.57,1500.0,42.4,64.48,6.4,2.0,0.0,1423.66,0.238,0.218,0.307,0.014,0.8160020874945447,0.7344018787450902,1.0,16.5,3.5,-0.21,92.0,0.065,-0.0827,0.8706,-16.09,-8.92
EVT_00164,22.35939,69.87033,0,INDUSTRIAL_ROUTINE_FLARE,Jamnagar Refinery (Gujarat),TRAIN,GEM Refinery Stack Log,0.98,True,True,28.17,365.98,304.36,1500.0,42.33,61.62,8.12,2.0,0.0,1421.87,0.326,0.062,0.264,0.085,0.8709479711267718,0.7838531740140946,0.0,16.5,3.5,3.33,109.0,0.378,0.0949,0.801,-16.09,-8.92
EVT_00165,22.39498,69.79692,0,INDUSTRIAL_ROUTINE_FLARE,Jamnagar Refinery (Gujarat),TRAIN,GEM Refinery Stack Log,0.98,False,False,15.46,359.87,304.52,1500.0,34.81,55.35,4.27,2.0,0.0,1430.03,0.0,0.0,0.0,0.0,0.9261658949741752,0.8335493054767578,1.0,16.5,3.5,-0.3,64.0,0.0,0.0,1.0,-16.09,-8.92
EVT_00166,22.3764,69.86906,0,INDUSTRIAL_ROUTINE_FLARE,Jamnagar Refinery (Gujarat),TRAIN,GEM Refinery Stack Log,0.98,True,True,28.0,369.68,301.45,1500.0,47.42,68.23,6.52,2.0,0.0,1422.02,0.498,0.04,0.193,0.232,0.9337038729047582,0.8403334856142824,1.0,16.5,3.5,3.28,148.0,0.3699,0.0681,0.8032,-16.09,-8.92
EVT_00167,22.41869,69.91155,0,INDUSTRIAL_ROUTINE_FLARE,Jamnagar Refinery (Gujarat),TRAIN,GEM Refinery Stack Log,0.98,True,False,17.5,369.47,299.57,1500.0,47.1,69.9,8.63,2.0,0.0,1417.32,0.129,0.857,0.0,0.0,0.9102465954082984,0.8192219358674686,1.0,16.5,3.5,0.29,125.0,0.0,0.0,1.0,-16.09,-8.92
EVT_00168,22.37776,69.88151,0,INDUSTRIAL_ROUTINE_FLARE,Jamnagar Refinery (Gujarat),TRAIN,GEM Refinery Stack Log,0.98,True,True,19.86,367.25,304.27,1500.0,44.04,62.98,7.32,2.0,0.0,1420.64,0.0,0.249,0.195,0.372,0.9276898418502653,0.8349208576652387,0.0,16.5,3.5,0.96,63.0,0.1419,0.0232,0.761,-16.09,-8.92
EVT_00169,22.41664,69.88995,0,INDUSTRIAL_ROUTINE_FLARE,Jamnagar Refinery (Gujarat),TRAIN,GEM Refinery Stack Log,0.98,True,False,18.0,370.05,304.91,1500.0,47.99,65.14,6.43,2.0,0.0,1419.72,0.013,0.947,0.012,0.0,0.9435668432350043,0.8492101589115039,1.0,16.5,3.5,0.43,113.0,0.0,0.0,1.0,-16.09,-8.92
EVT_00170,22.33308,69.91076,0,INDUSTRIAL_ROUTINE_FLARE,Jamnagar Refinery (Gujarat),TRAIN,GEM Refinery Stack Log,0.98,True,False,19.8,374.37,307.76,1500.0,54.61,66.61,12.97,2.0,0.0,1417.39,0.306,0.23,0.0,0.0,0.8560839408465596,0.7704755467619037,0.0,16.5,3.5,0.94,92.0,0.0,0.0,1.0,-16.09,-8.92
EVT_00171,22.35764,69.82369,0,INDUSTRIAL_ROUTINE_FLARE,Jamnagar Refinery (Gujarat),TRAIN,GEM Refinery Stack Log,0.98,True,False,20.76,376.49,306.03,1500.0,58.09,70.46,7.03,2.0,0.0,1427.05,0.002,0.012,0.611,0.105,0.8726988087601145,0.7854289278841031,0.0,16.5,3.5,1.22,85.0,0.0,0.0,1.0,-16.09,-8.92
EVT_00172,22.32293,69.87598,0,INDUSTRIAL_ROUTINE_FLARE,Jamnagar Refinery (Gujarat),TRAIN,GEM Refinery Stack Log,0.98,True,False,19.58,348.08,301.4,1500.0,23.11,46.68,11.97,2.0,0.0,1421.25,0.0,0.0,0.951,0.047,0.9293751432271645,0.8364376289044481,0.0,16.5,3.5,0.88,102.0,0.0,0.0,1.0,-16.09,-8.92
EVT_00173,22.37116,69.88372,0,INDUSTRIAL_ROUTINE_FLARE,Jamnagar Refinery (Gujarat),TRAIN,GEM Refinery Stack Log,0.98,True,True,14.75,363.68,304.66,1500.0,39.38,59.02,7.99,2.0,0.0,1420.39,0.0,0.054,0.717,0.053,0.8771743518372651,0.7894569166535386,1.0,16.5,3.5,-0.5,111.0,0.0542,-0.0296,0.8545,-16.09,-8.92
EVT_00174,22.39828,69.87724,0,INDUSTRIAL_ROUTINE_FLARE,Jamnagar Refinery (Gujarat),TRAIN,GEM Refinery Stack Log,0.98,True,True,14.66,382.19,305.94,1500.0,68.27,76.25,5.68,2.0,0.0,1421.12,0.027,0.932,0.004,0.0,0.923527157181726,0.8311744414635533,0.0,16.5,3.5,-0.53,136.0,0.1127,0.0353,0.7864,-16.09,-8.92
EVT_00175,22.34561,69.86214,0,INDUSTRIAL_ROUTINE_FLARE,Jamnagar Refinery (Gujarat),TRAIN,GEM Refinery Stack Log,0.98,True,False,15.4,368.85,300.09,1500.0,46.23,68.76,9.08,2.0,0.0,1422.78,0.0,0.076,0.46,0.397,0.885032676733412,0.7965294090600709,0.0,16.5,3.5,-0.31,115.0,0.0,0.0,1.0,-16.09,-8.92
EVT_00176,22.36016,69.88849,0,INDUSTRIAL_ROUTINE_FLARE,Jamnagar Refinery (Gujarat),TRAIN,GEM Refinery Stack Log,0.98,True,True,14.64,363.99,305.39,1500.0,39.78,58.6,9.2,2.0,0.0,1419.86,0.027,0.08,0.353,0.021,0.9431497287008561,0.8488347558307705,0.0,16.5,3.5,-0.53,104.0,0.1044,0.1051,0.8428,-16.09,-8.92
EVT_00177,22.39652,69.87487,0,INDUSTRIAL_ROUTINE_FLARE,Jamnagar Refinery (Gujarat),TRAIN,GEM Refinery Stack Log,0.98,True,True,29.09,373.44,304.15,1500.0,53.11,69.29,5.56,2.0,0.0,1421.38,0.085,0.899,0.0,0.0,0.8256159543897865,0.7430543589508078,1.0,16.5,3.5,3.6,69.0,0.1183,-0.01,0.8508,-16.09,-8.92
EVT_00178,22.3638,69.83215,0,INDUSTRIAL_ROUTINE_FLARE,Jamnagar Refinery (Gujarat),TRAIN,GEM Refinery Stack Log,0.98,True,False,19.69,366.24,303.8,1500.0,42.67,62.44,6.36,2.0,0.0,1426.11,0.069,0.185,0.576,0.009,0.8311289995618545,0.7480160996056691,0.0,16.5,3.5,0.91,83.0,0.0,0.0,1.0,-16.09,-8.92
EVT_00179,22.36968,69.91367,0,INDUSTRIAL_ROUTINE_FLARE,Jamnagar Refinery (Gujarat),TRAIN,GEM Refinery Stack Log,0.98,True,False,20.84,360.29,303.84,1500.0,35.29,56.45,10.52,2.0,0.0,1417.06,0.153,0.356,0.015,0.0,0.8703535357474458,0.7833181821727012,0.0,16.5,3.5,1.24,106.0,0.0,0.0,1.0,-16.09,-8.92
EVT_00180,22.3976,69.85738,0,INDUSTRIAL_ROUTINE_FLARE,Jamnagar Refinery (Gujarat),TRAIN,GEM Refinery Stack Log,0.98,True,True,15.38,382.28,297.32,1500.0,68.24,84.95,4.0,2.0,0.0,1423.32,0.0,0.571,0.142,0.033,0.8424543572097593,0.7582089214887834,1.0,16.5,3.5,-0.32,130.0,0.1046,-0.0108,0.8627,-16.09,-8.92
EVT_00181,22.24621,73.18937,0,INDUSTRIAL_ROUTINE_FLARE,Vadodara Petrochemicals (Gujarat),TRAIN,WRI Chemical Facility Log,0.98,False,False,18.81,375.22,297.94,1500.0,55.85,77.27,11.65,2.0,0.0,1053.52,0.0,0.0,0.0,0.0,0.9775571040429775,0.8798013936386797,1.0,16.5,3.5,0.66,144.0,0.0,0.0,1.0,-10.08,-7.05
EVT_00182,22.27838,73.24638,0,INDUSTRIAL_ROUTINE_FLARE,Vadodara Petrochemicals (Gujarat),TRAIN,WRI Chemical Facility Log,0.98,False,False,14.11,376.96,301.76,1500.0,58.81,75.2,9.94,2.0,0.0,1047.16,0.0,0.0,0.0,0.0,0.8482180048948441,0.7633962044053597,0.0,16.5,3.5,-0.68,127.0,0.0,0.0,1.0,-10.08,-7.05
EVT_00183,22.31991,73.23699,0,INDUSTRIAL_ROUTINE_FLARE,Vadodara Petrochemicals (Gujarat),TRAIN,WRI Chemical Facility Log,0.98,False,False,14.63,362.35,302.39,1500.0,37.72,59.96,5.94,2.0,0.0,1048.18,0.0,0.0,0.0,0.0,0.9588381749328236,0.8629543574395413,1.0,16.5,3.5,-0.54,67.0,0.0,0.0,1.0,-10.08,-7.05
EVT_00184,22.2497,73.13722,0,INDUSTRIAL_ROUTINE_FLARE,Vadodara Petrochemicals (Gujarat),TRAIN,WRI Chemical Facility Log,0.98,False,False,26.48,357.84,309.24,1500.0,32.57,48.6,12.5,2.0,0.0,1059.31,0.0,0.0,0.0,0.0,0.9139205232267924,0.8225284709041132,1.0,16.5,3.5,2.85,91.0,0.0,0.0,1.0,-10.08,-7.05
EVT_00185,22.33609,73.1838,0,INDUSTRIAL_ROUTINE_FLARE,Vadodara Petrochemicals (Gujarat),TRAIN,WRI Chemical Facility Log,0.98,False,False,16.74,368.24,309.35,1500.0,45.44,58.88,1.78,2.0,0.0,1054.08,0.0,0.0,0.0,0.0,0.8466003826116396,0.7619403443504756,0.0,16.5,3.5,0.07,146.0,0.0,0.0,1.0,-10.08,-7.05
EVT_00186,22.24751,73.13346,0,INDUSTRIAL_ROUTINE_FLARE,Vadodara Petrochemicals (Gujarat),TRAIN,WRI Chemical Facility Log,0.98,False,False,16.84,364.91,303.34,1500.0,40.94,61.57,12.89,2.0,0.0,1059.73,0.0,0.0,0.0,0.0,0.896095001343335,0.8064855012090015,1.0,16.5,3.5,0.1,128.0,0.0,0.0,1.0,-10.08,-7.05
EVT_00187,22.31886,73.14778,0,INDUSTRIAL_ROUTINE_FLARE,Vadodara Petrochemicals (Gujarat),TRAIN,WRI Chemical Facility Log,0.98,False,False,14.71,366.19,298.76,1500.0,42.56,67.43,5.62,2.0,0.0,1058.08,0.0,0.0,0.0,0.0,0.870074187251637,0.7830667685264733,0.0,16.5,3.5,-0.51,76.0,0.0,0.0,1.0,-10.08,-7.05
EVT_00188,22.21825,73.16252,0,INDUSTRIAL_ROUTINE_FLARE,Vadodara Petrochemicals (Gujarat),TRAIN,WRI Chemical Facility Log,0.98,False,False,21.79,359.73,305.37,1500.0,34.65,54.36,15.03,2.0,0.0,1056.54,0.0,0.0,0.0,0.0,0.798585828875878,0.7187272459882903,1.0,16.5,3.5,1.51,131.0,0.0,0.0,1.0,-10.08,-7.05
EVT_00189,22.28154,73.19266,0,INDUSTRIAL_ROUTINE_FLARE,Vadodara Petrochemicals (Gujarat),TRAIN,WRI Chemical Facility Log,0.98,False,False,22.63,368.53,304.75,1500.0,45.81,63.78,7.73,2.0,0.0,1053.12,0.0,0.0,0.0,0.0,0.7872320761049525,0.7085088684944573,0.0,16.5,3.5,1.75,125.0,0.0,0.0,1.0,-10.08,-7.05
EVT_00190,22.24622,73.13833,0,INDUSTRIAL_ROUTINE_FLARE,Vadodara Petrochemicals (Gujarat),TRAIN,WRI Chemical Facility Log,0.98,False,False,26.21,365.42,298.17,1500.0,41.55,67.25,12.81,2.0,0.0,1059.19,0.0,0.0,0.0,0.0,0.8359407076942958,0.7523466369248663,0.0,16.5,3.5,2.77,141.0,0.0,0.0,1.0,-10.08,-7.05
EVT_00191,22.32927,73.18109,0,INDUSTRIAL_ROUTINE_FLARE,Vadodara Petrochemicals (Gujarat),TRAIN,WRI Chemical Facility Log,0.98,False,False,27.35,366.76,303.0,1500.0,43.37,63.76,2.58,2.0,0.0,1054.38,0.0,0.0,0.0,0.0,0.8217021028714672,0.7395318925843205,0.0,16.5,3.5,3.1,101.0,0.0,0.0,1.0,-10.08,-7.05
EVT_00192,22.37672,73.20382,0,INDUSTRIAL_ROUTINE_FLARE,Vadodara Petrochemicals (Gujarat),TRAIN,WRI Chemical Facility Log,0.98,False,False,22.95,367.61,309.01,1500.0,44.57,58.61,3.19,2.0,0.0,1051.86,0.0,0.0,0.0,0.0,0.8082556098551011,0.7274300488695911,1.0,16.5,3.5,1.84,73.0,0.0,0.0,1.0,-10.08,-7.05
EVT_00193,22.29388,73.15355,0,INDUSTRIAL_ROUTINE_FLARE,Vadodara Petrochemicals (Gujarat),TRAIN,WRI Chemical Facility Log,0.98,False,False,16.97,368.76,300.3,1500.0,46.09,68.45,7.38,2.0,0.0,1057.45,0.0,0.0,0.0,0.0,0.975122040171983,0.8776098361547847,0.0,16.5,3.5,0.14,84.0,0.0,0.0,1.0,-10.08,-7.05
EVT_00194,22.27472,73.27202,0,INDUSTRIAL_ROUTINE_FLARE,Vadodara Petrochemicals (Gujarat),TRAIN,WRI Chemical Facility Log,0.98,False,False,15.05,371.39,298.21,1500.0,49.89,73.18,11.96,2.0,0.0,1044.32,0.0,0.0,0.0,0.0,0.9596523254585412,0.8636870929126871,0.0,16.5,3.5,-0.41,111.0,0.0,0.0,1.0,-10.08,-7.05
EVT_00195,22.2116,73.18224,0,INDUSTRIAL_ROUTINE_FLARE,Vadodara Petrochemicals (Gujarat),TRAIN,WRI Chemical Facility Log,0.98,False,False,14.49,362.4,300.02,1500.0,37.77,62.37,15.52,2.0,0.0,1054.36,0.0,0.0,0.0,0.0,0.7851623813898975,0.7066461432509077,1.0,16.5,3.5,-0.57,127.0,0.0,0.0,1.0,-10.08,-7.05
EVT_00196,22.30847,73.14607,0,INDUSTRIAL_ROUTINE_FLARE,Vadodara Petrochemicals (Gujarat),TRAIN,WRI Chemical Facility Log,0.98,False,False,14.0,370.08,301.62,1500.0,48.0,68.46,6.54,2.0,0.0,1058.28,0.0,0.0,0.0,0.0,0.7835375619226514,0.7051838057303863,0.0,16.5,3.5,-0.71,82.0,0.0,0.0,1.0,-10.08,-7.05
EVT_00197,22.29253,73.23218,0,INDUSTRIAL_ROUTINE_FLARE,Vadodara Petrochemicals (Gujarat),TRAIN,WRI Chemical Facility Log,0.98,False,False,42.81,366.04,301.99,1500.0,42.4,64.05,7.82,2.0,0.0,1048.73,0.0,0.0,0.0,0.0,0.8278360208431852,0.7450524187588667,1.0,16.5,3.5,7.52,132.0,0.0,0.0,1.0,-10.08,-7.05
EVT_00198,22.27518,73.20991,0,INDUSTRIAL_ROUTINE_FLARE,Vadodara Petrochemicals (Gujarat),TRAIN,WRI Chemical Facility Log,0.98,False,False,20.74,368.84,300.23,1500.0,46.21,68.61,8.68,2.0,0.0,1051.21,0.0,0.0,0.0,0.0,0.9066379252026928,0.8159741326824236,1.0,16.5,3.5,1.21,111.0,0.0,0.0,1.0,-10.08,-7.05
EVT_00199,22.31717,73.14402,0,INDUSTRIAL_ROUTINE_FLARE,Vadodara Petrochemicals (Gujarat),TRAIN,WRI Chemical Facility Log,0.98,False,False,24.99,368.29,305.19,1500.0,45.49,63.1,6.04,2.0,0.0,1058.5,0.0,0.0,0.0,0.0,0.86095968581704,0.774863717235336,0.0,16.5,3.5,2.43,66.0,0.0,0.0,1.0,-10.08,-7.05
EVT_00200,22.23196,73.27449,0,INDUSTRIAL_ROUTINE_FLARE,Vadodara Petrochemicals (Gujarat),TRAIN,WRI Chemical Facility Log,0.98,False,False,37.24,362.16,299.51,1500.0,37.47,62.64,15.84,2.0,0.0,1044.09,0.0,0.0,0.0,0.0,0.8297160515429884,0.7467444463886896,1.0,16.5,3.5,5.92,80.0,0.0,0.0,1.0,-10.08,-7.05
EVT_00201,22.28088,73.19371,0,INDUSTRIAL_ROUTINE_FLARE,Vadodara Petrochemicals (Gujarat),TRAIN,WRI Chemical Facility Log,0.98,False,False,14.09,354.65,303.55,1500.0,29.2,51.1,7.81,2.0,0.0,1053.01,0.0,0.0,0.0,0.0,0.8282402915199083,0.7454162623679175,0.0,16.5,3.5,-0.69,141.0,0.0,0.0,1.0,-10.08,-7.05
EVT_00202,22.25142,73.15332,0,INDUSTRIAL_ROUTINE_FLARE,Vadodara Petrochemicals (Gujarat),TRAIN,WRI Chemical Facility Log,0.98,False,False,16.16,364.93,309.66,1500.0,41.0,55.27,11.7,2.0,0.0,1057.52,0.0,0.0,0.0,0.0,0.8098475555900353,0.7288628000310318,1.0,16.5,3.5,-0.1,93.0,0.0,0.0,1.0,-10.08,-7.05
EVT_00203,22.34089,73.1498,0,INDUSTRIAL_ROUTINE_FLARE,Vadodara Petrochemicals (Gujarat),TRAIN,WRI Chemical Facility Log,0.98,False,False,17.51,348.88,301.67,1500.0,23.8,47.22,4.28,2.0,0.0,1057.85,0.0,0.0,0.0,0.0,0.8718893536811974,0.7847004183130777,0.0,16.5,3.5,0.29,72.0,0.0,0.0,1.0,-10.08,-7.05
EVT_00204,22.31628,73.18583,0,INDUSTRIAL_ROUTINE_FLARE,Vadodara Petrochemicals (Gujarat),TRAIN,WRI Chemical Facility Log,0.98,False,False,16.04,367.28,302.5,1500.0,44.07,64.78,3.88,2.0,0.0,1053.86,0.0,0.0,0.0,0.0,0.9362340847573838,0.8426106762816454,0.0,16.5,3.5,-0.13,93.0,0.0,0.0,1.0,-10.08,-7.05
EVT_00205,22.26679,73.10434,0,INDUSTRIAL_ROUTINE_FLARE,Vadodara Petrochemicals (Gujarat),TRAIN,WRI Chemical Facility Log,0.98,False,False,18.19,367.57,302.23,1500.0,44.46,65.34,12.12,2.0,0.0,1062.94,0.0,0.0,0.0,0.0,0.95649188809122,0.860842699282098,1.0,16.5,3.5,0.48,103.0,0.0,0.0,1.0,-10.08,-7.05
EVT_00206,22.37047,73.18478,0,INDUSTRIAL_ROUTINE_FLARE,Vadodara Petrochemicals (Gujarat),TRAIN,WRI Chemical Facility Log,0.98,False,False,14.52,362.44,303.55,1500.0,37.84,58.89,2.23,2.0,0.0,1053.97,0.0,0.0,0.0,0.0,0.7824216950469776,0.7041795255422798,0.0,16.5,3.5,-0.57,80.0,0.0,0.0,1.0,-10.08,-7.05
EVT_00207,22.27308,73.10048,0,INDUSTRIAL_ROUTINE_FLARE,Vadodara Petrochemicals (Gujarat),TRAIN,WRI Chemical Facility Log,0.98,False,False,19.58,357.46,297.66,1500.0,32.1,59.8,11.42,2.0,0.0,1063.36,0.0,0.0,0.0,0.0,0.9461068912809679,0.8514962021528711,1.0,16.5,3.5,0.88,69.0,0.0,0.0,1.0,-10.08,-7.05
EVT_00208,22.32125,73.22589,0,INDUSTRIAL_ROUTINE_FLARE,Vadodara Petrochemicals (Gujarat),TRAIN,WRI Chemical Facility Log,0.98,False,False,14.91,356.23,301.49,1500.0,30.82,54.74,4.96,2.0,0.0,1049.41,0.0,0.0,0.0,0.0,0.9030025936077734,0.812702334246996,0.0,16.5,3.5,-0.46,100.0,0.0,0.0,1.0,-10.08,-7.05
EVT_00209,22.29905,73.2001,0,INDUSTRIAL_ROUTINE_FLARE,Vadodara Petrochemicals (Gujarat),TRAIN,WRI Chemical Facility Log,0.98,False,False,14.94,362.84,305.06,1500.0,38.34,57.78,5.87,2.0,0.0,1052.28,0.0,0.0,0.0,0.0,0.8748672219812428,0.7873804997831185,1.0,16.5,3.5,-0.45,72.0,0.0,0.0,1.0,-10.08,-7.05
EVT_00210,22.3535,73.19777,0,INDUSTRIAL_ROUTINE_FLARE,Vadodara Petrochemicals (Gujarat),TRAIN,WRI Chemical Facility Log,0.98,False,False,14.96,368.77,306.22,1500.0,46.17,62.55,0.85,2.0,0.0,1052.53,0.0,0.0,0.0,0.0,0.8476535011988997,0.7628881510790098,0.0,16.5,3.5,-0.44,114.0,0.0,0.0,1.0,-10.08,-7.05
EVT_00211,22.29165,73.15273,0,INDUSTRIAL_ROUTINE_FLARE,Vadodara Petrochemicals (Gujarat),TRAIN,WRI Chemical Facility Log,0.98,False,False,15.25,349.84,305.92,1500.0,24.65,43.92,7.63,2.0,0.0,1057.55,0.0,0.0,0.0,0.0,0.8347582615028213,0.7512824353525391,0.0,16.5,3.5,-0.36,103.0,0.0,0.0,1.0,-10.08,-7.05
EVT_00212,22.30737,73.17424,0,INDUSTRIAL_ROUTINE_FLARE,Vadodara Petrochemicals (Gujarat),TRAIN,WRI Chemical Facility Log,0.98,False,False,25.85,355.62,305.74,1500.0,30.19,49.88,5.12,2.0,0.0,1055.15,0.0,0.0,0.0,0.0,0.9522739992726872,0.8570465993454185,0.0,16.5,3.5,2.67,106.0,0.0,0.0,1.0,-10.08,-7.05
EVT_00213,22.32931,73.15152,0,INDUSTRIAL_ROUTINE_FLARE,Vadodara Petrochemicals (Gujarat),TRAIN,WRI Chemical Facility Log,0.98,False,False,23.13,373.5,302.58,1500.0,53.17,70.92,4.63,2.0,0.0,1057.66,0.0,0.0,0.0,0.0,0.9352894892999449,0.8417605403699504,0.0,16.5,3.5,1.89,134.0,0.0,0.0,1.0,-10.08,-7.05
EVT_00214,22.33937,73.15202,0,INDUSTRIAL_ROUTINE_FLARE,Vadodara Petrochemicals (Gujarat),TRAIN,WRI Chemical Facility Log,0.98,False,False,23.11,367.06,297.85,1500.0,43.73,69.21,4.11,2.0,0.0,1057.61,0.0,0.0,0.0,0.0,0.8015887429292929,0.7214298686363637,0.0,16.5,3.5,1.89,111.0,0.0,0.0,1.0,-10.08,-7.05
EVT_00215,22.2815,73.20052,0,INDUSTRIAL_ROUTINE_FLARE,Vadodara Petrochemicals (Gujarat),TRAIN,WRI Chemical Facility Log,0.98,False,False,23.24,373.67,303.06,1500.0,53.45,70.6,7.8,2.0,0.0,1052.25,0.0,0.0,0.0,0.0,0.8884474410983697,0.7996026969885327,0.0,16.5,3.5,1.93,115.0,0.0,0.0,1.0,-10.08,-7.05
EVT_00216,22.26994,73.18854,0,INDUSTRIAL_ROUTINE_FLARE,Vadodara Petrochemicals (Gujarat),TRAIN,WRI Chemical Facility Log,0.98,False,False,17.98,372.01,303.62,1500.0,50.9,68.4,9.01,2.0,0.0,1053.59,0.0,0.0,0.0,0.0,0.8121696347915492,0.7309526713123944,0.0,16.5,3.5,0.42,131.0,0.0,0.0,1.0,-10.08,-7.05
EVT_00217,22.329,73.14757,0,INDUSTRIAL_ROUTINE_FLARE,Vadodara Petrochemicals (Gujarat),TRAIN,WRI Chemical Facility Log,0.98,False,False,15.6,374.02,301.73,1500.0,53.98,72.28,5.0,2.0,0.0,1058.1,0.0,0.0,0.0,0.0,0.8910169898604573,0.8019152908744116,0.0,16.5,3.5,-0.26,86.0,0.0,0.0,1.0,-10.08,-7.05
EVT_00218,22.26545,73.23204,0,INDUSTRIAL_ROUTINE_FLARE,Vadodara Petrochemicals (Gujarat),TRAIN,WRI Chemical Facility Log,0.98,False,False,27.19,376.47,310.88,1500.0,58.1,65.6,10.45,2.0,0.0,1048.77,0.0,0.0,0.0,0.0,0.9479927960564365,0.8531935164507929,0.0,16.5,3.5,3.05,137.0,0.0,0.0,1.0,-10.08,-7.05
EVT_00219,22.24926,73.14128,0,INDUSTRIAL_ROUTINE_FLARE,Vadodara Petrochemicals (Gujarat),TRAIN,WRI Chemical Facility Log,0.98,False,False,28.65,361.82,300.54,1500.0,37.07,61.28,12.37,2.0,0.0,1058.86,0.0,0.0,0.0,0.0,0.9792668675254494,0.8813401807729045,0.0,16.5,3.5,3.47,63.0,0.0,0.0,1.0,-10.08,-7.05
EVT_00220,22.32062,73.19186,0,INDUSTRIAL_ROUTINE_FLARE,Vadodara Petrochemicals (Gujarat),TRAIN,WRI Chemical Facility Log,0.98,False,False,17.72,353.11,307.37,1500.0,27.69,45.74,3.38,2.0,0.0,1053.19,0.0,0.0,0.0,0.0,0.9191236292993614,0.8272112663694253,1.0,16.5,3.5,0.35,97.0,0.0,0.0,1.0,-10.08,-7.05
EVT_00221,22.28621,73.16559,0,INDUSTRIAL_ROUTINE_FLARE,Vadodara Petrochemicals (Gujarat),TRAIN,WRI Chemical Facility Log,0.98,False,False,28.51,354.89,298.02,1500.0,29.42,56.87,7.63,2.0,0.0,1056.12,0.0,0.0,0.0,0.0,0.8820219424997651,0.7938197482497886,0.0,16.5,3.5,3.43,139.0,0.0,0.0,1.0,-10.08,-7.05
EVT_00222,22.3257,73.14523,0,INDUSTRIAL_ROUTINE_FLARE,Vadodara Petrochemicals (Gujarat),TRAIN,WRI Chemical Facility Log,0.98,False,False,20.4,364.86,301.0,1500.0,40.85,63.86,5.4,2.0,0.0,1058.36,0.0,0.0,0.0,0.0,0.9004291288104962,0.8103862159294466,1.0,16.5,3.5,1.12,78.0,0.0,0.0,1.0,-10.08,-7.05
EVT_00223,22.27136,73.17988,0,INDUSTRIAL_ROUTINE_FLARE,Vadodara Petrochemicals (Gujarat),TRAIN,WRI Chemical Facility Log,0.98,False,False,24.76,363.81,301.64,1500.0,39.52,62.17,8.92,2.0,0.0,1054.55,0.0,0.0,0.0,0.0,0.9215361869481832,0.8293825682533649,0.0,16.5,3.5,2.36,123.0,0.0,0.0,1.0,-10.08,-7.05
EVT_00224,22.21936,73.19294,0,INDUSTRIAL_ROUTINE_FLARE,Vadodara Petrochemicals (Gujarat),TRAIN,WRI Chemical Facility Log,0.98,False,False,15.88,367.53,301.26,1500.0,44.4,66.27,14.64,2.0,0.0,1053.16,0.0,0.0,0.0,0.0,0.8542844003746092,0.7688559603371483,1.0,16.5,3.5,-0.18,106.0,0.0,0.0,1.0,-10.08,-7.05
EVT_00225,22.26415,73.24489,0,INDUSTRIAL_ROUTINE_FLARE,Vadodara Petrochemicals (Gujarat),TRAIN,WRI Chemical Facility Log,0.98,False,False,14.88,373.55,304.75,1500.0,53.28,68.8,11.19,2.0,0.0,1047.34,0.0,0.0,0.0,0.0,0.8619809779392577,0.7757828801453319,0.0,16.5,3.5,-0.46,134.0,0.0,0.0,1.0,-10.08,-7.05
EVT_00226,22.31063,73.13182,0,INDUSTRIAL_ROUTINE_FLARE,Vadodara Petrochemicals (Gujarat),TRAIN,WRI Chemical Facility Log,0.98,False,False,20.18,370.03,308.03,1500.0,47.98,62.0,7.48,2.0,0.0,1059.86,0.0,0.0,0.0,0.0,0.919534125504015,0.8275807129536136,0.0,16.5,3.5,1.05,110.0,0.0,0.0,1.0,-10.08,-7.05
EVT_00227,22.33615,73.17318,0,INDUSTRIAL_ROUTINE_FLARE,Vadodara Petrochemicals (Gujarat),TRAIN,WRI Chemical Facility Log,0.98,False,False,25.36,362.42,304.21,1500.0,37.82,58.21,2.39,2.0,0.0,1055.26,0.0,0.0,0.0,0.0,0.8716373773475785,0.7844736396128207,0.0,16.5,3.5,2.53,129.0,0.0,0.0,1.0,-10.08,-7.05
EVT_00228,22.28296,73.18496,0,INDUSTRIAL_ROUTINE_FLARE,Vadodara Petrochemicals (Gujarat),TRAIN,WRI Chemical Facility Log,0.98,False,False,31.91,363.08,300.0,1500.0,38.6,63.08,7.58,2.0,0.0,1053.98,0.0,0.0,0.0,0.0,0.8744120868393996,0.7869708781554597,1.0,16.5,3.5,4.4,83.0,0.0,0.0,1.0,-10.08,-7.05
EVT_00229,22.29649,73.17287,0,INDUSTRIAL_ROUTINE_FLARE,Vadodara Petrochemicals (Gujarat),TRAIN,WRI Chemical Facility Log,0.98,False,False,30.57,358.85,300.52,1500.0,33.64,58.33,6.31,2.0,0.0,1055.31,0.0,0.0,0.0,0.0,0.8299092399699013,0.7469183159729111,1.0,16.5,3.5,4.02,113.0,0.0,0.0,1.0,-10.08,-7.05
EVT_00230,22.34061,73.17162,0,INDUSTRIAL_ROUTINE_FLARE,Vadodara Petrochemicals (Gujarat),TRAIN,WRI Chemical Facility Log,0.98,False,False,27.43,359.98,301.55,1500.0,34.92,58.43,2.22,2.0,0.0,1055.43,0.0,0.0,0.0,0.0,0.7893001172880131,0.7103701055592118,0.0,16.5,3.5,3.12,116.0,0.0,0.0,1.0,-10.08,-7.05
EVT_00231,22.25402,73.14166,0,INDUSTRIAL_ROUTINE_FLARE,Vadodara Petrochemicals (Gujarat),TRAIN,WRI Chemical Facility Log,0.98,False,False,15.89,363.82,303.33,1500.0,39.54,60.49,11.88,2.0,0.0,1058.81,0.0,0.0,0.0,0.0,0.9264897463676179,0.8338407717308561,0.0,16.5,3.5,-0.17,147.0,0.0,0.0,1.0,-10.08,-7.05
EVT_00232,22.32458,73.18339,0,INDUSTRIAL_ROUTINE_FLARE,Vadodara Petrochemicals (Gujarat),TRAIN,WRI Chemical Facility Log,0.98,False,False,16.11,364.23,301.19,1500.0,40.05,63.05,3.02,2.0,0.0,1054.13,0.0,0.0,0.0,0.0,0.9261641929961459,0.8335477736965313,0.0,16.5,3.5,-0.11,141.0,0.0,0.0,1.0,-10.08,-7.05
EVT_00233,22.31561,73.15539,0,INDUSTRIAL_ROUTINE_FLARE,Vadodara Petrochemicals (Gujarat),TRAIN,WRI Chemical Facility Log,0.98,False,False,16.58,361.1,299.81,1500.0,36.21,61.29,5.31,2.0,0.0,1057.24,0.0,0.0,0.0,0.0,0.9694071975477446,0.8724664777929702,0.0,16.5,3.5,0.02,120.0,0.0,0.0,1.0,-10.08,-7.05
EVT_00234,22.27429,73.15164,0,INDUSTRIAL_ROUTINE_FLARE,Vadodara Petrochemicals (Gujarat),TRAIN,WRI Chemical Facility Log,0.98,False,False,19.19,366.4,306.45,1500.0,42.92,59.96,9.4,2.0,0.0,1057.68,0.0,0.0,0.0,0.0,0.8029537743738435,0.7226583969364592,0.0,16.5,3.5,0.77,117.0,0.0,0.0,1.0,-10.08,-7.05
EVT_00235,22.35035,73.18734,0,INDUSTRIAL_ROUTINE_FLARE,Vadodara Petrochemicals (Gujarat),TRAIN,WRI Chemical Facility Log,0.98,False,False,15.79,380.22,305.82,1500.0,64.59,74.4,0.28,2.0,1.0,1053.68,0.0,0.0,0.0,0.0,0.949383745617712,0.8544453710559408,0.0,16.5,3.5,-0.2,64.0,0.0,0.0,1.0,-10.08,-7.05
EVT_00236,22.28431,73.25035,0,INDUSTRIAL_ROUTINE_FLARE,Vadodara Petrochemicals (Gujarat),TRAIN,WRI Chemical Facility Log,0.98,False,False,19.52,377.39,299.9,1500.0,59.51,77.49,9.67,2.0,0.0,1046.72,0.0,0.0,0.0,0.0,0.7924546211763771,0.7132091590587394,0.0,16.5,3.5,0.86,119.0,0.0,0.0,1.0,-10.08,-7.05
EVT_00237,22.30253,73.17924,0,INDUSTRIAL_ROUTINE_FLARE,Vadodara Petrochemicals (Gujarat),TRAIN,WRI Chemical Facility Log,0.98,False,False,16.91,364.9,307.37,1500.0,40.95,57.53,5.5,2.0,0.0,1054.6,0.0,0.0,0.0,0.0,0.9544271400044952,0.8589844260040458,0.0,16.5,3.5,0.12,127.0,0.0,0.0,1.0,-10.08,-7.05
EVT_00238,22.30429,73.23686,0,INDUSTRIAL_ROUTINE_FLARE,Vadodara Petrochemicals (Gujarat),TRAIN,WRI Chemical Facility Log,0.98,False,False,28.82,367.26,302.24,1500.0,44.04,65.02,7.09,2.0,0.0,1048.2,0.0,0.0,0.0,0.0,0.9541156850092014,0.8587041165082813,1.0,16.5,3.5,3.52,99.0,0.0,0.0,1.0,-10.08,-7.05
EVT_00239,22.33091,73.17728,0,INDUSTRIAL_ROUTINE_FLARE,Vadodara Petrochemicals (Gujarat),TRAIN,WRI Chemical Facility Log,0.98,False,False,14.78,363.74,312.58,1500.0,39.49,51.16,2.59,2.0,0.0,1054.8,0.0,0.0,0.0,0.0,0.9113560209448588,0.8202204188503729,0.0,16.5,3.5,-0.49,109.0,0.0,0.0,1.0,-10.08,-7.05
EVT_00240,22.29555,73.1493,0,INDUSTRIAL_ROUTINE_FLARE,Vadodara Petrochemicals (Gujarat),TRAIN,WRI Chemical Facility Log,0.98,False,False,14.69,361.31,301.46,1500.0,36.47,59.85,7.45,2.0,0.0,1057.93,0.0,0.0,0.0,0.0,0.8513341948283529,0.7662007753455177,0.0,16.5,3.5,-0.52,144.0,0.0,0.0,1.0,-10.08,-7.05
EVT_00241,22.33674,73.13168,0,INDUSTRIAL_ROUTINE_FLARE,Vadodara Petrochemicals (Gujarat),TRAIN,WRI Chemical Facility Log,0.98,False,False,19.71,345.68,306.19,848.5,162.7,39.49,5.33,2.0,0.0,1059.86,0.0,0.0,0.0,0.0,0.8132068626832392,0.7318861764149153,0.0,16.5,3.5,0.92,62.0,0.0,0.0,1.0,-10.08,-7.05
EVT_00242,22.38903,73.1864,0,INDUSTRIAL_ROUTINE_FLARE,Vadodara Petrochemicals (Gujarat),TRAIN,WRI Chemical Facility Log,0.98,False,False,23.23,364.34,302.03,1500.0,40.2,62.31,4.24,2.0,0.0,1053.8,0.0,0.0,0.0,0.0,0.9440755014897947,0.8496679513408152,0.0,16.5,3.5,1.92,129.0,0.0,0.0,1.0,-10.08,-7.05
EVT_00243,22.3119,73.16101,0,INDUSTRIAL_ROUTINE_FLARE,Vadodara Petrochemicals (Gujarat),TRAIN,WRI Chemical Facility Log,0.98,False,False,23.04,357.6,302.88,1500.0,32.27,54.72,5.27,2.0,0.0,1056.62,0.0,0.0,0.0,0.0,0.8446022396772428,0.7601420157095186,0.0,16.5,3.5,1.87,118.0,0.0,0.0,1.0,-10.08,-7.05
EVT_00244,22.34156,73.27063,0,INDUSTRIAL_ROUTINE_FLARE,Vadodara Petrochemicals (Gujarat),TRAIN,WRI Chemical Facility Log,0.98,False,False,14.58,369.06,303.98,1500.0,46.56,65.08,8.36,2.0,0.0,1044.44,0.0,0.0,0.0,0.0,0.9262992980680724,0.8336693682612653,1.0,16.5,3.5,-0.55,68.0,0.0,0.0,1.0,-10.08,-7.05
EVT_00245,22.3059,73.22612,0,INDUSTRIAL_ROUTINE_FLARE,Vadodara Petrochemicals (Gujarat),TRAIN,WRI Chemical Facility Log,0.98,False,False,18.46,357.95,306.42,1500.0,32.68,51.53,6.24,2.0,0.0,1049.39,0.0,0.0,0.0,0.0,0.9443273795420943,0.849894641587885,0.0,16.5,3.5,0.56,144.0,0.0,0.0,1.0,-10.08,-7.05
EVT_00246,22.32579,73.16016,0,INDUSTRIAL_ROUTINE_FLARE,Vadodara Petrochemicals (Gujarat),TRAIN,WRI Chemical Facility Log,0.98,False,False,15.96,365.49,306.13,1500.0,41.71,59.36,4.16,2.0,0.0,1056.71,0.0,0.0,0.0,0.0,0.8025886416822348,0.7223297775140113,1.0,16.5,3.5,-0.15,92.0,0.0,0.0,1.0,-10.08,-7.05
EVT_00247,22.28022,73.16563,0,INDUSTRIAL_ROUTINE_FLARE,Vadodara Petrochemicals (Gujarat),TRAIN,WRI Chemical Facility Log,0.98,False,False,23.67,360.36,296.91,1500.0,35.33,63.45,8.26,2.0,0.0,1056.12,0.0,0.0,0.0,0.0,0.9102295169763348,0.8192065652787014,0.0,16.5,3.5,2.05,81.0,0.0,0.0,1.0,-10.08,-7.05
EVT_00248,22.32785,73.20165,0,INDUSTRIAL_ROUTINE_FLARE,Vadodara Petrochemicals (Gujarat),TRAIN,WRI Chemical Facility Log,0.98,False,False,14.22,361.66,305.0,1500.0,36.91,56.66,2.84,2.0,0.0,1052.1,0.0,0.0,0.0,0.0,0.9278589470329547,0.8350730523296592,1.0,16.5,3.5,-0.65,99.0,0.0,0.0,1.0,-10.08,-7.05
EVT_00249,22.31643,73.14477,0,INDUSTRIAL_ROUTINE_FLARE,Vadodara Petrochemicals (Gujarat),TRAIN,WRI Chemical Facility Log,0.98,False,False,28.09,363.43,301.22,1500.0,39.04,62.21,6.03,2.0,0.0,1058.42,0.0,0.0,0.0,0.0,0.8231059737582664,0.7407953763824399,0.0,16.5,3.5,3.31,80.0,0.0,0.0,1.0,-10.08,-7.05
EVT_00250,22.31799,73.18629,0,INDUSTRIAL_ROUTINE_FLARE,Vadodara Petrochemicals (Gujarat),TRAIN,WRI Chemical Facility Log,0.98,False,False,24.87,367.45,304.47,1500.0,44.33,62.99,3.69,2.0,0.0,1053.81,0.0,0.0,0.0,0.0,0.9129969806951991,0.8216972826256792,1.0,16.5,3.5,2.39,65.0,0.0,0.0,1.0,-10.08,-7.05
EVT_00251,22.32354,73.2465,0,INDUSTRIAL_ROUTINE_FLARE,Vadodara Petrochemicals (Gujarat),TRAIN,WRI Chemical Facility Log,0.98,False,False,18.32,364.07,300.08,1500.0,39.84,64.0,6.56,2.0,0.0,1047.12,0.0,0.0,0.0,0.0,0.952912721904534,0.8576214497140806,0.0,16.5,3.5,0.52,94.0,0.0,0.0,1.0,-10.08,-7.05
EVT_00252,22.34577,73.1668,0,INDUSTRIAL_ROUTINE_FLARE,Vadodara Petrochemicals (Gujarat),TRAIN,WRI Chemical Facility Log,0.98,False,False,17.83,362.36,302.95,1500.0,37.74,59.41,2.46,2.0,0.0,1055.97,0.0,0.0,0.0,0.0,0.7854350032181688,0.7068915028963519,0.0,16.5,3.5,0.38,81.0,0.0,0.0,1.0,-10.08,-7.05
EVT_00253,22.28477,73.20627,0,INDUSTRIAL_ROUTINE_FLARE,Vadodara Petrochemicals (Gujarat),TRAIN,WRI Chemical Facility Log,0.98,False,False,25.44,366.37,303.95,1500.0,42.86,62.42,7.55,2.0,0.0,1051.61,0.0,0.0,0.0,0.0,0.7836013111200909,0.7052411800080818,0.0,16.5,3.5,2.55,122.0,0.0,0.0,1.0,-10.08,-7.05
EVT_00254,22.37146,73.21298,0,INDUSTRIAL_ROUTINE_FLARE,Vadodara Petrochemicals (Gujarat),TRAIN,WRI Chemical Facility Log,0.98,False,False,18.18,380.4,304.6,1500.0,64.9,75.8,3.28,2.0,0.0,1050.84,0.0,0.0,0.0,0.0,0.8236886365766615,0.7413197729189953,1.0,16.5,3.5,0.48,95.0,0.0,0.0,1.0,-10.08,-7.05
EVT_00255,22.29218,73.16777,0,INDUSTRIAL_ROUTINE_FLARE,Vadodara Petrochemicals (Gujarat),TRAIN,WRI Chemical Facility Log,0.98,False,False,16.51,364.86,302.09,1500.0,40.87,62.77,6.93,2.0,0.0,1055.88,0.0,0.0,0.0,0.0,0.8996714968595517,0.8097043471735965,1.0,16.5,3.5,0.0,118.0,0.0,0.0,1.0,-10.08,-7.05
EVT_00256,22.32295,73.23347,0,INDUSTRIAL_ROUTINE_FLARE,Vadodara Petrochemicals (Gujarat),TRAIN,WRI Chemical Facility Log,0.98,False,False,16.91,362.5,305.38,1500.0,37.92,57.12,5.45,2.0,0.0,1048.57,0.0,0.0,0.0,0.0,0.9778056716700347,0.8800251045030313,0.0,16.5,3.5,0.12,75.0,0.0,0.0,1.0,-10.08,-7.05
EVT_00257,22.3257,73.15727,0,INDUSTRIAL_ROUTINE_FLARE,Vadodara Petrochemicals (Gujarat),TRAIN,WRI Chemical Facility Log,0.98,False,False,51.73,365.58,301.6,1500.0,41.79,63.98,4.39,2.0,0.0,1057.03,0.0,0.0,0.0,0.0,0.9511392187675078,0.8560252968907571,0.0,16.5,3.5,10.07,128.0,0.0,0.0,1.0,-10.08,-7.05
EVT_00258,22.27172,73.15496,0,INDUSTRIAL_ROUTINE_FLARE,Vadodara Petrochemicals (Gujarat),TRAIN,WRI Chemical Facility Log,0.98,False,False,19.21,377.05,302.75,1500.0,58.98,74.31,9.52,2.0,0.0,1057.32,0.0,0.0,0.0,0.0,0.7865291355091337,0.7078762219582204,0.0,16.5,3.5,0.78,147.0,0.0,0.0,1.0,-10.08,-7.05
EVT_00259,22.28187,73.18844,0,INDUSTRIAL_ROUTINE_FLARE,Vadodara Petrochemicals (Gujarat),TRAIN,WRI Chemical Facility Log,0.98,False,False,15.04,364.47,305.63,1500.0,40.38,58.84,7.69,2.0,0.0,1053.59,0.0,0.0,0.0,0.0,0.8481631399579693,0.7633468259621724,1.0,16.5,3.5,-0.42,81.0,0.0,0.0,1.0,-10.08,-7.05
EVT_00260,22.35643,73.22602,0,INDUSTRIAL_ROUTINE_FLARE,Vadodara Petrochemicals (Gujarat),TRAIN,WRI Chemical Facility Log,0.98,False,False,15.9,376.48,305.23,1500.0,58.05,71.25,3.75,2.0,0.0,1049.39,0.0,0.0,0.0,0.0,0.8824727555091582,0.7942254799582423,1.0,16.5,3.5,-0.17,81.0,0.0,0.0,1.0,-10.08,-7.05
EVT_00261,22.26864,73.14742,0,INDUSTRIAL_ROUTINE_FLARE,Vadodara Petrochemicals (Gujarat),TRAIN,WRI Chemical Facility Log,0.98,False,False,16.19,367.47,302.94,1500.0,44.34,64.53,10.15,2.0,0.0,1058.16,0.0,0.0,0.0,0.0,0.8613943819268528,0.7752549437341676,0.0,16.5,3.5,-0.09,141.0,0.0,0.0,1.0,-10.08,-7.05
EVT_00262,22.28461,73.10273,0,INDUSTRIAL_ROUTINE_FLARE,Vadodara Petrochemicals (Gujarat),TRAIN,WRI Chemical Facility Log,0.98,False,False,15.53,363.46,296.8,1500.0,39.04,66.66,10.14,2.0,0.0,1063.1,0.0,0.0,0.0,0.0,0.9021560142151537,0.8119404127936384,1.0,16.5,3.5,-0.28,115.0,0.0,0.0,1.0,-10.08,-7.05
EVT_00263,22.33369,73.26273,0,INDUSTRIAL_ROUTINE_FLARE,Vadodara Petrochemicals (Gujarat),TRAIN,WRI Chemical Facility Log,0.98,False,False,16.35,367.09,303.87,1500.0,43.82,63.22,7.72,2.0,0.0,1045.32,0.0,0.0,0.0,0.0,0.8725703910031701,0.7853133519028531,0.0,16.5,3.5,-0.04,123.0,0.0,0.0,1.0,-10.08,-7.05
EVT_00264,22.23437,73.18403,0,INDUSTRIAL_ROUTINE_FLARE,Vadodara Petrochemicals (Gujarat),TRAIN,WRI Chemical Facility Log,0.98,False,False,14.64,363.88,305.01,1500.0,39.63,58.87,12.98,2.0,0.0,1054.13,0.0,0.0,0.0,0.0,0.9034133032235603,0.8130719729012043,1.0,16.5,3.5,-0.53,110.0,0.0,0.0,1.0,-10.08,-7.05
EVT_00265,22.30684,73.21474,0,INDUSTRIAL_ROUTINE_FLARE,Vadodara Petrochemicals (Gujarat),TRAIN,WRI Chemical Facility Log,0.98,False,False,32.56,364.55,301.23,1500.0,40.46,63.32,5.53,2.0,0.0,1050.66,0.0,0.0,0.0,0.0,0.8130407878675701,0.7317367090808131,0.0,16.5,3.5,4.59,78.0,0.0,0.0,1.0,-10.08,-7.05
EVT_00266,22.3291,73.17365,0,INDUSTRIAL_ROUTINE_FLARE,Vadodara Petrochemicals (Gujarat),TRAIN,WRI Chemical Facility Log,0.98,False,False,16.59,370.4,307.59,1500.0,48.53,62.81,2.96,2.0,0.0,1055.21,0.0,0.0,0.0,0.0,0.9447580768442589,0.8502822691598331,0.0,16.5,3.5,0.03,128.0,0.0,0.0,1.0,-10.08,-7.05
EVT_00267,22.30507,73.15848,0,INDUSTRIAL_ROUTINE_FLARE,Vadodara Petrochemicals (Gujarat),TRAIN,WRI Chemical Facility Log,0.98,False,False,17.39,360.04,304.03,1500.0,35.01,56.01,6.05,2.0,0.0,1056.9,0.0,0.0,0.0,0.0,0.8712473017911084,0.7841225716119976,0.0,16.5,3.5,0.25,78.0,0.0,0.0,1.0,-10.08,-7.05
EVT_00268,22.33962,73.25697,0,INDUSTRIAL_ROUTINE_FLARE,Vadodara Petrochemicals (Gujarat),TRAIN,WRI Chemical Facility Log,0.98,False,False,16.71,363.56,305.57,1500.0,39.24,57.99,7.0,2.0,0.0,1045.96,0.0,0.0,0.0,0.0,0.9299701528872932,0.836973137598564,0.0,16.5,3.5,0.06,88.0,0.0,0.0,1.0,-10.08,-7.05
EVT_00269,22.26184,73.22938,0,INDUSTRIAL_ROUTINE_FLARE,Vadodara Petrochemicals (Gujarat),TRAIN,WRI Chemical Facility Log,0.98,False,False,21.08,364.31,303.06,1500.0,40.16,61.25,10.71,2.0,0.0,1049.06,0.0,0.0,0.0,0.0,0.9626573895152474,0.8663916505637227,0.0,16.5,3.5,1.31,87.0,0.0,0.0,1.0,-10.08,-7.05
EVT_00270,22.31581,73.14238,0,INDUSTRIAL_ROUTINE_FLARE,Vadodara Petrochemicals (Gujarat),TRAIN,WRI Chemical Facility Log,0.98,False,False,26.36,366.47,308.06,1500.0,43.02,58.41,6.27,2.0,0.0,1058.68,0.0,0.0,0.0,0.0,0.9782526453467266,0.880427380812054,0.0,16.5,3.5,2.82,100.0,0.0,0.0,1.0,-10.08,-7.05
EVT_00271,22.2406,73.15741,0,INDUSTRIAL_ROUTINE_FLARE,Vadodara Petrochemicals (Gujarat),TRAIN,WRI Chemical Facility Log,0.98,False,False,14.31,383.75,301.54,1500.0,71.18,82.2,12.73,2.0,0.0,1057.08,0.0,0.0,0.0,0.0,0.8046006590247492,0.7241405931222743,0.0,16.5,3.5,-0.62,84.0,0.0,0.0,1.0,-10.08,-7.05
EVT_00272,22.32994,73.22506,0,INDUSTRIAL_ROUTINE_FLARE,Vadodara Petrochemicals (Gujarat),TRAIN,WRI Chemical Facility Log,0.98,False,False,17.93,368.3,305.54,1500.0,45.5,62.76,4.3,2.0,0.0,1049.5,0.0,0.0,0.0,0.0,0.9145933244788865,0.8231339920309979,1.0,16.5,3.5,0.41,112.0,0.0,0.0,1.0,-10.08,-7.05
EVT_00273,22.30918,73.21679,0,INDUSTRIAL_ROUTINE_FLARE,Vadodara Petrochemicals (Gujarat),TRAIN,WRI Chemical Facility Log,0.98,False,False,18.19,361.07,299.01,1500.0,36.17,62.05,5.41,2.0,0.0,1050.43,0.0,0.0,0.0,0.0,0.8958532707641054,0.8062679436876948,0.0,16.5,3.5,0.48,82.0,0.0,0.0,1.0,-10.08,-7.05
EVT_00274,22.32777,73.1188,0,INDUSTRIAL_ROUTINE_FLARE,Vadodara Petrochemicals (Gujarat),TRAIN,WRI Chemical Facility Log,0.98,False,False,22.56,374.13,298.01,1500.0,54.11,76.12,5.62,2.0,0.0,1061.3,0.0,0.0,0.0,0.0,0.9176810036984274,0.8259129033285847,0.0,16.5,3.5,1.73,115.0,0.0,0.0,1.0,-10.08,-7.05
EVT_00275,22.31571,73.14396,0,INDUSTRIAL_ROUTINE_FLARE,Vadodara Petrochemicals (Gujarat),TRAIN,WRI Chemical Facility Log,0.98,False,False,19.1,363.92,304.29,1500.0,39.68,59.63,6.15,2.0,0.0,1058.51,0.0,0.0,0.0,0.0,0.8557820556117629,0.7702038500505867,1.0,16.5,3.5,0.74,70.0,0.0,0.0,1.0,-10.08,-7.05
EVT_00276,22.33886,73.13858,0,INDUSTRIAL_ROUTINE_FLARE,Vadodara Petrochemicals (Gujarat),TRAIN,WRI Chemical Facility Log,0.98,False,False,15.72,353.6,306.82,1500.0,28.17,46.78,5.46,2.0,0.0,1059.1,0.0,0.0,0.0,0.0,0.9776071932311183,0.8798464739080065,0.0,16.5,3.5,-0.22,63.0,0.0,0.0,1.0,-10.08,-7.05
EVT_00277,22.26098,73.18342,0,INDUSTRIAL_ROUTINE_FLARE,Vadodara Petrochemicals (Gujarat),TRAIN,WRI Chemical Facility Log,0.98,False,False,32.19,364.2,302.53,1500.0,40.02,61.67,10.03,2.0,0.0,1054.17,0.0,0.0,0.0,0.0,0.8628300448656454,0.7765470403790808,0.0,16.5,3.5,4.48,65.0,0.0,0.0,1.0,-10.08,-7.05
EVT_00278,22.29094,73.23595,0,INDUSTRIAL_ROUTINE_FLARE,Vadodara Petrochemicals (Gujarat),TRAIN,WRI Chemical Facility Log,0.98,False,False,14.86,368.93,302.11,1500.0,46.35,66.81,8.18,2.0,0.0,1048.31,0.0,0.0,0.0,0.0,0.9711837657910638,0.8740653892119574,0.0,16.5,3.5,-0.47,146.0,0.0,0.0,1.0,-10.08,-7.05
EVT_00279,22.3044,73.1795,0,INDUSTRIAL_ROUTINE_FLARE,Vadodara Petrochemicals (Gujarat),TRAIN,WRI Chemical Facility Log,0.98,False,False,20.54,358.97,303.28,1500.0,33.78,55.68,5.29,2.0,0.0,1054.57,0.0,0.0,0.0,0.0,0.8103168585739761,0.7292851727165784,1.0,16.5,3.5,1.15,81.0,0.0,0.0,1.0,-10.08,-7.05
EVT_00280,22.25821,73.185,0,INDUSTRIAL_ROUTINE_FLARE,Vadodara Petrochemicals (Gujarat),TRAIN,WRI Chemical Facility Log,0.98,False,False,24.05,377.13,309.69,1500.0,59.2,67.43,10.33,2.0,0.0,1053.99,0.0,0.0,0.0,0.0,0.9467299923875171,0.8520569931487654,0.0,16.5,3.5,2.16,101.0,0.0,0.0,1.0,-10.08,-7.05
EVT_00281,26.799,75.85971,1,INDUSTRIAL_ACCIDENTAL_FIRE,IOCL Jaipur Terminal Blast (Rajasthan),TRAIN,Official Disaster Investigation Record,0.98,False,False,170.0,385.27,325.75,1500.0,74.56,59.53,39.36,2.0,0.0,809.12,0.0,0.0,0.0,0.0,0.10875930370095628,0.09788337333086065,1.0,18.0,4.0,38.0,8.0,0.0,0.0,1.0,-2.06,-10.6
EVT_00282,26.81365,75.76613,1,INDUSTRIAL_ACCIDENTAL_FIRE,IOCL Jaipur Terminal Blast (Rajasthan),TRAIN,Official Disaster Investigation Record,0.98,False,False,162.07,383.45,327.24,1500.0,70.92,56.21,34.25,2.0,0.0,819.41,0.0,0.0,0.0,0.0,0.17222445794811286,0.1550020121533016,1.0,18.0,4.0,36.02,21.0,0.0,0.0,1.0,-2.06,-10.6
EVT_00283,26.74843,75.86712,1,INDUSTRIAL_ACCIDENTAL_FIRE,IOCL Jaipur Terminal Blast (Rajasthan),TRAIN,Official Disaster Investigation Record,0.98,False,False,136.52,394.59,330.56,1500.0,95.54,64.03,36.51,2.0,0.0,806.36,0.0,0.0,0.0,0.0,0.2327045071779522,0.209434056460157,0.0,18.0,4.0,29.63,9.0,0.0,0.0,1.0,-2.06,-10.6
EVT_00284,26.87255,75.7774,1,INDUSTRIAL_ACCIDENTAL_FIRE,IOCL Jaipur Terminal Blast (Rajasthan),TRAIN,Official Disaster Investigation Record,0.98,False,False,147.67,387.28,338.27,1500.0,78.8,49.01,40.3,2.0,0.0,820.58,0.0,0.0,0.0,0.0,0.26749228991192125,0.24074306092072914,0.0,18.0,4.0,32.42,15.0,0.0,0.0,1.0,-2.06,-10.6
EVT_00285,26.75625,75.83265,1,INDUSTRIAL_ACCIDENTAL_FIRE,IOCL Jaipur Terminal Blast (Rajasthan),TRAIN,Official Disaster Investigation Record,0.98,False,False,70.34,381.75,348.78,849.9,521.88,32.97,34.25,2.0,0.0,810.25,0.0,0.0,0.0,0.0,0.29240193171202383,0.2631617385408215,1.0,18.0,4.0,13.09,20.0,0.0,0.0,1.0,-2.06,-10.6
EVT_00286,26.7876,75.81787,1,INDUSTRIAL_ACCIDENTAL_FIRE,IOCL Jaipur Terminal Blast (Rajasthan),TRAIN,Official Disaster Investigation Record,0.98,False,False,141.17,367.68,334.45,849.7,344.12,33.23,35.44,2.0,0.0,813.01,0.0,0.0,0.0,0.0,0.1806110363513661,0.1625499327162295,1.0,18.0,4.0,30.79,19.0,0.0,0.0,1.0,-2.06,-10.6
EVT_00287,26.80597,75.83656,1,INDUSTRIAL_ACCIDENTAL_FIRE,IOCL Jaipur Terminal Blast (Rajasthan),TRAIN,Official Disaster Investigation Record,0.98,False,False,203.64,397.26,329.18,1500.0,102.31,68.08,38.2,2.0,0.0,811.8,0.0,0.0,0.0,0.0,0.16399481893998424,0.14759533704598582,1.0,18.0,4.0,46.41,19.0,0.0,0.0,1.0,-2.06,-10.6
EVT_00288,26.79451,75.88222,1,INDUSTRIAL_ACCIDENTAL_FIRE,IOCL Jaipur Terminal Blast (Rajasthan),TRAIN,Official Disaster Investigation Record,0.98,False,False,203.43,395.49,333.57,1500.0,97.82,61.92,40.75,2.0,0.0,806.61,0.0,0.0,0.0,0.0,0.06561439840476786,0.059052958564291075,1.0,18.0,4.0,46.36,9.0,0.0,0.0,1.0,-2.06,-10.6
EVT_00289,26.86166,75.83673,1,INDUSTRIAL_ACCIDENTAL_FIRE,IOCL Jaipur Terminal Blast (Rajasthan),TRAIN,Official Disaster Investigation Record,0.98,False,False,177.02,402.61,333.31,1500.0,117.04,69.3,42.77,2.0,0.0,814.0,0.0,0.0,0.0,0.0,0.22313310788427698,0.2008197970958493,0.0,18.0,4.0,39.75,20.0,0.0,0.0,1.0,-2.06,-10.6
EVT_00290,26.76151,75.86549,1,INDUSTRIAL_ACCIDENTAL_FIRE,IOCL Jaipur Terminal Blast (Rajasthan),TRAIN,Official Disaster Investigation Record,0.98,False,False,187.98,386.9,347.08,533.8,9297.81,39.82,37.21,2.0,0.0,807.04,0.0,0.0,0.0,0.0,0.29763650819253334,0.26787285737328004,0.0,18.0,4.0,42.49,21.0,0.0,0.0,1.0,-2.06,-10.6
EVT_00291,26.77567,75.81752,1,INDUSTRIAL_ACCIDENTAL_FIRE,IOCL Jaipur Terminal Blast (Rajasthan),TRAIN,Official Disaster Investigation Record,0.98,False,False,65.88,379.48,336.33,1500.0,63.47,43.15,34.51,2.0,0.0,812.58,0.0,0.0,0.0,0.0,0.2842727571146987,0.2558454814032288,1.0,18.0,4.0,11.97,13.0,0.0,0.0,1.0,-2.06,-10.6
EVT_00292,26.80046,75.84574,1,INDUSTRIAL_ACCIDENTAL_FIRE,IOCL Jaipur Terminal Blast (Rajasthan),TRAIN,Official Disaster Investigation Record,0.98,False,False,140.58,378.1,336.48,1500.0,61.02,41.61,38.44,2.0,0.0,810.63,0.0,0.0,0.0,0.0,0.06941233366790127,0.062471100301111145,1.0,18.0,4.0,30.65,10.0,0.0,0.0,1.0,-2.06,-10.6
EVT_00293,26.79646,75.76505,1,INDUSTRIAL_ACCIDENTAL_FIRE,IOCL Jaipur Terminal Blast (Rajasthan),TRAIN,Official Disaster Investigation Record,0.98,False,False,173.15,394.87,348.16,1500.0,96.31,46.71,32.66,2.0,0.0,818.85,0.0,0.0,0.0,0.0,0.05152218705995977,0.04636996835396379,0.0,18.0,4.0,38.79,10.0,0.0,0.0,1.0,-2.06,-10.6
EVT_00294,26.76379,75.82232,1,INDUSTRIAL_ACCIDENTAL_FIRE,IOCL Jaipur Terminal Blast (Rajasthan),TRAIN,Official Disaster Investigation Record,0.98,False,False,174.6,398.1,335.02,1500.0,104.55,63.07,33.99,2.0,0.0,811.62,0.0,0.0,0.0,0.0,0.06255650286599344,0.0563008525793941,0.0,18.0,4.0,39.15,17.0,0.0,0.0,1.0,-2.06,-10.6
EVT_00295,26.74144,75.85227,1,INDUSTRIAL_ACCIDENTAL_FIRE,IOCL Jaipur Terminal Blast (Rajasthan),TRAIN,Official Disaster Investigation Record,0.98,False,False,110.34,382.49,342.19,699.6,1446.85,40.29,34.85,2.0,0.0,807.64,0.0,0.0,0.0,0.0,0.08808239736613387,0.07927415762952048,0.0,18.0,4.0,23.08,11.0,0.0,0.0,1.0,-2.06,-10.6
EVT_00296,26.72607,75.82536,1,INDUSTRIAL_ACCIDENTAL_FIRE,IOCL Jaipur Terminal Blast (Rajasthan),TRAIN,Official Disaster Investigation Record,0.98,False,False,158.54,385.71,335.16,1500.0,75.5,50.55,31.68,2.0,0.0,809.84,0.0,0.0,0.0,0.0,0.1394535210283872,0.1255081689255485,1.0,18.0,4.0,35.14,21.0,0.0,0.0,1.0,-2.06,-10.6
EVT_00297,26.80373,75.84421,1,INDUSTRIAL_ACCIDENTAL_FIRE,IOCL Jaipur Terminal Blast (Rajasthan),TRAIN,Official Disaster Investigation Record,0.98,False,False,150.97,396.71,333.7,1500.0,100.91,63.01,38.57,2.0,0.0,810.91,0.0,0.0,0.0,0.0,0.20927270927022623,0.1883454383432036,1.0,18.0,4.0,33.24,22.0,0.0,0.0,1.0,-2.06,-10.6
EVT_00298,26.80952,75.84958,1,INDUSTRIAL_ACCIDENTAL_FIRE,IOCL Jaipur Terminal Blast (Rajasthan),TRAIN,Official Disaster Investigation Record,0.98,False,False,145.63,387.13,344.59,1500.0,78.49,42.54,39.4,2.0,0.0,810.59,0.0,0.0,0.0,0.0,0.08571899033485293,0.07714709130136764,1.0,18.0,4.0,31.91,22.0,0.0,0.0,1.0,-2.06,-10.6
EVT_00299,26.74069,75.81865,1,INDUSTRIAL_ACCIDENTAL_FIRE,IOCL Jaipur Terminal Blast (Rajasthan),TRAIN,Official Disaster Investigation Record,0.98,False,False,127.38,376.32,341.55,849.8,446.49,34.77,32.09,2.0,0.0,811.11,0.0,0.0,0.0,0.0,0.07568706311310584,0.06811835680179526,0.0,18.0,4.0,27.34,22.0,0.0,0.0,1.0,-2.06,-10.6
EVT_00300,26.81343,75.79385,1,INDUSTRIAL_ACCIDENTAL_FIRE,IOCL Jaipur Terminal Blast (Rajasthan),TRAIN,Official Disaster Investigation Record,0.98,False,False,80.79,377.27,342.88,500.0,11489.35,34.39,35.93,2.0,0.0,816.52,0.0,0.0,0.0,0.0,0.14005847970010699,0.1260526317300963,0.0,18.0,4.0,15.7,6.0,0.0,0.0,1.0,-2.06,-10.6
EVT_00301,26.81596,75.80677,1,INDUSTRIAL_ACCIDENTAL_FIRE,IOCL Jaipur Terminal Blast (Rajasthan),TRAIN,Official Disaster Investigation Record,0.98,False,False,206.04,383.56,341.61,1500.0,71.19,41.95,36.98,2.0,0.0,815.28,0.0,0.0,0.0,0.0,0.1443295134907982,0.12989656214171838,1.0,18.0,4.0,47.01,9.0,0.0,0.0,1.0,-2.06,-10.6
EVT_00302,26.80583,75.83388,1,INDUSTRIAL_ACCIDENTAL_FIRE,IOCL Jaipur Terminal Blast (Rajasthan),TRAIN,Official Disaster Investigation Record,0.98,False,False,86.56,389.15,341.32,1500.0,82.87,47.83,38.0,2.0,0.0,812.07,0.0,0.0,0.0,0.0,0.1135578459371739,0.10220206134345651,1.0,18.0,4.0,17.14,9.0,0.0,0.0,1.0,-2.06,-10.6
EVT_00303,26.7831,75.83691,1,INDUSTRIAL_ACCIDENTAL_FIRE,IOCL Jaipur Terminal Blast (Rajasthan),TRAIN,Official Disaster Investigation Record,0.98,False,False,186.18,379.44,332.79,1500.0,63.4,46.65,36.49,2.0,0.0,810.86,0.0,0.0,0.0,0.0,0.21103730536897897,0.18993357483208106,0.0,18.0,4.0,42.05,9.0,0.0,0.0,1.0,-2.06,-10.6
EVT_00304,26.69512,75.82894,1,INDUSTRIAL_ACCIDENTAL_FIRE,IOCL Jaipur Terminal Blast (Rajasthan),TRAIN,Official Disaster Investigation Record,0.98,False,False,82.2,384.34,342.78,1500.0,72.74,41.56,30.19,2.0,0.0,808.29,0.0,0.0,0.0,0.0,0.20860603632164593,0.18774543268948135,1.0,18.0,4.0,16.05,13.0,0.0,0.0,1.0,-2.06,-10.6
EVT_00305,26.82323,75.8188,1,INDUSTRIAL_ACCIDENTAL_FIRE,IOCL Jaipur Terminal Blast (Rajasthan),TRAIN,Official Disaster Investigation Record,0.98,False,False,166.89,381.43,338.38,1500.0,67.08,43.05,38.37,2.0,0.0,814.32,0.0,0.0,0.0,0.0,0.16807045104074542,0.15126340593667087,1.0,18.0,4.0,37.22,5.0,0.0,0.0,1.0,-2.06,-10.6
EVT_00306,26.80268,75.85645,1,INDUSTRIAL_ACCIDENTAL_FIRE,IOCL Jaipur Terminal Blast (Rajasthan),TRAIN,Official Disaster Investigation Record,0.98,False,False,209.28,384.11,331.96,1500.0,72.25,52.15,39.39,2.0,0.0,809.6,0.0,0.0,0.0,0.0,0.08143106724805656,0.0732879605232509,1.0,18.0,4.0,47.82,10.0,0.0,0.0,1.0,-2.06,-10.6
EVT_00307,26.73837,75.88749,1,INDUSTRIAL_ACCIDENTAL_FIRE,IOCL Jaipur Terminal Blast (Rajasthan),TRAIN,Official Disaster Investigation Record,0.98,False,False,202.98,376.89,339.47,500.0,11310.77,37.43,37.62,2.0,0.0,803.86,0.0,0.0,0.0,0.0,0.12185239911639494,0.10966715920475545,0.0,18.0,4.0,46.25,21.0,0.0,0.0,1.0,-2.06,-10.6
EVT_00308,26.78143,75.79492,1,INDUSTRIAL_ACCIDENTAL_FIRE,IOCL Jaipur Terminal Blast (Rajasthan),TRAIN,Official Disaster Investigation Record,0.98,False,False,67.28,391.67,331.41,1500.0,88.54,60.26,33.35,2.0,0.0,815.15,0.0,0.0,0.0,0.0,0.14477351216798406,0.13029616095118565,0.0,18.0,4.0,12.32,21.0,0.0,0.0,1.0,-2.06,-10.6
EVT_00309,26.772,75.7952,1,INDUSTRIAL_ACCIDENTAL_FIRE,IOCL Jaipur Terminal Blast (Rajasthan),TRAIN,Official Disaster Investigation Record,0.98,False,False,147.3,361.94,333.66,536.3,4219.42,28.28,32.62,2.0,0.0,814.76,0.0,0.0,0.0,0.0,0.1987829187264204,0.17890462685377836,0.0,18.0,4.0,32.32,15.0,0.0,0.0,1.0,-2.06,-10.6
EVT_00310,26.82942,75.81072,1,INDUSTRIAL_ACCIDENTAL_FIRE,IOCL Jaipur Terminal Blast (Rajasthan),TRAIN,Official Disaster Investigation Record,0.98,False,False,99.07,369.73,332.7,849.7,366.52,37.03,38.37,2.0,0.0,815.4,0.0,0.0,0.0,0.0,0.08287956672909448,0.07459161005618503,1.0,18.0,4.0,20.27,14.0,0.0,0.0,1.0,-2.06,-10.6
EVT_00311,26.80355,75.85071,1,INDUSTRIAL_ACCIDENTAL_FIRE,IOCL Jaipur Terminal Blast (Rajasthan),TRAIN,Official Disaster Investigation Record,0.98,False,False,67.72,381.81,330.98,1500.0,67.78,50.83,39.03,2.0,0.0,810.23,0.0,0.0,0.0,0.0,0.12332715269514118,0.11099443742562706,1.0,18.0,4.0,12.43,11.0,0.0,0.0,1.0,-2.06,-10.6
EVT_00312,26.73663,75.77864,1,INDUSTRIAL_ACCIDENTAL_FIRE,IOCL Jaipur Terminal Blast (Rajasthan),TRAIN,Official Disaster Investigation Record,0.98,False,False,196.29,386.48,335.36,1500.0,77.1,51.13,28.73,2.0,0.0,815.12,0.0,0.0,0.0,0.0,0.055898741161382284,0.05030886704524406,1.0,18.0,4.0,44.57,5.0,0.0,0.0,1.0,-2.06,-10.6
EVT_00313,26.72567,75.85761,1,INDUSTRIAL_ACCIDENTAL_FIRE,IOCL Jaipur Terminal Blast (Rajasthan),TRAIN,Official Disaster Investigation Record,0.98,False,False,204.42,380.75,332.22,1500.0,65.79,48.54,34.35,2.0,0.0,806.47,0.0,0.0,0.0,0.0,0.22753385794951647,0.20478047215456482,1.0,18.0,4.0,46.6,6.0,0.0,0.0,1.0,-2.06,-10.6
EVT_00314,26.8385,75.82624,1,INDUSTRIAL_ACCIDENTAL_FIRE,IOCL Jaipur Terminal Blast (Rajasthan),TRAIN,Official Disaster Investigation Record,0.98,False,False,213.46,378.74,334.71,1500.0,62.16,44.03,40.13,2.0,0.0,814.16,0.0,0.0,0.0,0.0,0.2856810797735281,0.25711297179617526,1.0,18.0,4.0,48.86,24.0,0.0,0.0,1.0,-2.06,-10.6
EVT_00315,26.7988,75.83181,1,INDUSTRIAL_ACCIDENTAL_FIRE,IOCL Jaipur Terminal Blast (Rajasthan),TRAIN,Official Disaster Investigation Record,0.98,False,False,99.93,383.15,330.45,1500.0,70.34,52.7,37.3,2.0,0.0,812.01,0.0,0.0,0.0,0.0,0.09895827103356751,0.08906244393021076,0.0,18.0,4.0,20.48,14.0,0.0,0.0,1.0,-2.06,-10.6
EVT_00316,26.7402,75.79712,1,INDUSTRIAL_ACCIDENTAL_FIRE,IOCL Jaipur Terminal Blast (Rajasthan),TRAIN,Official Disaster Investigation Record,0.98,False,False,205.5,385.19,337.64,1500.0,74.44,47.55,30.39,2.0,0.0,813.33,0.0,0.0,0.0,0.0,0.09097025594512055,0.08187323035060849,1.0,18.0,4.0,46.87,5.0,0.0,0.0,1.0,-2.06,-10.6
EVT_00317,26.80235,75.82171,1,INDUSTRIAL_ACCIDENTAL_FIRE,IOCL Jaipur Terminal Blast (Rajasthan),TRAIN,Official Disaster Investigation Record,0.98,False,False,202.97,382.63,322.15,1500.0,69.3,60.48,36.87,2.0,0.0,813.19,0.0,0.0,0.0,0.0,0.22693033756688186,0.20423730381019367,0.0,18.0,4.0,46.24,21.0,0.0,0.0,1.0,-2.06,-10.6
EVT_00318,26.77983,75.85706,1,INDUSTRIAL_ACCIDENTAL_FIRE,IOCL Jaipur Terminal Blast (Rajasthan),TRAIN,Official Disaster Investigation Record,0.98,False,False,182.97,369.8,329.96,849.7,367.1,39.83,37.78,2.0,0.0,808.64,0.0,0.0,0.0,0.0,0.13856694121026164,0.12471024708923548,1.0,18.0,4.0,41.24,18.0,0.0,0.0,1.0,-2.06,-10.6
EVT_00319,26.77335,75.81749,1,INDUSTRIAL_ACCIDENTAL_FIRE,IOCL Jaipur Terminal Blast (Rajasthan),TRAIN,Official Disaster Investigation Record,0.98,False,False,149.72,383.38,344.61,849.9,546.19,38.77,34.33,2.0,0.0,812.49,0.0,0.0,0.0,0.0,0.15820400055236733,0.1423836004971306,0.0,18.0,4.0,32.93,10.0,0.0,0.0,1.0,-2.06,-10.6
EVT_00320,26.73016,75.82067,1,INDUSTRIAL_ACCIDENTAL_FIRE,IOCL Jaipur Terminal Blast (Rajasthan),TRAIN,Official Disaster Investigation Record,0.98,False,False,213.9,381.14,339.12,1500.0,66.53,42.02,31.56,2.0,0.0,810.49,0.0,0.0,0.0,0.0,0.0992314261133571,0.08930828350202138,1.0,18.0,4.0,48.97,20.0,0.0,0.0,1.0,-2.06,-10.6
EVT_00321,26.79913,75.82606,1,INDUSTRIAL_ACCIDENTAL_FIRE,IOCL Jaipur Terminal Blast (Rajasthan),TRAIN,Official Disaster Investigation Record,0.98,False,False,136.14,371.41,335.85,500.0,9594.15,35.56,36.92,2.0,0.0,812.62,0.0,0.0,0.0,0.0,0.27984685114316815,0.25186216602885136,0.0,18.0,4.0,29.53,10.0,0.0,0.0,1.0,-2.06,-10.6
EVT_00322,26.7857,75.83145,1,INDUSTRIAL_ACCIDENTAL_FIRE,IOCL Jaipur Terminal Blast (Rajasthan),TRAIN,Official Disaster Investigation Record,0.98,False,False,205.72,389.94,330.93,1500.0,84.58,59.01,36.28,2.0,0.0,811.53,0.0,0.0,0.0,0.0,0.2859253982050552,0.25733285838454967,1.0,18.0,4.0,46.93,20.0,0.0,0.0,1.0,-2.06,-10.6
EVT_00323,26.77703,75.78648,1,INDUSTRIAL_ACCIDENTAL_FIRE,IOCL Jaipur Terminal Blast (Rajasthan),TRAIN,Official Disaster Investigation Record,0.98,False,False,164.3,376.35,340.82,849.8,446.79,35.53,32.42,2.0,0.0,815.86,0.0,0.0,0.0,0.0,0.21665011976165482,0.19498510778548936,0.0,18.0,4.0,36.57,22.0,0.0,0.0,1.0,-2.06,-10.6
EVT_00324,26.77978,75.88468,1,INDUSTRIAL_ACCIDENTAL_FIRE,IOCL Jaipur Terminal Blast (Rajasthan),TRAIN,Official Disaster Investigation Record,0.98,False,False,100.44,390.57,333.55,1500.0,86.02,57.02,39.94,2.0,0.0,805.77,0.0,0.0,0.0,0.0,0.2085909222179218,0.18773182999612964,0.0,18.0,4.0,20.61,12.0,0.0,0.0,1.0,-2.06,-10.6
EVT_00325,26.79644,75.85499,1,INDUSTRIAL_ACCIDENTAL_FIRE,IOCL Jaipur Terminal Blast (Rajasthan),TRAIN,Official Disaster Investigation Record,0.98,False,False,69.52,383.62,328.89,1500.0,71.25,54.73,38.82,2.0,0.0,809.51,0.0,0.0,0.0,0.0,0.17022253665075227,0.15320028298567703,1.0,18.0,4.0,12.88,14.0,0.0,0.0,1.0,-2.06,-10.6
EVT_00326,26.90236,75.77878,1,INDUSTRIAL_ACCIDENTAL_FIRE,IOCL Jaipur Terminal Blast (Rajasthan),TRAIN,Official Disaster Investigation Record,0.98,False,False,79.06,405.31,332.85,1500.0,125.04,72.46,43.21,2.0,0.0,821.64,0.0,0.0,0.0,0.0,0.05815448708539163,0.05233903837685247,0.0,18.0,4.0,15.27,11.0,0.0,0.0,1.0,-2.06,-10.6
EVT_00327,26.71467,75.86526,1,INDUSTRIAL_ACCIDENTAL_FIRE,IOCL Jaipur Terminal Blast (Rajasthan),TRAIN,Official Disaster Investigation Record,0.98,False,False,152.43,378.84,340.53,661.6,1795.99,38.3,34.4,2.0,0.0,805.25,0.0,0.0,0.0,0.0,0.1396446153812183,0.12568015384309647,1.0,18.0,4.0,33.61,22.0,0.0,0.0,1.0,-2.06,-10.6
EVT_00328,26.79705,75.85301,1,INDUSTRIAL_ACCIDENTAL_FIRE,IOCL Jaipur Terminal Blast (Rajasthan),TRAIN,Official Disaster Investigation Record,0.98,False,False,99.86,388.97,328.95,1500.0,82.42,60.03,38.72,2.0,0.0,809.74,0.0,0.0,0.0,0.0,0.15784516219351868,0.14206064597416682,1.0,18.0,4.0,20.46,23.0,0.0,0.0,1.0,-2.06,-10.6
EVT_00329,26.71614,75.80334,1,INDUSTRIAL_ACCIDENTAL_FIRE,IOCL Jaipur Terminal Blast (Rajasthan),TRAIN,Official Disaster Investigation Record,0.98,False,False,131.67,383.36,336.21,1500.0,70.78,47.15,29.25,2.0,0.0,811.76,0.0,0.0,0.0,0.0,0.27593939294378556,0.248345453649407,1.0,18.0,4.0,28.42,9.0,0.0,0.0,1.0,-2.06,-10.6
EVT_00330,26.82939,75.81581,1,INDUSTRIAL_ACCIDENTAL_FIRE,IOCL Jaipur Terminal Blast (Rajasthan),TRAIN,Official Disaster Investigation Record,0.98,False,False,96.73,381.75,310.7,1500.0,67.51,71.05,38.69,2.0,0.0,814.88,0.0,0.0,0.0,0.0,0.1977825758146291,0.1780043182331662,0.0,18.0,4.0,19.68,23.0,0.0,0.0,1.0,-2.06,-10.6
EVT_00331,26.76495,75.83302,1,INDUSTRIAL_ACCIDENTAL_FIRE,IOCL Jaipur Terminal Blast (Rajasthan),TRAIN,Official Disaster Investigation Record,0.98,False,False,110.76,372.57,344.7,849.8,399.69,27.87,34.89,2.0,0.0,810.55,0.0,0.0,0.0,0.0,0.2698741426820316,0.24288672841382844,1.0,18.0,4.0,23.19,19.0,0.0,0.0,1.0,-2.06,-10.6
EVT_00332,26.79529,75.84415,1,INDUSTRIAL_ACCIDENTAL_FIRE,IOCL Jaipur Terminal Blast (Rajasthan),TRAIN,Official Disaster Investigation Record,0.98,False,False,184.52,396.12,327.5,1500.0,99.36,68.62,37.93,2.0,0.0,810.59,0.0,0.0,0.0,0.0,0.21366267171648862,0.19229640454483976,0.0,18.0,4.0,41.63,21.0,0.0,0.0,1.0,-2.06,-10.6
EVT_00333,26.71775,75.84119,1,INDUSTRIAL_ACCIDENTAL_FIRE,IOCL Jaipur Terminal Blast (Rajasthan),TRAIN,Official Disaster Investigation Record,0.98,False,False,84.82,380.46,334.43,1500.0,65.26,46.03,32.5,2.0,0.0,807.88,0.0,0.0,0.0,0.0,0.2413866876289652,0.21724801886606868,0.0,18.0,4.0,16.7,10.0,0.0,0.0,1.0,-2.06,-10.6
EVT_00334,26.7544,75.79419,1,INDUSTRIAL_ACCIDENTAL_FIRE,IOCL Jaipur Terminal Blast (Rajasthan),TRAIN,Official Disaster Investigation Record,0.98,False,False,65.23,375.73,329.76,1500.0,56.97,45.97,31.2,2.0,0.0,814.18,0.0,0.0,0.0,0.0,0.2323361985219991,0.2091025786697992,1.0,18.0,4.0,11.81,10.0,0.0,0.0,1.0,-2.06,-10.6
EVT_00335,26.80842,75.87682,1,INDUSTRIAL_ACCIDENTAL_FIRE,IOCL Jaipur Terminal Blast (Rajasthan),TRAIN,Official Disaster Investigation Record,0.98,False,False,159.49,398.34,331.63,1500.0,105.18,66.71,41.33,2.0,0.0,807.72,0.0,0.0,0.0,0.0,0.27401019991430475,0.2466091799228743,1.0,18.0,4.0,35.37,20.0,0.0,0.0,1.0,-2.06,-10.6
EVT_00336,26.76375,75.84617,1,INDUSTRIAL_ACCIDENTAL_FIRE,IOCL Jaipur Terminal Blast (Rajasthan),TRAIN,Official Disaster Investigation Record,0.98,False,False,190.04,392.05,333.24,1500.0,89.45,58.81,35.82,2.0,0.0,809.14,0.0,0.0,0.0,0.0,0.29621460069061895,0.26659314062155703,1.0,18.0,4.0,43.01,12.0,0.0,0.0,1.0,-2.06,-10.6
EVT_00337,26.75906,75.838,1,INDUSTRIAL_ACCIDENTAL_FIRE,IOCL Jaipur Terminal Blast (Rajasthan),TRAIN,Official Disaster Investigation Record,0.98,False,False,90.93,401.22,337.68,691.0,2562.85,63.54,34.86,2.0,0.0,809.81,0.0,0.0,0.0,0.0,0.2451579293563893,0.22064213642075037,1.0,18.0,4.0,18.23,15.0,0.0,0.0,1.0,-2.06,-10.6
EVT_00338,26.76863,75.91051,1,INDUSTRIAL_ACCIDENTAL_FIRE,IOCL Jaipur Terminal Blast (Rajasthan),TRAIN,Official Disaster Investigation Record,0.98,False,False,162.98,389.28,333.98,1500.0,83.12,55.3,41.34,2.0,0.0,802.65,0.0,0.0,0.0,0.0,0.08248534306698531,0.07423680876028678,1.0,18.0,4.0,36.25,21.0,0.0,0.0,1.0,-2.06,-10.6
EVT_00339,26.84985,75.93885,1,INDUSTRIAL_ACCIDENTAL_FIRE,IOCL Jaipur Terminal Blast (Rajasthan),TRAIN,Official Disaster Investigation Record,0.98,False,False,193.26,390.46,333.72,1500.0,85.78,56.74,49.0,2.0,0.0,802.97,0.0,0.0,0.0,0.0,0.22430234547740918,0.20187211092966828,1.0,18.0,4.0,43.82,10.0,0.0,0.0,1.0,-2.06,-10.6
EVT_00340,26.78805,75.84742,1,INDUSTRIAL_ACCIDENTAL_FIRE,IOCL Jaipur Terminal Blast (Rajasthan),TRAIN,Official Disaster Investigation Record,0.98,False,False,107.48,390.99,337.95,1500.0,87.01,53.04,37.64,2.0,0.0,809.96,0.0,0.0,0.0,0.0,0.25176772596667574,0.22659095337000817,0.0,18.0,4.0,22.37,17.0,0.0,0.0,1.0,-2.06,-10.6
EVT_00341,23.76246,86.37102,4,MINING_COAL_SEAM_FIRE,Jharia Coal Basin (Jharkhand),TRAIN,BCCL Coal Seam Fire Survey,0.98,False,False,23.32,336.69,320.56,500.0,2774.19,16.12,20.39,2.0,0.0,4.99,0.0,0.0,0.0,0.0,0.7922584200180364,0.7130325780162328,1.0,22.0,5.0,0.26,169.0,0.0,0.0,1.0,2.56,-5.76
EVT_00342,23.7559,86.39128,4,MINING_COAL_SEAM_FIRE,Jharia Coal Basin (Jharkhand),TRAIN,BCCL Coal Seam Fire Survey,0.98,False,False,12.66,329.44,321.78,844.5,83.95,7.66,18.82,2.0,0.0,2.73,0.0,0.0,0.0,0.0,0.8936490647013037,0.8042841582311733,1.0,22.0,5.0,-1.87,137.0,0.0,0.0,1.0,2.56,-5.76
EVT_00343,23.77764,86.42271,4,MINING_COAL_SEAM_FIRE,Jharia Coal Basin (Jharkhand),TRAIN,BCCL Coal Seam Fire Survey,0.98,False,False,25.03,333.66,312.4,846.1,100.95,21.25,20.11,2.0,0.0,4.41,0.0,0.0,0.0,0.0,0.8471676140371754,0.7624508526334579,0.0,22.0,5.0,0.61,119.0,0.0,0.0,1.0,2.56,-5.76
EVT_00344,23.74025,86.38689,4,MINING_COAL_SEAM_FIRE,Jharia Coal Basin (Jharkhand),TRAIN,BCCL Coal Seam Fire Survey,0.98,False,False,16.66,336.49,317.68,846.9,113.78,18.81,17.45,2.0,0.0,2.57,0.0,0.0,0.0,0.0,0.8800012186172884,0.7920010967555596,0.0,22.0,5.0,-1.07,155.0,0.0,0.0,1.0,2.56,-5.76
EVT_00345,23.75472,86.3994,4,MINING_COAL_SEAM_FIRE,Jharia Coal Basin (Jharkhand),TRAIN,BCCL Coal Seam Fire Survey,0.98,False,False,28.25,335.9,320.04,846.8,111.05,15.86,18.38,2.0,0.0,2.01,0.0,0.0,0.0,0.0,0.7107923828437545,0.639713144559379,0.0,22.0,5.0,1.25,136.0,0.0,0.0,1.0,2.56,-5.76
EVT_00346,23.71727,86.43702,4,MINING_COAL_SEAM_FIRE,Jharia Coal Basin (Jharkhand),TRAIN,BCCL Coal Seam Fire Survey,0.98,False,False,33.65,338.56,323.74,847.4,123.84,14.82,13.24,2.0,0.0,3.92,0.0,0.0,0.0,0.0,0.9171304711684412,0.825417424051597,1.0,22.0,5.0,2.33,159.0,0.0,0.0,1.0,2.56,-5.76
EVT_00347,23.72627,86.39521,4,MINING_COAL_SEAM_FIRE,Jharia Coal Basin (Jharkhand),TRAIN,BCCL Coal Seam Fire Survey,0.98,False,False,16.98,332.73,315.04,504.6,2163.18,17.69,15.68,2.0,0.0,2.24,0.0,0.0,0.0,0.0,0.7440794111598458,0.6696714700438612,0.0,22.0,5.0,-1.0,84.0,0.0,0.0,1.0,2.56,-5.76
EVT_00348,23.71798,86.46368,4,MINING_COAL_SEAM_FIRE,Jharia Coal Basin (Jharkhand),TRAIN,BCCL Coal Seam Fire Survey,0.98,False,False,29.82,330.32,309.17,844.9,87.23,21.15,12.98,2.0,0.0,6.44,0.0,0.0,0.0,0.0,0.7163596550020491,0.6447236895018442,1.0,22.0,5.0,1.56,126.0,0.0,0.0,1.0,2.56,-5.76
EVT_00349,23.74577,86.40858,4,MINING_COAL_SEAM_FIRE,Jharia Coal Basin (Jharkhand),TRAIN,BCCL Coal Seam Fire Survey,0.98,False,False,15.02,336.5,319.42,846.9,113.85,17.08,17.12,2.0,0.0,0.66,0.0,0.0,0.0,0.0,0.873348562765247,0.7860137064887223,0.0,22.0,5.0,-1.4,172.0,0.0,0.0,1.0,2.56,-5.76
EVT_00350,23.7297,86.39152,4,MINING_COAL_SEAM_FIRE,Jharia Coal Basin (Jharkhand),TRAIN,BCCL Coal Seam Fire Survey,0.98,False,False,37.49,330.46,309.33,844.9,87.79,21.14,16.2,2.0,0.0,2.35,0.0,0.0,0.0,0.0,0.6236258913393377,0.5612633022054039,0.0,22.0,5.0,3.1,96.0,0.0,0.0,1.0,2.56,-5.76
EVT_00351,23.74396,86.37712,4,MINING_COAL_SEAM_FIRE,Jharia Coal Basin (Jharkhand),TRAIN,BCCL Coal Seam Fire Survey,0.98,False,False,16.94,333.22,317.51,509.9,2050.83,15.7,18.29,2.0,0.0,3.68,0.0,0.0,0.0,0.0,0.8037641305324064,0.7233877174791657,1.0,22.0,5.0,-1.01,128.0,0.0,0.0,1.0,2.56,-5.76
EVT_00352,23.68762,86.38725,4,MINING_COAL_SEAM_FIRE,Jharia Coal Basin (Jharkhand),TRAIN,BCCL Coal Seam Fire Survey,0.98,False,False,18.98,332.58,310.2,500.0,2295.62,22.38,12.55,2.0,0.0,6.34,0.0,0.0,0.0,0.0,0.7006115827140376,0.6305504244426339,0.0,22.0,5.0,-0.6,101.0,0.0,0.0,1.0,2.56,-5.76
EVT_00353,23.75,86.37266,4,MINING_COAL_SEAM_FIRE,Jharia Coal Basin (Jharkhand),TRAIN,BCCL Coal Seam Fire Survey,0.98,False,False,30.09,332.42,313.11,845.7,95.71,19.31,19.1,2.0,0.0,4.29,0.0,0.0,0.0,0.0,0.7603077740838905,0.6842769966755015,1.0,22.0,5.0,1.62,145.0,0.0,0.0,1.0,2.56,-5.76
EVT_00354,23.78165,86.44548,4,MINING_COAL_SEAM_FIRE,Jharia Coal Basin (Jharkhand),TRAIN,BCCL Coal Seam Fire Survey,0.98,False,False,19.05,325.13,319.7,842.1,68.62,5.42,20.17,2.0,0.0,6.07,0.0,0.0,0.0,0.0,0.809183898945946,0.7282655090513515,0.0,22.0,5.0,-0.59,144.0,0.0,0.0,1.0,2.56,-5.76
EVT_00355,23.73531,86.37476,4,MINING_COAL_SEAM_FIRE,Jharia Coal Basin (Jharkhand),TRAIN,BCCL Coal Seam Fire Survey,0.98,False,False,36.42,326.52,318.03,843.0,73.34,8.49,17.59,2.0,0.0,3.95,0.0,0.0,0.0,0.0,0.6023387452283607,0.5421048707055247,0.0,22.0,5.0,2.88,179.0,0.0,0.0,1.0,2.56,-5.76
EVT_00356,23.77666,86.45094,4,MINING_COAL_SEAM_FIRE,Jharia Coal Basin (Jharkhand),TRAIN,BCCL Coal Seam Fire Survey,0.98,False,False,27.16,331.85,315.83,845.5,93.42,16.03,19.56,2.0,0.0,6.1,0.0,0.0,0.0,0.0,0.688585538712863,0.6197269848415767,0.0,22.0,5.0,1.03,80.0,0.0,0.0,1.0,2.56,-5.76
EVT_00357,23.76528,86.37869,4,MINING_COAL_SEAM_FIRE,Jharia Coal Basin (Jharkhand),TRAIN,BCCL Coal Seam Fire Survey,0.98,False,False,17.58,340.12,318.79,847.7,131.75,21.33,20.31,2.0,0.0,4.47,0.0,0.0,0.0,0.0,0.8327480806832208,0.7494732726148987,0.0,22.0,5.0,-0.88,106.0,0.0,0.0,1.0,2.56,-5.76
EVT_00358,23.70975,86.40507,4,MINING_COAL_SEAM_FIRE,Jharia Coal Basin (Jharkhand),TRAIN,BCCL Coal Seam Fire Survey,0.98,False,False,23.28,334.58,316.76,846.4,105.05,17.82,13.59,2.0,0.0,3.4,0.0,0.0,0.0,0.0,0.6905490747544043,0.6214941672789639,0.0,22.0,5.0,0.26,152.0,0.0,0.0,1.0,2.56,-5.76
EVT_00359,23.74923,86.35665,4,MINING_COAL_SEAM_FIRE,Jharia Coal Basin (Jharkhand),TRAIN,BCCL Coal Seam Fire Survey,0.98,False,False,17.3,339.1,320.14,847.5,126.51,18.95,19.9,2.0,0.0,6.01,0.0,0.0,0.0,0.0,0.8288979323189304,0.7460081390870373,0.0,22.0,5.0,-0.94,190.0,0.0,0.0,1.0,2.56,-5.76
EVT_00360,23.71257,86.38583,4,MINING_COAL_SEAM_FIRE,Jharia Coal Basin (Jharkhand),TRAIN,BCCL Coal Seam Fire Survey,0.98,False,False,13.63,328.42,312.67,537.0,1110.42,15.75,14.86,2.0,0.0,4.06,0.0,0.0,0.0,0.0,0.7606291808088871,0.6845662627279984,0.0,22.0,5.0,-1.67,137.0,0.0,0.0,1.0,2.56,-5.76
EVT_00361,23.79585,86.4672,4,MINING_COAL_SEAM_FIRE,Jharia Coal Basin (Jharkhand),TRAIN,BCCL Coal Seam Fire Survey,0.98,False,False,35.01,325.61,311.47,500.0,1643.69,14.13,21.63,2.0,0.0,8.87,0.0,0.0,0.0,0.0,0.7341494838747704,0.6607345354872934,0.0,22.0,5.0,2.6,142.0,0.0,0.0,1.0,2.56,-5.76
EVT_00362,23.69099,86.41724,4,MINING_COAL_SEAM_FIRE,Jharia Coal Basin (Jharkhand),TRAIN,BCCL Coal Seam Fire Survey,0.98,False,False,31.19,340.09,318.73,847.7,131.56,21.36,11.17,2.0,0.0,5.5,0.0,0.0,0.0,0.0,0.782507158458408,0.7042564426125673,1.0,22.0,5.0,1.84,185.0,0.0,0.0,1.0,2.56,-5.76
EVT_00363,23.69184,86.39811,4,MINING_COAL_SEAM_FIRE,Jharia Coal Basin (Jharkhand),TRAIN,BCCL Coal Seam Fire Survey,0.98,False,False,34.5,330.02,320.3,844.8,86.16,9.72,12.25,2.0,0.0,5.51,0.0,0.0,0.0,0.0,0.920340014721238,0.8283060132491142,0.0,22.0,5.0,2.5,161.0,0.0,0.0,1.0,2.56,-5.76
EVT_00364,23.73192,86.46086,4,MINING_COAL_SEAM_FIRE,Jharia Coal Basin (Jharkhand),TRAIN,BCCL Coal Seam Fire Survey,0.98,False,False,30.34,326.31,318.77,842.8,72.61,7.54,14.54,2.0,0.0,5.72,0.0,0.0,0.0,0.0,0.749660466796168,0.6746944201165512,0.0,22.0,5.0,1.67,186.0,0.0,0.0,1.0,2.56,-5.76
EVT_00365,23.72077,86.44009,4,MINING_COAL_SEAM_FIRE,Jharia Coal Basin (Jharkhand),TRAIN,BCCL Coal Seam Fire Survey,0.98,False,False,19.83,331.06,315.82,845.2,90.23,15.25,13.56,2.0,0.0,3.96,0.0,0.0,0.0,0.0,0.7759209349205456,0.698328841428491,1.0,22.0,5.0,-0.43,133.0,0.0,0.0,1.0,2.56,-5.76
EVT_00366,23.77426,86.37477,4,MINING_COAL_SEAM_FIRE,Jharia Coal Basin (Jharkhand),TRAIN,BCCL Coal Seam Fire Survey,0.98,False,False,36.02,332.86,315.39,500.0,2335.9,17.47,21.39,2.0,0.0,5.45,0.0,0.0,0.0,0.0,0.6391582157921933,0.5752423942129741,0.0,22.0,5.0,2.8,192.0,0.0,0.0,1.0,2.56,-5.76
EVT_00367,23.75899,86.37364,4,MINING_COAL_SEAM_FIRE,Jharia Coal Basin (Jharkhand),TRAIN,BCCL Coal Seam Fire Survey,0.98,False,False,29.81,333.68,316.66,846.1,101.09,17.02,19.93,2.0,0.0,4.55,0.0,0.0,0.0,0.0,0.6386511521938859,0.5747860369744974,1.0,22.0,5.0,1.56,147.0,0.0,0.0,1.0,2.56,-5.76
EVT_00368,23.73636,86.43729,4,MINING_COAL_SEAM_FIRE,Jharia Coal Basin (Jharkhand),TRAIN,BCCL Coal Seam Fire Survey,0.98,False,False,31.31,324.89,317.41,841.9,67.82,7.47,15.31,2.0,0.0,3.06,0.0,0.0,0.0,0.0,0.6268225322663371,0.5641402790397034,0.0,22.0,5.0,1.86,188.0,0.0,0.0,1.0,2.56,-5.76
EVT_00369,23.75921,86.40108,4,MINING_COAL_SEAM_FIRE,Jharia Coal Basin (Jharkhand),TRAIN,BCCL Coal Seam Fire Survey,0.98,False,False,21.22,332.37,317.31,500.0,2288.85,15.06,18.78,2.0,0.0,2.35,0.0,0.0,0.0,0.0,0.7769719536976856,0.6992747583279171,0.0,22.0,5.0,-0.16,176.0,0.0,0.0,1.0,2.56,-5.76
EVT_00370,23.76233,86.39996,4,MINING_COAL_SEAM_FIRE,Jharia Coal Basin (Jharkhand),TRAIN,BCCL Coal Seam Fire Survey,0.98,False,False,32.66,334.54,307.37,846.4,104.72,27.17,19.15,2.0,0.0,2.72,0.0,0.0,0.0,0.0,0.9095317914580399,0.8185786123122359,1.0,22.0,5.0,2.13,159.0,0.0,0.0,1.0,2.56,-5.76
EVT_00371,23.72637,86.46568,4,MINING_COAL_SEAM_FIRE,Jharia Coal Basin (Jharkhand),TRAIN,BCCL Coal Seam Fire Survey,0.98,False,False,29.51,327.48,317.44,843.5,76.73,10.05,13.91,2.0,0.0,6.36,0.0,0.0,0.0,0.0,0.6627386395087482,0.5964647755578735,0.0,22.0,5.0,1.5,190.0,0.0,0.0,1.0,2.56,-5.76
EVT_00372,23.64336,86.39542,4,MINING_COAL_SEAM_FIRE,Jharia Coal Basin (Jharkhand),TRAIN,BCCL Coal Seam Fire Survey,0.98,False,False,25.83,336.1,317.64,500.0,2698.89,18.45,8.63,2.0,0.0,10.85,0.0,0.0,0.0,0.0,0.8763012679683169,0.7886711411714852,1.0,22.0,5.0,0.77,197.0,0.0,0.0,1.0,2.56,-5.76
EVT_00373,23.71516,86.36595,4,MINING_COAL_SEAM_FIRE,Jharia Coal Basin (Jharkhand),TRAIN,BCCL Coal Seam Fire Survey,0.98,False,False,25.5,331.91,314.77,845.5,93.66,17.15,16.29,2.0,0.0,5.61,0.0,0.0,0.0,0.0,0.8127134390834784,0.7314420951751306,1.0,22.0,5.0,0.7,198.0,0.0,0.0,1.0,2.56,-5.76
EVT_00374,23.71146,86.37853,4,MINING_COAL_SEAM_FIRE,Jharia Coal Basin (Jharkhand),TRAIN,BCCL Coal Seam Fire Survey,0.98,False,False,26.87,338.99,312.84,847.5,125.87,26.15,15.18,2.0,0.0,4.72,0.0,0.0,0.0,0.0,0.9451863351829904,0.8506677016646914,0.0,22.0,5.0,0.97,112.0,0.0,0.0,1.0,2.56,-5.76
EVT_00375,23.78696,86.32843,4,MINING_COAL_SEAM_FIRE,Jharia Coal Basin (Jharkhand),TRAIN,BCCL Coal Seam Fire Survey,0.98,False,False,16.46,338.43,320.22,847.3,123.16,18.21,21.19,2.0,0.0,10.45,0.0,0.0,0.0,0.0,0.7750394632268194,0.6975355169041375,0.0,22.0,5.0,-1.11,197.0,0.0,0.0,1.0,2.56,-5.76
EVT_00376,23.72744,86.41198,4,MINING_COAL_SEAM_FIRE,Jharia Coal Basin (Jharkhand),TRAIN,BCCL Coal Seam Fire Survey,0.98,False,False,24.89,333.67,317.21,846.1,101.04,16.46,15.09,2.0,0.0,1.41,0.0,0.0,0.0,0.0,0.9265945320429079,0.8339350788386171,0.0,22.0,5.0,0.58,167.0,0.0,0.0,1.0,2.56,-5.76
EVT_00377,23.70515,86.43279,4,MINING_COAL_SEAM_FIRE,Jharia Coal Basin (Jharkhand),TRAIN,BCCL Coal Seam Fire Survey,0.98,False,False,17.31,337.29,315.06,847.1,117.53,22.23,12.05,2.0,0.0,4.62,0.0,0.0,0.0,0.0,0.7777317723855727,0.6999585951470154,0.0,22.0,5.0,-0.94,192.0,0.0,0.0,1.0,2.56,-5.76
EVT_00378,23.77597,86.42121,4,MINING_COAL_SEAM_FIRE,Jharia Coal Basin (Jharkhand),TRAIN,BCCL Coal Seam Fire Survey,0.98,False,False,35.03,328.47,322.84,844.0,80.32,5.63,19.96,2.0,0.0,4.18,0.0,0.0,0.0,0.0,0.6776651612745305,0.6098986451470775,0.0,22.0,5.0,2.61,95.0,0.0,0.0,1.0,2.56,-5.76
EVT_00379,23.78356,86.41462,4,MINING_COAL_SEAM_FIRE,Jharia Coal Basin (Jharkhand),TRAIN,BCCL Coal Seam Fire Survey,0.98,False,False,24.61,334.81,317.35,846.5,106.05,17.45,20.95,2.0,0.0,4.86,0.0,0.0,0.0,0.0,0.7167699385429029,0.6450929446886127,0.0,22.0,5.0,0.52,157.0,0.0,0.0,1.0,2.56,-5.76
EVT_00380,23.78661,86.41154,4,MINING_COAL_SEAM_FIRE,Jharia Coal Basin (Jharkhand),TRAIN,BCCL Coal Seam Fire Survey,0.98,False,False,12.35,330.92,305.88,845.1,89.55,25.04,21.35,2.0,0.0,5.18,0.0,0.0,0.0,0.0,0.7434087327550286,0.6690678594795257,0.0,22.0,5.0,-1.93,97.0,0.0,0.0,1.0,2.56,-5.76
EVT_00381,23.7385,86.41203,4,MINING_COAL_SEAM_FIRE,Jharia Coal Basin (Jharkhand),TRAIN,BCCL Coal Seam Fire Survey,0.98,False,False,37.17,337.24,307.01,847.1,117.14,30.23,16.24,2.0,0.0,0.28,0.0,0.0,0.0,0.0,0.623297654769978,0.5609678892929802,0.0,22.0,5.0,3.03,124.0,0.0,0.0,1.0,2.56,-5.76
EVT_00382,23.76753,86.30802,4,MINING_COAL_SEAM_FIRE,Jharia Coal Basin (Jharkhand),TRAIN,BCCL Coal Seam Fire Survey,0.98,False,False,30.96,329.25,315.63,500.0,1975.42,13.62,18.69,2.0,0.0,11.72,0.0,0.0,0.0,0.0,0.8129431275580061,0.7316488148022056,0.0,22.0,5.0,1.79,83.0,0.0,0.0,1.0,2.56,-5.76
EVT_00383,23.80166,86.4001,4,MINING_COAL_SEAM_FIRE,Jharia Coal Basin (Jharkhand),TRAIN,BCCL Coal Seam Fire Survey,0.98,False,False,12.22,339.45,319.87,847.6,128.28,19.57,23.29,2.0,0.0,6.93,0.0,0.0,0.0,0.0,0.6761835898531876,0.6085652308678688,0.0,22.0,5.0,-1.96,128.0,0.0,0.0,1.0,2.56,-5.76
EVT_00384,23.79062,86.36139,4,MINING_COAL_SEAM_FIRE,Jharia Coal Basin (Jharkhand),TRAIN,BCCL Coal Seam Fire Survey,0.98,False,False,23.08,333.52,313.68,846.1,100.37,19.84,23.62,2.0,0.0,7.79,0.0,0.0,0.0,0.0,0.791811324832484,0.7126301923492355,0.0,22.0,5.0,0.22,141.0,0.0,0.0,1.0,2.56,-5.76
EVT_00385,23.74293,86.45937,4,MINING_COAL_SEAM_FIRE,Jharia Coal Basin (Jharkhand),TRAIN,BCCL Coal Seam Fire Survey,0.98,False,False,28.13,335.05,312.56,846.5,107.07,22.49,15.77,2.0,0.0,5.49,0.0,0.0,0.0,0.0,0.8597886155196804,0.7738097539677125,1.0,22.0,5.0,1.23,88.0,0.0,0.0,1.0,2.56,-5.76
EVT_00386,23.69978,86.35366,4,MINING_COAL_SEAM_FIRE,Jharia Coal Basin (Jharkhand),TRAIN,BCCL Coal Seam Fire Survey,0.98,False,False,27.74,330.56,313.24,845.0,88.2,17.32,15.88,2.0,0.0,7.68,0.0,0.0,0.0,0.0,0.7516070889603083,0.6764463800642775,0.0,22.0,5.0,1.15,185.0,0.0,0.0,1.0,2.56,-5.76
EVT_00387,23.80526,86.44885,4,MINING_COAL_SEAM_FIRE,Jharia Coal Basin (Jharkhand),TRAIN,BCCL Coal Seam Fire Survey,0.98,False,False,30.63,332.54,311.13,500.0,2293.28,21.41,22.75,2.0,0.0,8.43,0.0,0.0,0.0,0.0,0.6948299444107279,0.6253469499696551,1.0,22.0,5.0,1.73,138.0,0.0,0.0,1.0,2.56,-5.76
EVT_00388,23.75364,86.367,4,MINING_COAL_SEAM_FIRE,Jharia Coal Basin (Jharkhand),TRAIN,BCCL Coal Seam Fire Survey,0.98,False,False,26.51,337.71,319.44,555.0,1340.8,18.27,19.74,2.0,0.0,5.01,0.0,0.0,0.0,0.0,0.8046338315580386,0.7241704484022348,1.0,22.0,5.0,0.9,194.0,0.0,0.0,1.0,2.56,-5.76
EVT_00389,23.75788,86.44607,4,MINING_COAL_SEAM_FIRE,Jharia Coal Basin (Jharkhand),TRAIN,BCCL Coal Seam Fire Survey,0.98,False,False,30.0,329.71,319.42,844.6,84.97,10.29,17.54,2.0,0.0,4.47,0.0,0.0,0.0,0.0,0.6924216946428016,0.6231795251785214,0.0,22.0,5.0,1.6,173.0,0.0,0.0,1.0,2.56,-5.76
EVT_00390,23.7456,86.35641,4,MINING_COAL_SEAM_FIRE,Jharia Coal Basin (Jharkhand),TRAIN,BCCL Coal Seam Fire Survey,0.98,False,False,19.24,332.27,321.16,845.6,95.18,11.11,19.58,2.0,0.0,5.98,0.0,0.0,0.0,0.0,0.8291481763747046,0.7462333587372342,0.0,22.0,5.0,-0.55,153.0,0.0,0.0,1.0,2.56,-5.76
EVT_00391,23.77656,86.4288,4,MINING_COAL_SEAM_FIRE,Jharia Coal Basin (Jharkhand),TRAIN,BCCL Coal Seam Fire Survey,0.98,False,False,16.88,336.56,319.04,846.9,114.12,17.52,19.86,2.0,0.0,4.56,0.0,0.0,0.0,0.0,0.6309347314445816,0.5678412583001234,0.0,22.0,5.0,-1.02,155.0,0.0,0.0,1.0,2.56,-5.76
EVT_00392,23.72563,86.39224,4,MINING_COAL_SEAM_FIRE,Jharia Coal Basin (Jharkhand),TRAIN,BCCL Coal Seam Fire Survey,0.98,False,False,22.8,324.5,314.96,841.7,66.55,9.54,15.76,2.0,0.0,2.54,0.0,0.0,0.0,0.0,0.9109624384730222,0.81986619462572,0.0,22.0,5.0,0.16,139.0,0.0,0.0,1.0,2.56,-5.76
EVT_00393,23.74334,86.40078,4,MINING_COAL_SEAM_FIRE,Jharia Coal Basin (Jharkhand),TRAIN,BCCL Coal Seam Fire Survey,0.98,False,False,35.09,336.4,314.79,846.9,113.28,21.6,17.16,2.0,0.0,1.09,0.0,0.0,0.0,0.0,0.7138517164266117,0.6424665447839506,0.0,22.0,5.0,2.62,183.0,0.0,0.0,1.0,2.56,-5.76
EVT_00394,23.71657,86.41963,4,MINING_COAL_SEAM_FIRE,Jharia Coal Basin (Jharkhand),TRAIN,BCCL Coal Seam Fire Survey,0.98,False,False,30.38,336.72,318.36,500.0,2773.22,18.36,13.68,2.0,0.0,2.81,0.0,0.0,0.0,0.0,0.9385422556342279,0.8446880300708051,0.0,22.0,5.0,1.68,91.0,0.0,0.0,1.0,2.56,-5.76
EVT_00395,23.78065,86.38161,4,MINING_COAL_SEAM_FIRE,Jharia Coal Basin (Jharkhand),TRAIN,BCCL Coal Seam Fire Survey,0.98,False,False,37.94,334.84,317.26,846.5,106.21,17.58,21.74,2.0,0.0,5.5,0.0,0.0,0.0,0.0,0.6845237698399037,0.6160713928559134,1.0,22.0,5.0,3.19,92.0,0.0,0.0,1.0,2.56,-5.76
EVT_00396,23.78252,86.38909,4,MINING_COAL_SEAM_FIRE,Jharia Coal Basin (Jharkhand),TRAIN,BCCL Coal Seam Fire Survey,0.98,False,False,29.01,323.94,318.56,500.0,1513.21,5.38,21.64,2.0,0.0,5.26,0.0,0.0,0.0,0.0,0.6812063631080837,0.6130857267972754,1.0,22.0,5.0,1.4,157.0,0.0,0.0,1.0,2.56,-5.76
EVT_00397,23.74839,86.42695,4,MINING_COAL_SEAM_FIRE,Jharia Coal Basin (Jharkhand),TRAIN,BCCL Coal Seam Fire Survey,0.98,False,False,25.3,329.15,314.4,844.4,82.79,14.75,16.85,2.0,0.0,2.1,0.0,0.0,0.0,0.0,0.6018711562990275,0.5416840406691248,0.0,22.0,5.0,0.66,148.0,0.0,0.0,1.0,2.56,-5.76
EVT_00398,23.74873,86.44658,4,MINING_COAL_SEAM_FIRE,Jharia Coal Basin (Jharkhand),TRAIN,BCCL Coal Seam Fire Survey,0.98,False,False,31.67,333.72,316.1,846.1,101.28,17.63,16.52,2.0,0.0,4.17,0.0,0.0,0.0,0.0,0.7548028319078973,0.6793225487171076,0.0,22.0,5.0,1.93,122.0,0.0,0.0,1.0,2.56,-5.76
EVT_00399,23.7978,86.47559,4,MINING_COAL_SEAM_FIRE,Jharia Coal Basin (Jharkhand),TRAIN,BCCL Coal Seam Fire Survey,0.98,False,False,21.66,331.43,319.83,845.3,91.73,11.59,21.87,2.0,0.0,9.7,0.0,0.0,0.0,0.0,0.816484470551365,0.7348360234962285,0.0,22.0,5.0,-0.07,84.0,0.0,0.0,1.0,2.56,-5.76
EVT_00400,23.77915,86.42923,4,MINING_COAL_SEAM_FIRE,Jharia Coal Basin (Jharkhand),TRAIN,BCCL Coal Seam Fire Survey,0.98,False,False,13.39,336.46,322.39,846.9,113.67,14.07,20.14,2.0,0.0,4.84,0.0,0.0,0.0,0.0,0.7591675198934313,0.6832507679040882,0.0,22.0,5.0,-1.72,134.0,0.0,0.0,1.0,2.56,-5.76
EVT_00401,23.74707,86.43283,4,MINING_COAL_SEAM_FIRE,Jharia Coal Basin (Jharkhand),TRAIN,BCCL Coal Seam Fire Survey,0.98,False,False,37.33,333.79,314.05,846.1,101.53,19.73,16.57,2.0,0.0,2.65,0.0,0.0,0.0,0.0,0.6244302291151201,0.5619872062036081,0.0,22.0,5.0,3.07,144.0,0.0,0.0,1.0,2.56,-5.76
EVT_00402,23.78308,86.46898,4,MINING_COAL_SEAM_FIRE,Jharia Coal Basin (Jharkhand),TRAIN,BCCL Coal Seam Fire Survey,0.98,False,False,23.83,335.81,312.48,846.7,110.55,23.33,20.21,2.0,0.0,8.11,0.0,0.0,0.0,0.0,0.8337162070611035,0.7503445863549931,0.0,22.0,5.0,0.37,93.0,0.0,0.0,1.0,2.56,-5.76
EVT_00403,23.74592,86.39598,4,MINING_COAL_SEAM_FIRE,Jharia Coal Basin (Jharkhand),TRAIN,BCCL Coal Seam Fire Survey,0.98,False,False,29.83,323.03,307.8,840.5,61.85,15.24,17.62,2.0,0.0,1.69,0.0,0.0,0.0,0.0,0.9185745622037148,0.8267171059833434,0.0,22.0,5.0,1.57,169.0,0.0,0.0,1.0,2.56,-5.76
EVT_00404,23.70139,86.39906,4,MINING_COAL_SEAM_FIRE,Jharia Coal Basin (Jharkhand),TRAIN,BCCL Coal Seam Fire Survey,0.98,False,False,35.95,324.73,318.16,500.0,1577.28,6.57,13.08,2.0,0.0,4.45,0.0,0.0,0.0,0.0,0.8041167814969841,0.7237051033472857,0.0,22.0,5.0,2.79,119.0,0.0,0.0,1.0,2.56,-5.76
EVT_00405,23.79699,86.43646,4,MINING_COAL_SEAM_FIRE,Jharia Coal Basin (Jharkhand),TRAIN,BCCL Coal Seam Fire Survey,0.98,False,False,18.4,334.03,318.95,846.2,102.66,15.08,21.97,2.0,0.0,6.97,0.0,0.0,0.0,0.0,0.8417379199018022,0.7575641279116221,0.0,22.0,5.0,-0.72,159.0,0.0,0.0,1.0,2.56,-5.76
EVT_00406,23.76203,86.38185,4,MINING_COAL_SEAM_FIRE,Jharia Coal Basin (Jharkhand),TRAIN,BCCL Coal Seam Fire Survey,0.98,False,False,37.93,337.48,313.47,732.7,242.75,24.0,19.85,2.0,0.0,3.97,0.0,0.0,0.0,0.0,0.6105091018652875,0.5494581916787588,0.0,22.0,5.0,3.19,190.0,0.0,0.0,1.0,2.56,-5.76
EVT_00407,23.79689,86.45926,4,MINING_COAL_SEAM_FIRE,Jharia Coal Basin (Jharkhand),TRAIN,BCCL Coal Seam Fire Survey,0.98,False,False,23.32,331.23,312.54,845.2,90.86,18.69,21.76,2.0,0.0,8.35,0.0,0.0,0.0,0.0,0.7385865560616617,0.6647279004554956,0.0,22.0,5.0,0.26,121.0,0.0,0.0,1.0,2.56,-5.76
EVT_00408,23.71668,86.40378,4,MINING_COAL_SEAM_FIRE,Jharia Coal Basin (Jharkhand),TRAIN,BCCL Coal Seam Fire Survey,0.98,False,False,24.2,329.7,313.18,538.2,1161.63,16.52,14.34,2.0,0.0,2.68,0.0,0.0,0.0,0.0,0.6939967586087749,0.6245970827478974,1.0,22.0,5.0,0.44,131.0,0.0,0.0,1.0,2.56,-5.76
EVT_00409,23.78312,86.32119,4,MINING_COAL_SEAM_FIRE,Jharia Coal Basin (Jharkhand),TRAIN,BCCL Coal Seam Fire Survey,0.98,False,False,28.4,330.94,314.06,845.1,89.73,16.88,20.37,2.0,0.0,10.96,0.0,0.0,0.0,0.0,0.6768973766369901,0.6092076389732911,1.0,22.0,5.0,1.28,89.0,0.0,0.0,1.0,2.56,-5.76
EVT_00410,23.71305,86.36464,4,MINING_COAL_SEAM_FIRE,Jharia Coal Basin (Jharkhand),TRAIN,BCCL Coal Seam Fire Survey,0.98,False,False,17.47,330.72,316.73,845.0,88.87,13.99,16.19,2.0,0.0,5.86,0.0,0.0,0.0,0.0,0.8831582741020867,0.7948424466918781,1.0,22.0,5.0,-0.91,143.0,0.0,0.0,1.0,2.56,-5.76
EVT_00411,23.72289,86.40025,4,MINING_COAL_SEAM_FIRE,Jharia Coal Basin (Jharkhand),TRAIN,BCCL Coal Seam Fire Survey,0.98,False,False,28.05,335.67,319.4,647.8,450.56,16.27,15.11,2.0,0.0,2.19,0.0,0.0,0.0,0.0,0.6545933022946265,0.5891339720651639,0.0,22.0,5.0,1.21,89.0,0.0,0.0,1.0,2.56,-5.76
EVT_00412,23.6992,86.41063,4,MINING_COAL_SEAM_FIRE,Jharia Coal Basin (Jharkhand),TRAIN,BCCL Coal Seam Fire Survey,0.98,False,False,24.68,325.87,319.13,842.6,71.11,6.74,12.29,2.0,0.0,4.53,0.0,0.0,0.0,0.0,0.6287953134969716,0.5659157821472744,0.0,22.0,5.0,0.54,174.0,0.0,0.0,1.0,2.56,-5.76
EVT_00413,23.7941,86.38378,4,MINING_COAL_SEAM_FIRE,Jharia Coal Basin (Jharkhand),TRAIN,BCCL Coal Seam Fire Survey,0.98,False,False,16.96,328.68,310.47,844.1,81.01,18.21,23.04,2.0,0.0,6.67,0.0,0.0,0.0,0.0,0.7214718289747882,0.6493246460773094,0.0,22.0,5.0,-1.01,155.0,0.0,0.0,1.0,2.56,-5.76
EVT_00414,23.75687,86.42291,4,MINING_COAL_SEAM_FIRE,Jharia Coal Basin (Jharkhand),TRAIN,BCCL Coal Seam Fire Survey,0.98,False,False,33.84,334.97,308.29,846.5,106.64,26.68,17.86,2.0,0.0,2.36,0.0,0.0,0.0,0.0,0.9463078958377698,0.8516771062539928,0.0,22.0,5.0,2.37,99.0,0.0,0.0,1.0,2.56,-5.76
EVT_00415,23.74058,86.39768,4,MINING_COAL_SEAM_FIRE,Jharia Coal Basin (Jharkhand),TRAIN,BCCL Coal Seam Fire Survey,0.98,False,False,26.55,343.53,314.43,543.7,1953.69,29.1,17.0,2.0,0.0,1.37,0.0,0.0,0.0,0.0,0.8404637027038682,0.7564173324334814,0.0,22.0,5.0,0.91,178.0,0.0,0.0,1.0,2.56,-5.76
EVT_00416,23.72935,86.41848,4,MINING_COAL_SEAM_FIRE,Jharia Coal Basin (Jharkhand),TRAIN,BCCL Coal Seam Fire Survey,0.98,False,False,25.36,329.43,322.76,844.5,83.93,6.67,15.06,2.0,0.0,1.51,0.0,0.0,0.0,0.0,0.9161543050314986,0.8245388745283488,0.0,22.0,5.0,0.67,192.0,0.0,0.0,1.0,2.56,-5.76
EVT_00417,23.74917,86.36607,4,MINING_COAL_SEAM_FIRE,Jharia Coal Basin (Jharkhand),TRAIN,BCCL Coal Seam Fire Survey,0.98,False,False,28.76,331.24,326.74,845.3,91.03,4.51,19.37,2.0,0.0,4.98,0.0,0.0,0.0,0.0,0.6804393540291664,0.6123954186262498,0.0,22.0,5.0,1.35,104.0,0.0,0.0,1.0,2.56,-5.76
EVT_00418,23.70926,86.44367,4,MINING_COAL_SEAM_FIRE,Jharia Coal Basin (Jharkhand),TRAIN,BCCL Coal Seam Fire Survey,0.98,False,False,24.76,334.16,315.12,846.3,103.18,19.04,12.23,2.0,0.0,5.06,0.0,0.0,0.0,0.0,0.7422948743328365,0.6680653868995529,0.0,22.0,5.0,0.55,175.0,0.0,0.0,1.0,2.56,-5.76
EVT_00419,23.70133,86.41772,4,MINING_COAL_SEAM_FIRE,Jharia Coal Basin (Jharkhand),TRAIN,BCCL Coal Seam Fire Survey,0.98,False,False,21.55,339.09,313.95,847.5,126.37,25.14,12.19,2.0,0.0,4.38,0.0,0.0,0.0,0.0,0.6304560264059761,0.5674104237653785,0.0,22.0,5.0,-0.09,110.0,0.0,0.0,1.0,2.56,-5.76
EVT_00420,23.67517,86.43924,4,MINING_COAL_SEAM_FIRE,Jharia Coal Basin (Jharkhand),TRAIN,BCCL Coal Seam Fire Survey,0.98,False,False,25.57,333.68,309.33,846.1,100.99,24.35,8.67,2.0,0.0,7.89,0.0,0.0,0.0,0.0,0.8061265762309474,0.7255139186078526,0.0,22.0,5.0,0.71,124.0,0.0,0.0,1.0,2.56,-5.76
EVT_00421,23.75037,86.42313,4,MINING_COAL_SEAM_FIRE,Jharia Coal Basin (Jharkhand),TRAIN,BCCL Coal Seam Fire Survey,0.98,False,False,15.95,339.77,318.76,847.6,129.93,21.01,17.16,2.0,0.0,1.86,0.0,0.0,0.0,0.0,0.7604132581056514,0.6843719322950863,1.0,22.0,5.0,-1.21,96.0,0.0,0.0,1.0,2.56,-5.76
EVT_00422,23.70501,86.38258,4,MINING_COAL_SEAM_FIRE,Jharia Coal Basin (Jharkhand),TRAIN,BCCL Coal Seam Fire Survey,0.98,False,False,32.43,336.51,316.73,846.9,113.83,19.78,14.36,2.0,0.0,4.93,0.0,0.0,0.0,0.0,0.806481758980633,0.7258335830825697,1.0,22.0,5.0,2.09,107.0,0.0,0.0,1.0,2.56,-5.76
EVT_00423,23.71876,86.42602,4,MINING_COAL_SEAM_FIRE,Jharia Coal Basin (Jharkhand),TRAIN,BCCL Coal Seam Fire Survey,0.98,False,False,27.52,319.26,314.0,836.9,50.92,5.26,13.7,2.0,0.0,2.95,0.0,0.0,0.0,0.0,0.9498451961376535,0.8548606765238882,0.0,22.0,5.0,1.1,172.0,0.0,0.0,1.0,2.56,-5.76
EVT_00424,23.73243,86.47484,4,MINING_COAL_SEAM_FIRE,Jharia Coal Basin (Jharkhand),TRAIN,BCCL Coal Seam Fire Survey,0.98,False,False,13.18,338.65,319.0,847.4,124.27,19.65,14.6,2.0,0.0,7.25,0.0,0.0,0.0,0.0,0.8263101553820317,0.7436791398438285,1.0,22.0,5.0,-1.76,94.0,0.0,0.0,1.0,2.56,-5.76
EVT_00425,23.74074,86.44104,4,MINING_COAL_SEAM_FIRE,Jharia Coal Basin (Jharkhand),TRAIN,BCCL Coal Seam Fire Survey,0.98,False,False,12.91,329.75,316.01,844.6,85.08,13.74,15.72,2.0,0.0,3.45,0.0,0.0,0.0,0.0,0.7929059866707302,0.7136153880036572,0.0,22.0,5.0,-1.82,133.0,0.0,0.0,1.0,2.56,-5.76
EVT_00426,23.71279,86.43427,4,MINING_COAL_SEAM_FIRE,Jharia Coal Basin (Jharkhand),TRAIN,BCCL Coal Seam Fire Survey,0.98,False,False,32.11,330.86,307.81,845.1,89.32,23.05,12.83,2.0,0.0,4.05,0.0,0.0,0.0,0.0,0.920238052777289,0.8282142474995601,1.0,22.0,5.0,2.02,106.0,0.0,0.0,1.0,2.56,-5.76
EVT_00427,23.72543,86.37045,4,MINING_COAL_SEAM_FIRE,Jharia Coal Basin (Jharkhand),TRAIN,BCCL Coal Seam Fire Survey,0.98,False,False,31.52,330.75,321.03,845.1,89.03,9.72,16.92,2.0,0.0,4.68,0.0,0.0,0.0,0.0,0.6439202038797027,0.5795281834917325,0.0,22.0,5.0,1.9,111.0,0.0,0.0,1.0,2.56,-5.76
EVT_00428,23.77947,86.41625,4,MINING_COAL_SEAM_FIRE,Jharia Coal Basin (Jharkhand),TRAIN,BCCL Coal Seam Fire Survey,0.98,False,False,31.49,325.83,311.77,842.5,70.92,14.06,20.46,2.0,0.0,4.44,0.0,0.0,0.0,0.0,0.7508893417839517,0.6758004076055566,1.0,22.0,5.0,1.9,128.0,0.0,0.0,1.0,2.56,-5.76
EVT_00429,23.7154,86.36784,4,MINING_COAL_SEAM_FIRE,Jharia Coal Basin (Jharkhand),TRAIN,BCCL Coal Seam Fire Survey,0.98,False,False,18.9,335.53,316.78,500.0,2631.37,18.74,16.19,2.0,0.0,5.42,0.0,0.0,0.0,0.0,0.8140122639289813,0.7326110375360831,0.0,22.0,5.0,-0.62,181.0,0.0,0.0,1.0,2.56,-5.76
EVT_00430,23.77057,86.35777,4,MINING_COAL_SEAM_FIRE,Jharia Coal Basin (Jharkhand),TRAIN,BCCL Coal Seam Fire Survey,0.98,False,False,21.11,333.8,326.13,846.2,101.72,7.67,21.84,2.0,0.0,6.72,0.0,0.0,0.0,0.0,0.9195258516711414,0.8275732665040273,1.0,22.0,5.0,-0.18,92.0,0.0,0.0,1.0,2.56,-5.76
EVT_00431,23.77066,86.46154,4,MINING_COAL_SEAM_FIRE,Jharia Coal Basin (Jharkhand),TRAIN,BCCL Coal Seam Fire Survey,0.98,False,False,23.51,329.98,315.08,844.7,85.97,14.9,18.84,2.0,0.0,6.66,0.0,0.0,0.0,0.0,0.6913669841821968,0.6222302857639771,1.0,22.0,5.0,0.3,119.0,0.0,0.0,1.0,2.56,-5.76
EVT_00432,23.75151,86.41097,4,MINING_COAL_SEAM_FIRE,Jharia Coal Basin (Jharkhand),TRAIN,BCCL Coal Seam Fire Survey,0.98,False,False,17.16,332.62,318.81,527.8,1537.89,13.82,17.64,2.0,0.0,1.28,0.0,0.0,0.0,0.0,0.6577096717977984,0.5919387046180186,1.0,22.0,5.0,-0.97,135.0,0.0,0.0,1.0,2.56,-5.76
EVT_00433,23.70166,86.42044,4,MINING_COAL_SEAM_FIRE,Jharia Coal Basin (Jharkhand),TRAIN,BCCL Coal Seam Fire Survey,0.98,False,False,25.04,332.72,317.94,530.6,1487.15,14.78,12.11,2.0,0.0,4.41,0.0,0.0,0.0,0.0,0.6863305155318923,0.6176974639787031,0.0,22.0,5.0,0.61,185.0,0.0,0.0,1.0,2.56,-5.76
EVT_00434,23.74925,86.43538,4,MINING_COAL_SEAM_FIRE,Jharia Coal Basin (Jharkhand),TRAIN,BCCL Coal Seam Fire Survey,0.98,False,False,19.65,329.02,313.76,844.3,82.31,15.26,16.76,2.0,0.0,3.0,0.0,0.0,0.0,0.0,0.640178924537948,0.5761610320841533,0.0,22.0,5.0,-0.47,192.0,0.0,0.0,1.0,2.56,-5.76
EVT_00435,23.70679,86.47116,4,MINING_COAL_SEAM_FIRE,Jharia Coal Basin (Jharkhand),TRAIN,BCCL Coal Seam Fire Survey,0.98,False,False,35.28,337.66,315.05,847.2,119.31,22.61,11.74,2.0,0.0,7.72,0.0,0.0,0.0,0.0,0.918211342418755,0.8263902081768796,1.0,22.0,5.0,2.66,134.0,0.0,0.0,1.0,2.56,-5.76
EVT_00436,23.73494,86.37685,4,MINING_COAL_SEAM_FIRE,Jharia Coal Basin (Jharkhand),TRAIN,BCCL Coal Seam Fire Survey,0.98,False,False,27.7,333.74,316.31,846.1,101.34,17.43,17.45,2.0,0.0,3.72,0.0,0.0,0.0,0.0,0.9020974382075087,0.8118876943867578,0.0,22.0,5.0,1.14,164.0,0.0,0.0,1.0,2.56,-5.76
EVT_00437,23.74803,86.46994,4,MINING_COAL_SEAM_FIRE,Jharia Coal Basin (Jharkhand),TRAIN,BCCL Coal Seam Fire Survey,0.98,False,False,19.8,332.69,308.6,582.3,771.17,24.09,16.32,2.0,0.0,6.71,0.0,0.0,0.0,0.0,0.8086286843334071,0.7277658159000664,0.0,22.0,5.0,-0.44,100.0,0.0,0.0,1.0,2.56,-5.76
EVT_00438,23.67681,86.45808,4,MINING_COAL_SEAM_FIRE,Jharia Coal Basin (Jharkhand),TRAIN,BCCL Coal Seam Fire Survey,0.98,False,False,17.67,330.94,315.48,845.1,89.75,15.47,8.44,2.0,0.0,8.81,0.0,0.0,0.0,0.0,0.6053119088003894,0.5447807179203505,0.0,22.0,5.0,-0.87,100.0,0.0,0.0,1.0,2.56,-5.76
EVT_00439,23.74924,86.45453,4,MINING_COAL_SEAM_FIRE,Jharia Coal Basin (Jharkhand),TRAIN,BCCL Coal Seam Fire Survey,0.98,False,False,22.39,336.66,317.15,500.0,2763.65,19.51,16.5,2.0,0.0,5.05,0.0,0.0,0.0,0.0,0.7143781470502221,0.6429403323451999,1.0,22.0,5.0,0.08,198.0,0.0,0.0,1.0,2.56,-5.76
EVT_00440,23.7685,86.38496,4,MINING_COAL_SEAM_FIRE,Jharia Coal Basin (Jharkhand),TRAIN,BCCL Coal Seam Fire Survey,0.98,False,False,27.21,329.34,315.01,500.0,1983.62,14.34,20.37,2.0,0.0,4.21,0.0,0.0,0.0,0.0,0.6791963377858099,0.6112767040072289,0.0,22.0,5.0,1.04,81.0,0.0,0.0,1.0,2.56,-5.76
EVT_00441,23.75482,86.48283,4,MINING_COAL_SEAM_FIRE,Jharia Coal Basin (Jharkhand),TRAIN,BCCL Coal Seam Fire Survey,0.98,False,False,36.4,324.28,318.33,841.5,65.85,5.95,17.15,2.0,0.0,8.25,0.0,0.0,0.0,0.0,0.8865590803194178,0.797903172287476,0.0,22.0,5.0,2.88,152.0,0.0,0.0,1.0,2.56,-5.76
EVT_00442,23.71989,86.3953,4,MINING_COAL_SEAM_FIRE,Jharia Coal Basin (Jharkhand),TRAIN,BCCL Coal Seam Fire Survey,0.98,False,False,37.73,325.48,316.5,842.3,69.77,8.97,15.05,2.0,0.0,2.76,0.0,0.0,0.0,0.0,0.801052864555272,0.7209475780997449,1.0,22.0,5.0,3.15,185.0,0.0,0.0,1.0,2.56,-5.76
EVT_00443,23.77789,86.39351,4,MINING_COAL_SEAM_FIRE,Jharia Coal Basin (Jharkhand),TRAIN,BCCL Coal Seam Fire Survey,0.98,False,False,21.12,332.53,321.3,508.2,2039.22,11.23,21.0,2.0,0.0,4.59,0.0,0.0,0.0,0.0,0.7268959287956831,0.6542063359161148,0.0,22.0,5.0,-0.18,96.0,0.0,0.0,1.0,2.56,-5.76
EVT_00444,23.69855,86.41691,4,MINING_COAL_SEAM_FIRE,Jharia Coal Basin (Jharkhand),TRAIN,BCCL Coal Seam Fire Survey,0.98,False,False,35.74,330.8,320.16,845.1,89.21,10.63,11.94,2.0,0.0,4.66,0.0,0.0,0.0,0.0,0.797990860249352,0.7181917742244168,1.0,22.0,5.0,2.75,151.0,0.0,0.0,1.0,2.56,-5.76
EVT_00445,23.75696,86.42616,4,MINING_COAL_SEAM_FIRE,Jharia Coal Basin (Jharkhand),TRAIN,BCCL Coal Seam Fire Survey,0.98,False,False,19.89,329.04,307.05,650.7,323.02,21.98,17.79,2.0,0.0,2.6,0.0,0.0,0.0,0.0,0.9263942074467592,0.8337547867020833,1.0,22.0,5.0,-0.42,165.0,0.0,0.0,1.0,2.56,-5.76
EVT_00446,23.73503,86.38344,4,MINING_COAL_SEAM_FIRE,Jharia Coal Basin (Jharkhand),TRAIN,BCCL Coal Seam Fire Survey,0.98,False,False,20.11,336.2,316.6,530.3,1740.03,19.61,17.11,2.0,0.0,3.0,0.0,0.0,0.0,0.0,0.6874202568562819,0.6186782311706538,0.0,22.0,5.0,-0.38,193.0,0.0,0.0,1.0,2.56,-5.76
EVT_00447,23.74206,86.42564,4,MINING_COAL_SEAM_FIRE,Jharia Coal Basin (Jharkhand),TRAIN,BCCL Coal Seam Fire Survey,0.98,False,False,22.86,331.29,316.68,845.3,91.13,14.61,16.2,2.0,0.0,1.75,0.0,0.0,0.0,0.0,0.6407254698075735,0.5766529228268161,0.0,22.0,5.0,0.17,186.0,0.0,0.0,1.0,2.56,-5.76
EVT_00448,23.74267,86.40371,4,MINING_COAL_SEAM_FIRE,Jharia Coal Basin (Jharkhand),TRAIN,BCCL Coal Seam Fire Survey,0.98,False,False,29.72,326.88,318.7,843.2,74.6,8.18,16.97,2.0,0.0,0.76,0.0,0.0,0.0,0.0,0.9290641169382289,0.836157705244406,1.0,22.0,5.0,1.54,103.0,0.0,0.0,1.0,2.56,-5.76
EVT_00449,23.68535,86.45829,4,MINING_COAL_SEAM_FIRE,Jharia Coal Basin (Jharkhand),TRAIN,BCCL Coal Seam Fire Survey,0.98,False,False,21.23,330.67,314.84,845.0,88.67,15.83,9.38,2.0,0.0,8.1,0.0,0.0,0.0,0.0,0.7446103810227018,0.6701493429204317,0.0,22.0,5.0,-0.15,93.0,0.0,0.0,1.0,2.56,-5.76
EVT_00450,23.70838,86.38521,4,MINING_COAL_SEAM_FIRE,Jharia Coal Basin (Jharkhand),TRAIN,BCCL Coal Seam Fire Survey,0.98,False,False,12.76,335.33,308.98,500.0,2587.57,26.35,14.51,2.0,0.0,4.46,0.0,0.0,0.0,0.0,0.917537130524742,0.8257834174722678,1.0,22.0,5.0,-1.85,169.0,0.0,0.0,1.0,2.56,-5.76
EVT_00451,23.68699,86.42126,4,MINING_COAL_SEAM_FIRE,Jharia Coal Basin (Jharkhand),TRAIN,BCCL Coal Seam Fire Survey,0.98,False,False,36.91,341.77,316.07,848.0,140.52,25.7,10.59,2.0,0.0,6.01,0.0,0.0,0.0,0.0,0.6771561014858966,0.6094404913373069,0.0,22.0,5.0,2.98,199.0,0.0,0.0,1.0,2.56,-5.76
EVT_00452,23.66104,86.38679,4,MINING_COAL_SEAM_FIRE,Jharia Coal Basin (Jharkhand),TRAIN,BCCL Coal Seam Fire Survey,0.98,False,False,14.38,327.25,312.06,843.4,75.86,15.19,10.5,2.0,0.0,9.14,0.0,0.0,0.0,0.0,0.710189040273077,0.6391701362457693,1.0,22.0,5.0,-1.52,196.0,0.0,0.0,1.0,2.56,-5.76
EVT_00453,23.79692,86.39241,4,MINING_COAL_SEAM_FIRE,Jharia Coal Basin (Jharkhand),TRAIN,BCCL Coal Seam Fire Survey,0.98,False,False,33.66,331.51,317.1,845.4,92.02,14.41,23.03,2.0,0.0,6.61,0.0,0.0,0.0,0.0,0.7891037861266075,0.7101934075139468,0.0,22.0,5.0,2.33,189.0,0.0,0.0,1.0,2.56,-5.76
EVT_00454,23.7489,86.39698,4,MINING_COAL_SEAM_FIRE,Jharia Coal Basin (Jharkhand),TRAIN,BCCL Coal Seam Fire Survey,0.98,False,False,18.49,318.78,316.08,630.1,226.73,2.7,17.88,2.0,0.0,1.75,0.0,0.0,0.0,0.0,0.7916150214518115,0.7124535193066304,1.0,22.0,5.0,-0.7,153.0,0.0,0.0,1.0,2.56,-5.76
EVT_00455,23.67637,86.43659,4,MINING_COAL_SEAM_FIRE,Jharia Coal Basin (Jharkhand),TRAIN,BCCL Coal Seam Fire Survey,0.98,False,False,30.94,332.53,317.68,574.3,843.96,14.85,8.89,2.0,0.0,7.65,0.0,0.0,0.0,0.0,0.7210321344436487,0.6489289209992838,0.0,22.0,5.0,1.79,149.0,0.0,0.0,1.0,2.56,-5.76
EVT_00456,23.70249,86.40394,4,MINING_COAL_SEAM_FIRE,Jharia Coal Basin (Jharkhand),TRAIN,BCCL Coal Seam Fire Survey,0.98,False,False,23.81,340.44,310.13,847.7,133.25,30.31,12.94,2.0,0.0,4.22,0.0,0.0,0.0,0.0,0.8730662439690482,0.7857596195721434,0.0,22.0,5.0,0.36,155.0,0.0,0.0,1.0,2.56,-5.76
EVT_00457,23.78488,86.44807,4,MINING_COAL_SEAM_FIRE,Jharia Coal Basin (Jharkhand),TRAIN,BCCL Coal Seam Fire Survey,0.98,False,False,17.79,335.22,311.39,846.6,107.82,23.82,20.5,2.0,0.0,6.53,0.0,0.0,0.0,0.0,0.7075257459574448,0.6367731713617003,0.0,22.0,5.0,-0.84,109.0,0.0,0.0,1.0,2.56,-5.76
EVT_00458,23.7241,86.42189,4,MINING_COAL_SEAM_FIRE,Jharia Coal Basin (Jharkhand),TRAIN,BCCL Coal Seam Fire Survey,0.98,False,False,32.73,324.26,323.92,841.5,65.8,0.33,14.39,2.0,0.0,2.2,0.0,0.0,0.0,0.0,0.8534813916641822,0.768133252497764,0.0,22.0,5.0,2.15,173.0,0.0,0.0,1.0,2.56,-5.76
EVT_00459,23.7767,86.46794,4,MINING_COAL_SEAM_FIRE,Jharia Coal Basin (Jharkhand),TRAIN,BCCL Coal Seam Fire Survey,0.98,False,False,12.62,330.58,313.55,845.0,88.3,17.03,19.5,2.0,0.0,7.61,0.0,0.0,0.0,0.0,0.8922315219930412,0.8030083697937371,0.0,22.0,5.0,-1.88,198.0,0.0,0.0,1.0,2.56,-5.76
EVT_00460,23.70833,86.37612,4,MINING_COAL_SEAM_FIRE,Jharia Coal Basin (Jharkhand),TRAIN,BCCL Coal Seam Fire Survey,0.98,False,False,34.31,332.21,315.9,845.6,94.88,16.31,15.05,2.0,0.0,5.15,0.0,0.0,0.0,0.0,0.8559050705592209,0.7703145635032989,0.0,22.0,5.0,2.46,136.0,0.0,0.0,1.0,2.56,-5.76
EVT_00461,23.71632,86.44516,4,MINING_COAL_SEAM_FIRE,Jharia Coal Basin (Jharkhand),TRAIN,BCCL Coal Seam Fire Survey,0.98,False,False,22.34,333.48,313.98,846.0,100.22,19.5,12.97,2.0,0.0,4.71,0.0,0.0,0.0,0.0,0.9408301446750023,0.846747130207502,0.0,22.0,5.0,0.07,138.0,0.0,0.0,1.0,2.56,-5.76
EVT_00462,23.82502,86.45551,4,MINING_COAL_SEAM_FIRE,Jharia Coal Basin (Jharkhand),TRAIN,BCCL Coal Seam Fire Survey,0.98,False,False,25.34,330.2,317.53,844.8,86.85,12.67,24.9,2.0,0.0,10.7,0.0,0.0,0.0,0.0,0.6680566755510909,0.6012510079959819,1.0,22.0,5.0,0.67,92.0,0.0,0.0,1.0,2.56,-5.76
EVT_00463,23.75513,86.42645,4,MINING_COAL_SEAM_FIRE,Jharia Coal Basin (Jharkhand),TRAIN,BCCL Coal Seam Fire Survey,0.98,False,False,33.25,329.46,313.15,844.5,83.97,16.31,17.59,2.0,0.0,2.48,0.0,0.0,0.0,0.0,0.9256394470592639,0.8330755023533376,1.0,22.0,5.0,2.25,107.0,0.0,0.0,1.0,2.56,-5.76
EVT_00464,23.74496,86.39236,4,MINING_COAL_SEAM_FIRE,Jharia Coal Basin (Jharkhand),TRAIN,BCCL Coal Seam Fire Survey,0.98,False,False,20.63,327.96,312.11,843.8,78.4,15.85,17.67,2.0,0.0,2.03,0.0,0.0,0.0,0.0,0.8319786959734026,0.7487808263760624,0.0,22.0,5.0,-0.27,116.0,0.0,0.0,1.0,2.56,-5.76
EVT_00465,23.73576,86.47187,4,MINING_COAL_SEAM_FIRE,Jharia Coal Basin (Jharkhand),TRAIN,BCCL Coal Seam Fire Survey,0.98,False,False,17.62,335.51,323.37,568.5,1034.19,12.14,14.96,2.0,0.0,6.88,0.0,0.0,0.0,0.0,0.6730059287093677,0.605705335838431,1.0,22.0,5.0,-0.88,134.0,0.0,0.0,1.0,2.56,-5.76
EVT_00466,23.73398,86.40406,4,MINING_COAL_SEAM_FIRE,Jharia Coal Basin (Jharkhand),TRAIN,BCCL Coal Seam Fire Survey,0.98,False,False,22.62,328.97,310.62,844.3,82.09,18.35,16.07,2.0,0.0,0.94,0.0,0.0,0.0,0.0,0.8378940258916708,0.7541046233025037,1.0,22.0,5.0,0.12,179.0,0.0,0.0,1.0,2.56,-5.76
EVT_00467,23.67784,86.44246,4,MINING_COAL_SEAM_FIRE,Jharia Coal Basin (Jharkhand),TRAIN,BCCL Coal Seam Fire Survey,0.98,False,False,37.38,329.88,318.98,844.7,85.63,10.9,8.86,2.0,0.0,7.78,0.0,0.0,0.0,0.0,0.7206861627111594,0.6486175464400434,1.0,22.0,5.0,3.08,190.0,0.0,0.0,1.0,2.56,-5.76
EVT_00468,23.70492,86.38366,4,MINING_COAL_SEAM_FIRE,Jharia Coal Basin (Jharkhand),TRAIN,BCCL Coal Seam Fire Survey,0.98,False,False,29.48,325.67,313.99,842.4,70.4,11.67,14.29,2.0,0.0,4.87,0.0,0.0,0.0,0.0,0.8891226395918999,0.8002103756327099,0.0,22.0,5.0,1.5,83.0,0.0,0.0,1.0,2.56,-5.76
EVT_00469,23.75637,86.48284,4,MINING_COAL_SEAM_FIRE,Jharia Coal Basin (Jharkhand),TRAIN,BCCL Coal Seam Fire Survey,0.98,False,False,15.05,334.23,304.19,846.3,103.29,30.04,17.32,2.0,0.0,8.29,0.0,0.0,0.0,0.0,0.6591716224539007,0.5932544602085107,1.0,22.0,5.0,-1.39,114.0,0.0,0.0,1.0,2.56,-5.76
EVT_00470,23.77685,86.41783,4,MINING_COAL_SEAM_FIRE,Jharia Coal Basin (Jharkhand),TRAIN,BCCL Coal Seam Fire Survey,0.98,False,False,28.1,331.6,308.7,845.4,92.29,22.9,20.14,2.0,0.0,4.18,0.0,0.0,0.0,0.0,0.7439166665543219,0.6695249998988897,0.0,22.0,5.0,1.22,139.0,0.0,0.0,1.0,2.56,-5.76
EVT_00471,23.74032,86.48363,4,MINING_COAL_SEAM_FIRE,Jharia Coal Basin (Jharkhand),TRAIN,BCCL Coal Seam Fire Survey,0.98,False,False,23.17,332.39,316.15,500.0,2289.04,16.25,15.55,2.0,0.0,8.17,0.0,0.0,0.0,0.0,0.6976283266257168,0.6278654939631452,1.0,22.0,5.0,0.23,164.0,0.0,0.0,1.0,2.56,-5.76
EVT_00472,23.70667,86.38631,4,MINING_COAL_SEAM_FIRE,Jharia Coal Basin (Jharkhand),TRAIN,BCCL Coal Seam Fire Survey,0.98,False,False,34.5,329.14,319.32,844.4,82.79,9.82,14.29,2.0,0.0,4.54,0.0,0.0,0.0,0.0,0.6359949072551169,0.5723954165296052,1.0,22.0,5.0,2.5,119.0,0.0,0.0,1.0,2.56,-5.76
EVT_00473,23.76393,86.40806,4,MINING_COAL_SEAM_FIRE,Jharia Coal Basin (Jharkhand),TRAIN,BCCL Coal Seam Fire Survey,0.98,False,False,28.96,338.8,310.92,847.4,124.87,27.88,19.04,2.0,0.0,2.66,0.0,0.0,0.0,0.0,0.6878780362828086,0.6190902326545278,0.0,22.0,5.0,1.39,188.0,0.0,0.0,1.0,2.56,-5.76
EVT_00474,23.77755,86.42139,4,MINING_COAL_SEAM_FIRE,Jharia Coal Basin (Jharkhand),TRAIN,BCCL Coal Seam Fire Survey,0.98,False,False,36.15,331.57,307.54,845.4,92.16,24.03,20.13,2.0,0.0,4.36,0.0,0.0,0.0,0.0,0.7161900266575458,0.6445710239917912,0.0,22.0,5.0,2.83,152.0,0.0,0.0,1.0,2.56,-5.76
EVT_00475,23.78183,86.42674,4,MINING_COAL_SEAM_FIRE,Jharia Coal Basin (Jharkhand),TRAIN,BCCL Coal Seam Fire Survey,0.98,False,False,32.21,332.69,320.92,500.0,2327.83,11.77,20.48,2.0,0.0,5.0,0.0,0.0,0.0,0.0,0.8354964967209906,0.7519468470488916,0.0,22.0,5.0,2.04,197.0,0.0,0.0,1.0,2.56,-5.76
EVT_00476,23.77526,86.36608,4,MINING_COAL_SEAM_FIRE,Jharia Coal Basin (Jharkhand),TRAIN,BCCL Coal Seam Fire Survey,0.98,False,False,26.66,333.92,319.75,846.2,102.19,14.17,21.88,2.0,0.0,6.25,0.0,0.0,0.0,0.0,0.7750974873227161,0.6975877385904445,1.0,22.0,5.0,0.93,157.0,0.0,0.0,1.0,2.56,-5.76
EVT_00477,23.75317,86.42089,4,MINING_COAL_SEAM_FIRE,Jharia Coal Basin (Jharkhand),TRAIN,BCCL Coal Seam Fire Survey,0.98,False,False,37.78,333.67,315.47,846.1,101.02,18.19,17.52,2.0,0.0,1.9,0.0,0.0,0.0,0.0,0.8543935908668832,0.7689542317801948,0.0,22.0,5.0,3.16,140.0,0.0,0.0,1.0,2.56,-5.76
EVT_00478,23.74389,86.41534,4,MINING_COAL_SEAM_FIRE,Jharia Coal Basin (Jharkhand),TRAIN,BCCL Coal Seam Fire Survey,0.98,False,False,36.59,338.91,320.64,847.4,125.57,18.27,16.69,2.0,0.0,0.73,0.0,0.0,0.0,0.0,0.7035384341237876,0.6331845907114089,1.0,22.0,5.0,2.92,95.0,0.0,0.0,1.0,2.56,-5.76
EVT_00479,23.76284,86.37018,4,MINING_COAL_SEAM_FIRE,Jharia Coal Basin (Jharkhand),TRAIN,BCCL Coal Seam Fire Survey,0.98,False,False,12.42,339.06,322.94,847.5,126.37,16.12,20.47,2.0,0.0,5.1,0.0,0.0,0.0,0.0,0.8550723190577266,0.7695650871519539,1.0,22.0,5.0,-1.92,188.0,0.0,0.0,1.0,2.56,-5.76
EVT_00480,23.74708,86.40156,4,MINING_COAL_SEAM_FIRE,Jharia Coal Basin (Jharkhand),TRAIN,BCCL Coal Seam Fire Survey,0.98,False,False,24.97,332.63,319.19,571.6,876.02,13.44,17.51,2.0,0.0,1.22,0.0,0.0,0.0,0.0,0.711391714485004,0.6402525430365037,0.0,22.0,5.0,0.59,166.0,0.0,0.0,1.0,2.56,-5.76
EVT_00481,23.77085,86.43524,4,MINING_COAL_SEAM_FIRE,Jharia Coal Basin (Jharkhand),TRAIN,BCCL Coal Seam Fire Survey,0.98,False,False,18.62,328.42,321.42,500.0,1904.89,7.0,19.12,2.0,0.0,4.42,0.0,0.0,0.0,0.0,0.6045141144263338,0.5440627029837005,0.0,22.0,5.0,-0.68,119.0,0.0,0.0,1.0,2.56,-5.76
EVT_00482,23.74431,86.44235,4,MINING_COAL_SEAM_FIRE,Jharia Coal Basin (Jharkhand),TRAIN,BCCL Coal Seam Fire Survey,0.98,False,False,29.32,330.78,320.78,845.1,89.15,10.0,16.09,2.0,0.0,3.62,0.0,0.0,0.0,0.0,0.9460924359862075,0.8514831923875867,1.0,22.0,5.0,1.46,151.0,0.0,0.0,1.0,2.56,-5.76
EVT_00483,23.7301,86.38833,4,MINING_COAL_SEAM_FIRE,Jharia Coal Basin (Jharkhand),TRAIN,BCCL Coal Seam Fire Survey,0.98,False,False,25.83,332.84,317.1,525.4,1605.02,15.74,16.39,2.0,0.0,2.64,0.0,0.0,0.0,0.0,0.9057664850580254,0.8151898365522229,0.0,22.0,5.0,0.77,125.0,0.0,0.0,1.0,2.56,-5.76
EVT_00484,23.67131,86.39619,4,MINING_COAL_SEAM_FIRE,Jharia Coal Basin (Jharkhand),TRAIN,BCCL Coal Seam Fire Survey,0.98,False,False,24.71,323.06,314.97,840.6,61.99,8.09,10.58,2.0,0.0,7.78,0.0,0.0,0.0,0.0,0.9008447389212778,0.81076026502915,0.0,22.0,5.0,0.54,191.0,0.0,0.0,1.0,2.56,-5.76
EVT_00485,23.75185,86.37717,4,MINING_COAL_SEAM_FIRE,Jharia Coal Basin (Jharkhand),TRAIN,BCCL Coal Seam Fire Survey,0.98,False,False,30.03,334.08,311.9,846.2,102.79,22.19,19.06,2.0,0.0,3.87,0.0,0.0,0.0,0.0,0.845214023738058,0.7606926213642522,0.0,22.0,5.0,1.61,83.0,0.0,0.0,1.0,2.56,-5.76
EVT_00486,23.74413,86.404,4,MINING_COAL_SEAM_FIRE,Jharia Coal Basin (Jharkhand),TRAIN,BCCL Coal Seam Fire Survey,0.98,False,False,20.0,338.62,318.92,847.4,124.11,19.7,17.11,2.0,0.0,0.81,0.0,0.0,0.0,0.0,0.7722190712838402,0.6949971641554562,0.0,22.0,5.0,-0.4,122.0,0.0,0.0,1.0,2.56,-5.76
EVT_00487,23.72964,86.40159,4,MINING_COAL_SEAM_FIRE,Jharia Coal Basin (Jharkhand),TRAIN,BCCL Coal Seam Fire Survey,0.98,False,False,26.08,345.77,313.43,848.5,163.52,32.34,15.73,2.0,0.0,1.48,0.0,0.0,0.0,0.0,0.6301112549615301,0.5671001294653771,1.0,22.0,5.0,0.82,118.0,0.0,0.0,1.0,2.56,-5.76
EVT_00488,23.73916,86.42544,4,MINING_COAL_SEAM_FIRE,Jharia Coal Basin (Jharkhand),TRAIN,BCCL Coal Seam Fire Survey,0.98,False,False,25.6,334.9,315.28,846.5,106.45,19.62,15.89,2.0,0.0,1.72,0.0,0.0,0.0,0.0,0.6951252806280451,0.6256127525652406,1.0,22.0,5.0,0.72,195.0,0.0,0.0,1.0,2.56,-5.76
EVT_00489,23.77198,86.3559,4,MINING_COAL_SEAM_FIRE,Jharia Coal Basin (Jharkhand),TRAIN,BCCL Coal Seam Fire Survey,0.98,False,False,21.49,340.95,318.3,847.8,136.1,22.65,22.07,2.0,0.0,6.98,0.0,0.0,0.0,0.0,0.8243379348345652,0.7419041413511087,0.0,22.0,5.0,-0.1,104.0,0.0,0.0,1.0,2.56,-5.76
EVT_00490,23.77537,86.43622,4,MINING_COAL_SEAM_FIRE,Jharia Coal Basin (Jharkhand),TRAIN,BCCL Coal Seam Fire Survey,0.98,False,False,25.77,335.31,315.32,500.0,2603.33,19.99,19.6,2.0,0.0,4.89,0.0,0.0,0.0,0.0,0.8563359563091442,0.7707023606782297,0.0,22.0,5.0,0.75,92.0,0.0,0.0,1.0,2.56,-5.76
EVT_00491,30.37682,75.87536,3,AGRICULTURAL_CROP_BURNING,Sangrur & Patiala (Punjab),TRAIN,PRSC Stubble Burning Records,0.98,False,False,13.5,336.12,309.3,500.0,2677.52,26.82,40.83,2.0,0.0,1019.27,0.0,0.0,0.0,0.0,0.06293776539957041,0.05664398885961337,1.0,8.0,3.0,1.83,6.0,0.0,0.0,1.0,-0.39,4.48
EVT_00492,30.40019,75.84874,3,AGRICULTURAL_CROP_BURNING,Sangrur & Patiala (Punjab),TRAIN,PRSC Stubble Burning Records,0.98,False,False,12.29,333.85,306.96,846.2,101.71,26.89,42.35,2.0,0.0,1023.2,0.0,0.0,0.0,0.0,0.0671038583244575,0.060393472492011754,1.0,8.0,3.0,1.43,1.0,0.0,0.0,1.0,-0.39,4.48
EVT_00493,30.30623,75.84077,3,AGRICULTURAL_CROP_BURNING,Sangrur & Patiala (Punjab),TRAIN,PRSC Stubble Burning Records,0.98,False,False,13.62,319.68,311.26,837.3,52.04,8.42,38.87,2.0,0.0,1016.87,0.0,0.0,0.0,0.0,0.01806023248766408,0.016254209238897675,1.0,8.0,3.0,1.87,3.0,0.0,0.0,1.0,-0.39,4.48
EVT_00494,30.32162,75.91764,3,AGRICULTURAL_CROP_BURNING,Sangrur & Patiala (Punjab),TRAIN,PRSC Stubble Burning Records,0.98,False,False,13.96,325.14,305.03,842.1,68.57,20.12,40.05,2.0,0.0,1011.68,0.0,0.0,0.0,0.0,0.061134473423760965,0.05502102608138487,0.0,8.0,3.0,1.99,1.0,0.0,0.0,1.0,-0.39,4.48
EVT_00495,30.34729,75.79816,3,AGRICULTURAL_CROP_BURNING,Sangrur & Patiala (Punjab),TRAIN,PRSC Stubble Burning Records,0.98,False,False,13.64,337.25,321.23,847.1,117.43,16.03,42.99,2.0,0.0,1023.44,0.0,0.0,0.0,0.0,0.0336659086556383,0.030299317790074474,0.0,8.0,3.0,1.88,5.0,0.0,0.0,1.0,-0.39,4.48
EVT_00496,30.34292,75.84269,3,AGRICULTURAL_CROP_BURNING,Sangrur & Patiala (Punjab),TRAIN,PRSC Stubble Burning Records,0.98,False,False,9.16,337.5,317.63,847.1,118.59,19.87,42.93,2.0,0.0,1019.43,0.0,0.0,0.0,0.0,0.012937485141054401,0.011643736626948962,1.0,8.0,3.0,0.39,3.0,0.0,0.0,1.0,-0.39,4.48
EVT_00497,30.33847,75.822,3,AGRICULTURAL_CROP_BURNING,Sangrur & Patiala (Punjab),TRAIN,PRSC Stubble Burning Records,0.98,False,False,20.28,331.36,306.56,845.3,91.31,24.8,42.19,2.0,0.0,1020.81,0.0,0.0,0.0,0.0,0.05149396586091294,0.04634456927482165,0.0,8.0,3.0,4.09,3.0,0.0,0.0,1.0,-0.39,4.48
EVT_00498,30.34224,75.79977,3,AGRICULTURAL_CROP_BURNING,Sangrur & Patiala (Punjab),TRAIN,PRSC Stubble Burning Records,0.98,False,False,26.55,326.22,314.69,842.8,72.28,11.53,42.44,2.0,0.0,1022.93,0.0,0.0,0.0,0.0,0.06285935322116372,0.05657341789904735,1.0,8.0,3.0,6.18,4.0,0.0,0.0,1.0,-0.39,4.48
EVT_00499,30.32817,75.8047,3,AGRICULTURAL_CROP_BURNING,Sangrur & Patiala (Punjab),TRAIN,PRSC Stubble Burning Records,0.98,False,False,8.68,323.04,309.96,840.5,61.89,13.08,40.91,2.0,0.0,1021.48,0.0,0.0,0.0,0.0,0.057494381805540694,0.051744943624986627,1.0,8.0,3.0,0.23,7.0,0.0,0.0,1.0,-0.39,4.48
EVT_00500,30.31559,75.78334,3,AGRICULTURAL_CROP_BURNING,Sangrur & Patiala (Punjab),TRAIN,PRSC Stubble Burning Records,0.98,False,False,15.27,336.34,315.74,846.9,113.06,20.61,39.42,2.0,0.0,1022.32,0.0,0.0,0.0,0.0,0.03958592236522709,0.03562733012870438,1.0,8.0,3.0,2.42,9.0,0.0,0.0,1.0,-0.39,4.48
EVT_00501,30.3685,75.88485,3,AGRICULTURAL_CROP_BURNING,Sangrur & Patiala (Punjab),TRAIN,PRSC Stubble Burning Records,0.98,False,False,4.31,334.2,312.58,846.3,103.33,21.63,40.36,2.0,0.0,1017.87,0.0,0.0,0.0,0.0,0.025868345645244657,0.023281511080720192,1.0,8.0,3.0,-1.23,5.0,0.0,0.0,1.0,-0.39,4.48
EVT_00502,30.4197,75.81088,3,AGRICULTURAL_CROP_BURNING,Sangrur & Patiala (Punjab),TRAIN,PRSC Stubble Burning Records,0.98,False,False,18.39,327.25,313.41,561.1,767.78,13.84,45.26,2.0,0.0,1027.77,0.0,0.0,0.0,0.0,0.07316822932774723,0.06585140639497251,1.0,8.0,3.0,3.46,5.0,0.0,0.0,1.0,-0.39,4.48
EVT_00503,30.34074,75.79229,3,AGRICULTURAL_CROP_BURNING,Sangrur & Patiala (Punjab),TRAIN,PRSC Stubble Burning Records,0.98,False,False,16.09,326.8,310.73,843.1,74.25,16.07,42.24,2.0,0.0,1023.44,0.0,0.0,0.0,0.0,0.014767631730646578,0.01329086855758192,1.0,8.0,3.0,2.7,6.0,0.0,0.0,1.0,-0.39,4.48
EVT_00504,30.2648,75.78714,3,AGRICULTURAL_CROP_BURNING,Sangrur & Patiala (Punjab),TRAIN,PRSC Stubble Burning Records,0.98,False,False,13.96,329.44,314.49,844.5,83.92,14.96,33.79,2.0,0.0,1018.27,0.0,0.0,0.0,0.0,0.011003163410690088,0.009902847069621079,1.0,8.0,3.0,1.99,6.0,0.0,0.0,1.0,-0.39,4.48
EVT_00505,30.35509,75.81851,3,AGRICULTURAL_CROP_BURNING,Sangrur & Patiala (Punjab),TRAIN,PRSC Stubble Burning Records,0.98,False,False,9.44,330.7,320.35,845.0,88.84,10.35,43.99,2.0,0.0,1022.33,0.0,0.0,0.0,0.0,0.05665653836851245,0.05099088453166121,0.0,8.0,3.0,0.48,3.0,0.0,0.0,1.0,-0.39,4.48
EVT_00506,30.3319,75.82081,3,AGRICULTURAL_CROP_BURNING,Sangrur & Patiala (Punjab),TRAIN,PRSC Stubble Burning Records,0.98,False,False,13.55,327.31,313.46,538.9,1025.41,13.85,41.45,2.0,0.0,1020.42,0.0,0.0,0.0,0.0,0.04581952129802906,0.04123756916822616,1.0,8.0,3.0,1.85,8.0,0.0,0.0,1.0,-0.39,4.48
EVT_00507,30.32099,75.81824,3,AGRICULTURAL_CROP_BURNING,Sangrur & Patiala (Punjab),TRAIN,PRSC Stubble Burning Records,0.98,False,False,4.62,328.84,313.95,844.2,81.65,14.89,40.22,2.0,0.0,1019.83,0.0,0.0,0.0,0.0,0.04873034477361001,0.04385731029624901,1.0,8.0,3.0,-1.13,3.0,0.0,0.0,1.0,-0.39,4.48
EVT_00508,30.35548,75.87582,3,AGRICULTURAL_CROP_BURNING,Sangrur & Patiala (Punjab),TRAIN,PRSC Stubble Burning Records,0.98,False,False,19.49,330.88,308.65,845.1,89.4,22.22,41.75,2.0,0.0,1017.64,0.0,0.0,0.0,0.0,0.013190961056406816,0.011871864950766135,1.0,8.0,3.0,3.83,8.0,0.0,0.0,1.0,-0.39,4.48
EVT_00509,30.33409,75.83235,3,AGRICULTURAL_CROP_BURNING,Sangrur & Patiala (Punjab),TRAIN,PRSC Stubble Burning Records,0.98,False,False,6.96,329.54,313.68,844.5,84.29,15.87,41.82,2.0,0.0,1019.63,0.0,0.0,0.0,0.0,0.04629931820660138,0.04166938638594125,1.0,8.0,3.0,-0.35,9.0,0.0,0.0,1.0,-0.39,4.48
EVT_00510,30.35556,75.82715,3,AGRICULTURAL_CROP_BURNING,Sangrur & Patiala (Punjab),TRAIN,PRSC Stubble Burning Records,0.98,False,False,8.08,334.85,309.18,846.5,106.13,25.67,44.13,2.0,0.0,1021.66,0.0,0.0,0.0,0.0,0.01387911219095711,0.0124912009718614,1.0,8.0,3.0,0.03,9.0,0.0,0.0,1.0,-0.39,4.48
EVT_00511,30.33735,75.83775,3,AGRICULTURAL_CROP_BURNING,Sangrur & Patiala (Punjab),TRAIN,PRSC Stubble Burning Records,0.98,False,False,6.36,324.95,311.94,842.0,67.99,13.01,42.25,2.0,0.0,1019.43,0.0,0.0,0.0,0.0,0.0769704303722545,0.06927338733502905,1.0,8.0,3.0,-0.55,8.0,0.0,0.0,1.0,-0.39,4.48
EVT_00512,30.31764,75.78408,3,AGRICULTURAL_CROP_BURNING,Sangrur & Patiala (Punjab),TRAIN,PRSC Stubble Burning Records,0.98,False,False,8.3,328.36,313.15,844.0,79.88,15.22,39.65,2.0,0.0,1022.41,0.0,0.0,0.0,0.0,0.06582598317075401,0.05924338485367861,1.0,8.0,3.0,0.1,7.0,0.0,0.0,1.0,-0.39,4.48
EVT_00513,30.33857,75.81364,3,AGRICULTURAL_CROP_BURNING,Sangrur & Patiala (Punjab),TRAIN,PRSC Stubble Burning Records,0.98,False,False,19.07,328.38,319.79,844.0,80.0,8.59,42.12,2.0,0.0,1021.51,0.0,0.0,0.0,0.0,0.055322055852188225,0.0497898502669694,1.0,8.0,3.0,3.69,7.0,0.0,0.0,1.0,-0.39,4.48
EVT_00514,30.3676,75.82781,3,AGRICULTURAL_CROP_BURNING,Sangrur & Patiala (Punjab),TRAIN,PRSC Stubble Burning Records,0.98,False,False,13.58,327.52,316.38,843.5,76.84,11.14,45.45,2.0,0.0,1022.49,0.0,0.0,0.0,0.0,0.03867710085047634,0.03480939076542871,1.0,8.0,3.0,1.86,7.0,0.0,0.0,1.0,-0.39,4.48
EVT_00515,30.32884,75.8689,3,AGRICULTURAL_CROP_BURNING,Sangrur & Patiala (Punjab),TRAIN,PRSC Stubble Burning Records,0.98,False,False,16.53,326.14,319.59,842.7,72.05,6.55,41.84,2.0,0.0,1016.23,0.0,0.0,0.0,0.0,0.014758130987358259,0.013282317888622433,0.0,8.0,3.0,2.84,5.0,0.0,0.0,1.0,-0.39,4.48
EVT_00516,30.32216,75.85485,3,AGRICULTURAL_CROP_BURNING,Sangrur & Patiala (Punjab),TRAIN,PRSC Stubble Burning Records,0.98,False,False,13.67,336.4,305.13,846.9,113.11,31.26,40.84,2.0,0.0,1016.89,0.0,0.0,0.0,0.0,0.046372817306210526,0.041735535575589476,1.0,8.0,3.0,1.89,3.0,0.0,0.0,1.0,-0.39,4.48
EVT_00517,30.31496,75.83007,3,AGRICULTURAL_CROP_BURNING,Sangrur & Patiala (Punjab),TRAIN,PRSC Stubble Burning Records,0.98,False,False,15.61,336.84,309.33,500.0,2760.8,27.52,39.68,2.0,0.0,1018.41,0.0,0.0,0.0,0.0,0.03928726733648335,0.03535854060283501,1.0,8.0,3.0,2.54,2.0,0.0,0.0,1.0,-0.39,4.48
EVT_00518,30.30869,75.84922,3,AGRICULTURAL_CROP_BURNING,Sangrur & Patiala (Punjab),TRAIN,PRSC Stubble Burning Records,0.98,False,False,17.69,342.85,308.57,848.1,146.27,34.28,39.27,2.0,0.0,1016.36,0.0,0.0,0.0,0.0,0.02470750350386463,0.022236753153478166,1.0,8.0,3.0,3.23,8.0,0.0,0.0,1.0,-0.39,4.48
EVT_00519,30.34358,75.78156,3,AGRICULTURAL_CROP_BURNING,Sangrur & Patiala (Punjab),TRAIN,PRSC Stubble Burning Records,0.98,False,False,11.93,330.23,313.57,844.8,86.94,16.66,42.53,2.0,0.0,1024.54,0.0,0.0,0.0,0.0,0.0621315709480447,0.055918413853240236,1.0,8.0,3.0,1.31,5.0,0.0,0.0,1.0,-0.39,4.48
EVT_00520,30.37405,75.89133,3,AGRICULTURAL_CROP_BURNING,Sangrur & Patiala (Punjab),TRAIN,PRSC Stubble Burning Records,0.98,False,False,10.27,324.44,313.86,841.6,66.35,10.59,39.54,2.0,0.0,1017.75,0.0,0.0,0.0,0.0,0.039336963104195974,0.03540326679377638,1.0,8.0,3.0,0.76,9.0,0.0,0.0,1.0,-0.39,4.48
EVT_00521,30.33056,75.80592,3,AGRICULTURAL_CROP_BURNING,Sangrur & Patiala (Punjab),TRAIN,PRSC Stubble Burning Records,0.98,False,False,9.82,334.18,313.31,846.3,103.24,20.87,41.18,2.0,0.0,1021.56,0.0,0.0,0.0,0.0,0.016391616178126917,0.014752454560314225,1.0,8.0,3.0,0.61,2.0,0.0,0.0,1.0,-0.39,4.48
EVT_00522,30.31881,75.83784,3,AGRICULTURAL_CROP_BURNING,Sangrur & Patiala (Punjab),TRAIN,PRSC Stubble Burning Records,0.98,False,False,13.78,334.26,322.48,846.3,103.7,11.78,40.21,2.0,0.0,1018.05,0.0,0.0,0.0,0.0,0.046496391503161885,0.0418467523528457,1.0,8.0,3.0,1.93,4.0,0.0,0.0,1.0,-0.39,4.48
EVT_00523,30.34847,75.77739,3,AGRICULTURAL_CROP_BURNING,Sangrur & Patiala (Punjab),TRAIN,PRSC Stubble Burning Records,0.98,False,False,11.59,331.14,310.08,845.2,90.47,21.05,43.07,2.0,0.0,1025.24,0.0,0.0,0.0,0.0,0.05388779041701016,0.048499011375309146,1.0,8.0,3.0,1.2,9.0,0.0,0.0,1.0,-0.39,4.48
EVT_00524,30.36123,75.84679,3,AGRICULTURAL_CROP_BURNING,Sangrur & Patiala (Punjab),TRAIN,PRSC Stubble Burning Records,0.98,False,False,10.45,323.65,315.15,841.0,63.83,8.5,44.03,2.0,0.0,1020.46,0.0,0.0,0.0,0.0,0.023905120382818407,0.021514608344536567,1.0,8.0,3.0,0.82,2.0,0.0,0.0,1.0,-0.39,4.48
EVT_00525,30.42041,75.79208,3,AGRICULTURAL_CROP_BURNING,Sangrur & Patiala (Punjab),TRAIN,PRSC Stubble Burning Records,0.98,False,False,23.96,326.56,314.57,843.0,73.44,11.98,47.0,2.0,0.0,1029.37,0.0,0.0,0.0,0.0,0.02241285872567576,0.020171572853108184,1.0,8.0,3.0,5.32,9.0,0.0,0.0,1.0,-0.39,4.48
EVT_00526,30.32565,75.80787,3,AGRICULTURAL_CROP_BURNING,Sangrur & Patiala (Punjab),TRAIN,PRSC Stubble Burning Records,0.98,False,False,4.33,336.2,312.42,500.0,2696.7,23.78,40.65,2.0,0.0,1021.03,0.0,0.0,0.0,0.0,0.05545651741656357,0.04991086567490722,1.0,8.0,3.0,-1.22,9.0,0.0,0.0,1.0,-0.39,4.48
EVT_00527,30.31396,75.8082,3,AGRICULTURAL_CROP_BURNING,Sangrur & Patiala (Punjab),TRAIN,PRSC Stubble Burning Records,0.98,False,False,20.97,333.31,306.29,846.0,99.36,27.03,39.35,2.0,0.0,1020.14,0.0,0.0,0.0,0.0,0.056379754241714965,0.05074177881754347,1.0,8.0,3.0,4.32,2.0,0.0,0.0,1.0,-0.39,4.48
EVT_00528,30.32082,75.86361,3,AGRICULTURAL_CROP_BURNING,Sangrur & Patiala (Punjab),TRAIN,PRSC Stubble Burning Records,0.98,False,False,11.67,331.74,310.31,845.4,92.88,21.42,40.86,2.0,0.0,1016.07,0.0,0.0,0.0,0.0,0.01399820143593103,0.012598381292337927,0.0,8.0,3.0,1.22,3.0,0.0,0.0,1.0,-0.39,4.48
EVT_00529,30.33625,75.7923,3,AGRICULTURAL_CROP_BURNING,Sangrur & Patiala (Punjab),TRAIN,PRSC Stubble Burning Records,0.98,False,False,4.97,333.5,313.03,846.1,100.26,20.47,41.74,2.0,0.0,1023.11,0.0,0.0,0.0,0.0,0.045855029537393614,0.04126952658365425,1.0,8.0,3.0,-1.01,7.0,0.0,0.0,1.0,-0.39,4.48
EVT_00530,30.39245,75.85682,3,AGRICULTURAL_CROP_BURNING,Sangrur & Patiala (Punjab),TRAIN,PRSC Stubble Burning Records,0.98,False,False,12.97,328.99,311.04,500.0,1943.4,17.95,41.88,2.0,0.0,1021.96,0.0,0.0,0.0,0.0,0.07204017515190024,0.06483615763671022,0.0,8.0,3.0,1.66,2.0,0.0,0.0,1.0,-0.39,4.48
EVT_00531,30.33594,75.83459,3,AGRICULTURAL_CROP_BURNING,Sangrur & Patiala (Punjab),TRAIN,PRSC Stubble Burning Records,0.98,False,False,21.43,339.63,309.81,847.6,129.04,29.82,42.05,2.0,0.0,1019.59,0.0,0.0,0.0,0.0,0.03568729849050404,0.03211856864145363,0.0,8.0,3.0,4.48,6.0,0.0,0.0,1.0,-0.39,4.48
EVT_00532,30.38622,75.79029,3,AGRICULTURAL_CROP_BURNING,Sangrur & Patiala (Punjab),TRAIN,PRSC Stubble Burning Records,0.98,False,False,23.49,334.11,314.18,846.2,102.93,19.92,47.29,2.0,0.0,1026.97,0.0,0.0,0.0,0.0,0.06776479598817418,0.06098831638935677,1.0,8.0,3.0,5.16,7.0,0.0,0.0,1.0,-0.39,4.48
EVT_00533,30.33075,75.85431,3,AGRICULTURAL_CROP_BURNING,Sangrur & Patiala (Punjab),TRAIN,PRSC Stubble Burning Records,0.98,False,False,4.61,336.19,319.52,500.0,2713.53,16.67,41.77,2.0,0.0,1017.57,0.0,0.0,0.0,0.0,0.06515790935136521,0.0586421184162287,1.0,8.0,3.0,-1.13,6.0,0.0,0.0,1.0,-0.39,4.48
EVT_00534,30.33978,75.82411,3,AGRICULTURAL_CROP_BURNING,Sangrur & Patiala (Punjab),TRAIN,PRSC Stubble Burning Records,0.98,False,False,25.01,334.95,311.65,846.5,106.62,23.3,42.35,2.0,0.0,1020.74,0.0,0.0,0.0,0.0,0.03117264222230288,0.028055378000072594,1.0,8.0,3.0,5.67,2.0,0.0,0.0,1.0,-0.39,4.48
EVT_00535,30.36529,75.8316,3,AGRICULTURAL_CROP_BURNING,Sangrur & Patiala (Punjab),TRAIN,PRSC Stubble Burning Records,0.98,False,False,20.06,328.03,313.39,843.8,78.65,14.64,45.21,2.0,0.0,1022.01,0.0,0.0,0.0,0.0,0.026189594982116884,0.023570635483905197,1.0,8.0,3.0,4.02,2.0,0.0,0.0,1.0,-0.39,4.48
EVT_00536,30.3495,75.83545,3,AGRICULTURAL_CROP_BURNING,Sangrur & Patiala (Punjab),TRAIN,PRSC Stubble Burning Records,0.98,False,False,9.65,331.25,311.73,845.3,90.92,19.52,43.56,2.0,0.0,1020.52,0.0,0.0,0.0,0.0,0.0760501900824624,0.06844517107421616,1.0,8.0,3.0,0.55,6.0,0.0,0.0,1.0,-0.39,4.48
EVT_00537,30.38603,75.87053,3,AGRICULTURAL_CROP_BURNING,Sangrur & Patiala (Punjab),TRAIN,PRSC Stubble Burning Records,0.98,False,False,24.95,324.28,317.28,841.5,65.86,7.0,40.89,2.0,0.0,1020.35,0.0,0.0,0.0,0.0,0.02182009243592765,0.019638083192334885,0.0,8.0,3.0,5.65,1.0,0.0,0.0,1.0,-0.39,4.48
EVT_00538,30.39171,75.83707,3,AGRICULTURAL_CROP_BURNING,Sangrur & Patiala (Punjab),TRAIN,PRSC Stubble Burning Records,0.98,False,False,24.07,324.4,312.43,500.0,1544.65,11.98,43.7,2.0,0.0,1023.53,0.0,0.0,0.0,0.0,0.04842367421480502,0.04358130679332452,0.0,8.0,3.0,5.36,4.0,0.0,0.0,1.0,-0.39,4.48
EVT_00539,30.28912,75.86466,3,AGRICULTURAL_CROP_BURNING,Sangrur & Patiala (Punjab),TRAIN,PRSC Stubble Burning Records,0.98,False,False,27.55,337.27,313.55,847.1,117.39,23.72,37.44,2.0,0.0,1013.63,0.0,0.0,0.0,0.0,0.07527422465128614,0.06774680218615753,1.0,8.0,3.0,6.52,3.0,0.0,0.0,1.0,-0.39,4.48
EVT_00540,30.36656,75.87281,3,AGRICULTURAL_CROP_BURNING,Sangrur & Patiala (Punjab),TRAIN,PRSC Stubble Burning Records,0.98,False,False,25.1,325.11,319.63,842.1,68.57,5.48,41.5,2.0,0.0,1018.71,0.0,0.0,0.0,0.0,0.06077601201644003,0.054698410814796025,0.0,8.0,3.0,5.7,2.0,0.0,0.0,1.0,-0.39,4.48
EVT_00541,30.31222,75.79792,3,AGRICULTURAL_CROP_BURNING,Sangrur & Patiala (Punjab),TRAIN,PRSC Stubble Burning Records,0.98,False,False,24.7,328.98,311.67,844.3,82.15,17.31,39.1,2.0,0.0,1020.87,0.0,0.0,0.0,0.0,0.02631509683235845,0.023683587149122606,1.0,8.0,3.0,5.57,9.0,0.0,0.0,1.0,-0.39,4.48
EVT_00542,30.3469,75.84458,3,AGRICULTURAL_CROP_BURNING,Sangrur & Patiala (Punjab),TRAIN,PRSC Stubble Burning Records,0.98,False,False,8.02,323.57,314.43,841.0,63.56,9.13,43.39,2.0,0.0,1019.57,0.0,0.0,0.0,0.0,0.04238154829736072,0.038143393467624645,0.0,8.0,3.0,0.01,9.0,0.0,0.0,1.0,-0.39,4.48
EVT_00543,30.34365,75.83628,3,AGRICULTURAL_CROP_BURNING,Sangrur & Patiala (Punjab),TRAIN,PRSC Stubble Burning Records,0.98,False,False,13.96,334.98,320.81,846.5,106.86,14.17,42.92,2.0,0.0,1020.02,0.0,0.0,0.0,0.0,0.03955345637164747,0.03559811073448273,1.0,8.0,3.0,1.99,3.0,0.0,0.0,1.0,-0.39,4.48
EVT_00544,30.32051,75.85411,3,AGRICULTURAL_CROP_BURNING,Sangrur & Patiala (Punjab),TRAIN,PRSC Stubble Burning Records,0.98,False,False,21.91,331.01,316.17,845.2,90.03,14.84,40.65,2.0,0.0,1016.83,0.0,0.0,0.0,0.0,0.03181002177075603,0.028629019593680426,1.0,8.0,3.0,4.64,5.0,0.0,0.0,1.0,-0.39,4.48
EVT_00545,30.34201,75.86169,3,AGRICULTURAL_CROP_BURNING,Sangrur & Patiala (Punjab),TRAIN,PRSC Stubble Burning Records,0.98,False,False,4.01,322.95,312.37,840.5,61.64,10.59,43.14,2.0,0.0,1017.8,0.0,0.0,0.0,0.0,0.07405010764232692,0.06664509687809422,1.0,8.0,3.0,-1.33,6.0,0.0,0.0,1.0,-0.39,4.48
EVT_00546,30.3693,75.86459,3,AGRICULTURAL_CROP_BURNING,Sangrur & Patiala (Punjab),TRAIN,PRSC Stubble Burning Records,0.98,False,False,21.35,332.97,315.47,500.0,2348.46,17.5,42.11,2.0,0.0,1019.59,0.0,0.0,0.0,0.0,0.02622889042003085,0.023606001378027767,1.0,8.0,3.0,4.45,4.0,0.0,0.0,1.0,-0.39,4.48
EVT_00547,30.2738,75.84625,3,AGRICULTURAL_CROP_BURNING,Sangrur & Patiala (Punjab),TRAIN,PRSC Stubble Burning Records,0.98,False,False,21.25,337.14,308.1,847.1,116.7,29.04,35.41,2.0,0.0,1014.02,0.0,0.0,0.0,0.0,0.01774225192112126,0.015968026729009134,0.0,8.0,3.0,4.42,6.0,0.0,0.0,1.0,-0.39,4.48
EVT_00548,30.34097,75.82676,3,AGRICULTURAL_CROP_BURNING,Sangrur & Patiala (Punjab),TRAIN,PRSC Stubble Burning Records,0.98,False,False,18.99,325.79,317.73,585.2,537.52,8.06,42.51,2.0,0.0,1020.61,0.0,0.0,0.0,0.0,0.015681495712460018,0.014113346141214017,1.0,8.0,3.0,3.66,1.0,0.0,0.0,1.0,-0.39,4.48
EVT_00549,30.41666,75.81881,3,AGRICULTURAL_CROP_BURNING,Sangrur & Patiala (Punjab),TRAIN,PRSC Stubble Burning Records,0.98,False,False,24.78,335.69,314.11,649.3,444.18,21.58,44.6,2.0,0.0,1026.89,0.0,0.0,0.0,0.0,0.010693748684380755,0.00962437381594268,1.0,8.0,3.0,5.59,4.0,0.0,0.0,1.0,-0.39,4.48
EVT_00550,30.34964,75.85037,3,AGRICULTURAL_CROP_BURNING,Sangrur & Patiala (Punjab),TRAIN,PRSC Stubble Burning Records,0.98,False,False,27.81,331.24,307.5,845.3,90.84,23.74,43.78,2.0,0.0,1019.3,0.0,0.0,0.0,0.0,0.07002714254263466,0.0630244282883712,0.0,8.0,3.0,6.6,5.0,0.0,0.0,1.0,-0.39,4.48
EVT_00551,30.38986,75.84385,3,AGRICULTURAL_CROP_BURNING,Sangrur & Patiala (Punjab),TRAIN,PRSC Stubble Burning Records,0.98,False,False,6.93,331.56,313.52,845.4,92.19,18.03,43.15,2.0,0.0,1022.83,0.0,0.0,0.0,0.0,0.011279254880645436,0.010151329392580892,1.0,8.0,3.0,-0.36,6.0,0.0,0.0,1.0,-0.39,4.48
EVT_00552,30.35405,75.80093,3,AGRICULTURAL_CROP_BURNING,Sangrur & Patiala (Punjab),TRAIN,PRSC Stubble Burning Records,0.98,False,False,5.47,328.53,308.85,517.9,1453.38,19.68,43.76,2.0,0.0,1023.71,0.0,0.0,0.0,0.0,0.02567472114576127,0.02310724903118514,1.0,8.0,3.0,-0.84,6.0,0.0,0.0,1.0,-0.39,4.48
EVT_00553,30.35924,75.89921,3,AGRICULTURAL_CROP_BURNING,Sangrur & Patiala (Punjab),TRAIN,PRSC Stubble Burning Records,0.98,False,False,21.01,327.72,317.86,843.6,77.57,9.86,39.54,2.0,0.0,1016.0,0.0,0.0,0.0,0.0,0.07956487827647206,0.07160839044882486,1.0,8.0,3.0,4.34,7.0,0.0,0.0,1.0,-0.39,4.48
EVT_00554,30.36625,75.82073,3,AGRICULTURAL_CROP_BURNING,Sangrur & Patiala (Punjab),TRAIN,PRSC Stubble Burning Records,0.98,False,False,6.97,331.58,310.46,845.4,92.25,21.12,45.25,2.0,0.0,1022.98,0.0,0.0,0.0,0.0,0.01493749463150696,0.013443745168356265,1.0,8.0,3.0,-0.34,1.0,0.0,0.0,1.0,-0.39,4.48
EVT_00555,30.35634,75.88561,3,AGRICULTURAL_CROP_BURNING,Sangrur & Patiala (Punjab),TRAIN,PRSC Stubble Burning Records,0.98,False,False,8.05,332.93,312.35,548.3,1181.21,20.58,40.86,2.0,0.0,1016.9,0.0,0.0,0.0,0.0,0.0697760017499297,0.06279840157493674,0.0,8.0,3.0,0.02,1.0,0.0,0.0,1.0,-0.39,4.48
EVT_00556,30.35032,75.88406,3,AGRICULTURAL_CROP_BURNING,Sangrur & Patiala (Punjab),TRAIN,PRSC Stubble Burning Records,0.98,False,False,16.09,330.27,314.97,844.9,87.08,15.3,41.28,2.0,0.0,1016.58,0.0,0.0,0.0,0.0,0.07148911041314732,0.0643401993718326,1.0,8.0,3.0,2.7,7.0,0.0,0.0,1.0,-0.39,4.48
EVT_00557,30.40747,75.86638,3,AGRICULTURAL_CROP_BURNING,Sangrur & Patiala (Punjab),TRAIN,PRSC Stubble Burning Records,0.98,False,False,23.92,328.82,308.55,844.2,81.53,20.27,40.49,2.0,0.0,1022.3,0.0,0.0,0.0,0.0,0.055830774394891015,0.05024769695540191,1.0,8.0,3.0,5.31,1.0,0.0,0.0,1.0,-0.39,4.48
EVT_00558,30.35572,75.79815,3,AGRICULTURAL_CROP_BURNING,Sangrur & Patiala (Punjab),TRAIN,PRSC Stubble Burning Records,0.98,False,False,13.92,328.9,311.03,577.3,685.51,17.87,43.93,2.0,0.0,1024.06,0.0,0.0,0.0,0.0,0.012786800761202768,0.011508120685082493,1.0,8.0,3.0,1.97,7.0,0.0,0.0,1.0,-0.39,4.48
EVT_00559,30.38155,75.87711,3,AGRICULTURAL_CROP_BURNING,Sangrur & Patiala (Punjab),TRAIN,PRSC Stubble Burning Records,0.98,False,False,23.9,330.17,321.53,844.8,86.75,8.64,40.48,2.0,0.0,1019.48,0.0,0.0,0.0,0.0,0.04556992030656361,0.041012928275907246,1.0,8.0,3.0,5.3,3.0,0.0,0.0,1.0,-0.39,4.48
EVT_00560,30.30883,75.85706,3,AGRICULTURAL_CROP_BURNING,Sangrur & Patiala (Punjab),TRAIN,PRSC Stubble Burning Records,0.98,False,False,5.66,335.91,315.92,846.8,111.04,19.99,39.43,2.0,0.0,1015.72,0.0,0.0,0.0,0.0,0.03343523293234754,0.030091709639112788,1.0,8.0,3.0,-0.78,6.0,0.0,0.0,1.0,-0.39,4.48
EVT_00561,30.31605,75.82609,3,AGRICULTURAL_CROP_BURNING,Sangrur & Patiala (Punjab),TRAIN,PRSC Stubble Burning Records,0.98,False,False,13.17,336.19,315.52,500.0,2704.22,20.67,39.75,2.0,0.0,1018.82,0.0,0.0,0.0,0.0,0.01925881005689372,0.01733292905120435,0.0,8.0,3.0,1.72,3.0,0.0,0.0,1.0,-0.39,4.48
EVT_00562,30.39142,75.89859,3,AGRICULTURAL_CROP_BURNING,Sangrur & Patiala (Punjab),TRAIN,PRSC Stubble Burning Records,0.98,False,False,23.78,325.07,319.62,842.1,68.45,5.45,38.16,2.0,0.0,1018.46,0.0,0.0,0.0,0.0,0.02428613628090322,0.021857522652812898,1.0,8.0,3.0,5.26,2.0,0.0,0.0,1.0,-0.39,4.48
EVT_00563,30.26957,75.82185,3,AGRICULTURAL_CROP_BURNING,Sangrur & Patiala (Punjab),TRAIN,PRSC Stubble Burning Records,0.98,False,False,8.78,317.1,316.05,834.1,45.23,1.04,34.57,2.0,0.0,1015.74,0.0,0.0,0.0,0.0,0.038865654109227675,0.034979088698304905,0.0,8.0,3.0,0.26,1.0,0.0,0.0,1.0,-0.39,4.48
EVT_00564,30.36578,75.86477,3,AGRICULTURAL_CROP_BURNING,Sangrur & Patiala (Punjab),TRAIN,PRSC Stubble Burning Records,0.98,False,False,8.85,326.49,313.05,842.9,73.2,13.44,42.24,2.0,0.0,1019.32,0.0,0.0,0.0,0.0,0.048184323834638505,0.04336589145117466,1.0,8.0,3.0,0.28,1.0,0.0,0.0,1.0,-0.39,4.48
EVT_00565,30.34975,75.83245,3,AGRICULTURAL_CROP_BURNING,Sangrur & Patiala (Punjab),TRAIN,PRSC Stubble Burning Records,0.98,False,False,26.23,328.14,311.09,843.9,79.04,17.05,43.55,2.0,0.0,1020.79,0.0,0.0,0.0,0.0,0.02131861872917908,0.019186756856261172,1.0,8.0,3.0,6.08,8.0,0.0,0.0,1.0,-0.39,4.48
EVT_00566,30.31611,75.86801,3,AGRICULTURAL_CROP_BURNING,Sangrur & Patiala (Punjab),TRAIN,PRSC Stubble Burning Records,0.98,False,False,5.94,321.34,312.21,839.0,56.79,9.13,40.44,2.0,0.0,1015.36,0.0,0.0,0.0,0.0,0.07136296789111242,0.06422667110200118,1.0,8.0,3.0,-0.69,4.0,0.0,0.0,1.0,-0.39,4.48
EVT_00567,30.34138,75.86085,3,AGRICULTURAL_CROP_BURNING,Sangrur & Patiala (Punjab),TRAIN,PRSC Stubble Burning Records,0.98,False,False,12.13,336.63,311.39,846.9,114.32,25.24,43.05,2.0,0.0,1017.82,0.0,0.0,0.0,0.0,0.0766443712647302,0.06897993413825718,1.0,8.0,3.0,1.38,8.0,0.0,0.0,1.0,-0.39,4.48
EVT_00568,30.32821,75.84386,3,AGRICULTURAL_CROP_BURNING,Sangrur & Patiala (Punjab),TRAIN,PRSC Stubble Burning Records,0.98,False,False,9.2,329.96,306.04,844.7,85.77,23.91,41.33,2.0,0.0,1018.25,0.0,0.0,0.0,0.0,0.07108381198401276,0.06397543078561148,0.0,8.0,3.0,0.4,9.0,0.0,0.0,1.0,-0.39,4.48
EVT_00569,30.31171,75.87076,3,AGRICULTURAL_CROP_BURNING,Sangrur & Patiala (Punjab),TRAIN,PRSC Stubble Burning Records,0.98,False,False,8.57,335.54,315.67,589.5,811.03,19.87,40.02,2.0,0.0,1014.8,0.0,0.0,0.0,0.0,0.07420544142774041,0.06678489728496637,1.0,8.0,3.0,0.19,1.0,0.0,0.0,1.0,-0.39,4.48
EVT_00570,30.28714,75.81686,3,AGRICULTURAL_CROP_BURNING,Sangrur & Patiala (Punjab),TRAIN,PRSC Stubble Burning Records,0.98,False,False,23.99,334.33,316.63,846.3,103.92,17.7,36.46,2.0,0.0,1017.45,0.0,0.0,0.0,0.0,0.07900377747100189,0.0711033997239017,1.0,8.0,3.0,5.33,6.0,0.0,0.0,1.0,-0.39,4.48
EVT_00571,30.39877,75.86487,3,AGRICULTURAL_CROP_BURNING,Sangrur & Patiala (Punjab),TRAIN,PRSC Stubble Burning Records,0.98,False,False,13.48,332.15,315.52,845.6,94.62,16.63,40.93,2.0,0.0,1021.77,0.0,0.0,0.0,0.0,0.013588442142319872,0.012229597928087884,1.0,8.0,3.0,1.83,8.0,0.0,0.0,1.0,-0.39,4.48
EVT_00572,30.32403,75.88521,3,AGRICULTURAL_CROP_BURNING,Sangrur & Patiala (Punjab),TRAIN,PRSC Stubble Burning Records,0.98,False,False,21.98,324.32,315.95,841.5,65.98,8.37,41.68,2.0,0.0,1014.53,0.0,0.0,0.0,0.0,0.04819871781691181,0.04337884603522063,1.0,8.0,3.0,4.66,7.0,0.0,0.0,1.0,-0.39,4.48
EVT_00573,30.33364,75.83947,3,AGRICULTURAL_CROP_BURNING,Sangrur & Patiala (Punjab),TRAIN,PRSC Stubble Burning Records,0.98,False,False,16.75,325.78,312.98,554.0,780.09,12.8,41.86,2.0,0.0,1019.01,0.0,0.0,0.0,0.0,0.037704437576230154,0.03393399381860714,1.0,8.0,3.0,2.92,1.0,0.0,0.0,1.0,-0.39,4.48
EVT_00574,30.35209,75.87323,3,AGRICULTURAL_CROP_BURNING,Sangrur & Patiala (Punjab),TRAIN,PRSC Stubble Burning Records,0.98,False,False,14.72,324.93,317.39,842.0,67.97,7.54,42.13,2.0,0.0,1017.6,0.0,0.0,0.0,0.0,0.018641490606724858,0.01677734154605237,1.0,8.0,3.0,2.24,4.0,0.0,0.0,1.0,-0.39,4.48
EVT_00575,30.3016,75.79867,3,AGRICULTURAL_CROP_BURNING,Sangrur & Patiala (Punjab),TRAIN,PRSC Stubble Burning Records,0.98,False,False,21.72,324.97,312.75,842.0,68.05,12.22,37.92,2.0,0.0,1020.02,0.0,0.0,0.0,0.0,0.06998750903433673,0.06298875813090306,1.0,8.0,3.0,4.57,7.0,0.0,0.0,1.0,-0.39,4.48
EVT_00576,30.38106,75.86663,3,AGRICULTURAL_CROP_BURNING,Sangrur & Patiala (Punjab),TRAIN,PRSC Stubble Burning Records,0.98,False,False,12.2,330.3,315.55,844.9,87.22,14.75,41.44,2.0,0.0,1020.3,0.0,0.0,0.0,0.0,0.0553925189830166,0.04985326708471494,0.0,8.0,3.0,1.4,4.0,0.0,0.0,1.0,-0.39,4.48
EVT_00577,30.33777,75.81296,3,AGRICULTURAL_CROP_BURNING,Sangrur & Patiala (Punjab),TRAIN,PRSC Stubble Burning Records,0.98,False,False,13.45,331.9,318.92,845.5,93.62,12.97,42.03,2.0,0.0,1021.51,0.0,0.0,0.0,0.0,0.043140496156251505,0.03882644654062636,1.0,8.0,3.0,1.82,6.0,0.0,0.0,1.0,-0.39,4.48
EVT_00578,30.36602,75.82665,3,AGRICULTURAL_CROP_BURNING,Sangrur & Patiala (Punjab),TRAIN,PRSC Stubble Burning Records,0.98,False,False,20.33,328.83,311.3,844.2,81.58,17.53,45.28,2.0,0.0,1022.47,0.0,0.0,0.0,0.0,0.02918842546734405,0.026269582920609644,1.0,8.0,3.0,4.11,5.0,0.0,0.0,1.0,-0.39,4.48
EVT_00579,30.36101,75.90433,3,AGRICULTURAL_CROP_BURNING,Sangrur & Patiala (Punjab),TRAIN,PRSC Stubble Burning Records,0.98,False,False,9.08,324.16,316.08,841.4,65.46,8.08,39.01,2.0,0.0,1015.71,0.0,0.0,0.0,0.0,0.012904812785693446,0.011614331507124102,1.0,8.0,3.0,0.36,6.0,0.0,0.0,1.0,-0.39,4.48
EVT_00580,30.36437,75.87081,3,AGRICULTURAL_CROP_BURNING,Sangrur & Patiala (Punjab),TRAIN,PRSC Stubble Burning Records,0.98,False,False,21.26,332.94,313.66,559.0,1031.99,19.28,41.77,2.0,0.0,1018.71,0.0,0.0,0.0,0.0,0.07511156420037851,0.06760040778034067,1.0,8.0,3.0,4.42,2.0,0.0,0.0,1.0,-0.39,4.48
EVT_00581,30.33715,75.81533,3,AGRICULTURAL_CROP_BURNING,Sangrur & Patiala (Punjab),TRAIN,PRSC Stubble Burning Records,0.98,False,False,18.41,342.42,319.01,848.1,144.15,23.41,41.98,2.0,0.0,1021.27,0.0,0.0,0.0,0.0,0.021637873124479047,0.019474085812031142,1.0,8.0,3.0,3.47,6.0,0.0,0.0,1.0,-0.39,4.48
EVT_00582,30.35646,75.87112,3,AGRICULTURAL_CROP_BURNING,Sangrur & Patiala (Punjab),TRAIN,PRSC Stubble Burning Records,0.98,False,False,11.88,325.83,316.33,842.5,70.96,9.49,42.11,2.0,0.0,1018.1,0.0,0.0,0.0,0.0,0.044104840484533975,0.03969435643608058,0.0,8.0,3.0,1.29,9.0,0.0,0.0,1.0,-0.39,4.48
EVT_00583,30.29449,75.8168,3,AGRICULTURAL_CROP_BURNING,Sangrur & Patiala (Punjab),TRAIN,PRSC Stubble Burning Records,0.98,False,False,23.52,332.08,311.35,845.6,94.28,20.72,37.27,2.0,0.0,1017.99,0.0,0.0,0.0,0.0,0.02802352833006074,0.025221175497054667,1.0,8.0,3.0,5.17,6.0,0.0,0.0,1.0,-0.39,4.48
EVT_00584,30.37637,75.8616,3,AGRICULTURAL_CROP_BURNING,Sangrur & Patiala (Punjab),TRAIN,PRSC Stubble Burning Records,0.98,False,False,10.91,328.77,317.45,844.2,81.42,11.33,42.08,2.0,0.0,1020.37,0.0,0.0,0.0,0.0,0.06072873779832772,0.05465586401849495,1.0,8.0,3.0,0.97,6.0,0.0,0.0,1.0,-0.39,4.48
EVT_00585,30.37089,75.83187,3,AGRICULTURAL_CROP_BURNING,Sangrur & Patiala (Punjab),TRAIN,PRSC Stubble Burning Records,0.98,False,False,21.78,330.15,312.92,844.8,86.59,17.23,44.95,2.0,0.0,1022.41,0.0,0.0,0.0,0.0,0.04395125912668289,0.039556133214014605,0.0,8.0,3.0,4.59,8.0,0.0,0.0,1.0,-0.39,4.48
EVT_00586,30.31413,75.82178,3,AGRICULTURAL_CROP_BURNING,Sangrur & Patiala (Punjab),TRAIN,PRSC Stubble Burning Records,0.98,False,False,15.41,328.29,306.94,500.6,1854.4,21.35,39.49,2.0,0.0,1019.03,0.0,0.0,0.0,0.0,0.06481001619430414,0.05832901457487373,1.0,8.0,3.0,2.47,4.0,0.0,0.0,1.0,-0.39,4.48
EVT_00587,30.33291,75.86217,3,AGRICULTURAL_CROP_BURNING,Sangrur & Patiala (Punjab),TRAIN,PRSC Stubble Burning Records,0.98,False,False,22.45,330.11,308.38,844.8,86.41,21.74,42.15,2.0,0.0,1017.08,0.0,0.0,0.0,0.0,0.014336256300529156,0.01290263067047624,1.0,8.0,3.0,4.82,7.0,0.0,0.0,1.0,-0.39,4.48
EVT_00588,30.34723,75.81973,3,AGRICULTURAL_CROP_BURNING,Sangrur & Patiala (Punjab),TRAIN,PRSC Stubble Burning Records,0.98,False,False,14.12,327.6,316.78,843.6,77.12,10.81,43.13,2.0,0.0,1021.65,0.0,0.0,0.0,0.0,0.012794577279462586,0.011515119551516328,1.0,8.0,3.0,2.04,2.0,0.0,0.0,1.0,-0.39,4.48
EVT_00589,30.39516,75.79484,3,AGRICULTURAL_CROP_BURNING,Sangrur & Patiala (Punjab),TRAIN,PRSC Stubble Burning Records,0.98,False,False,25.24,336.06,307.81,846.8,111.59,28.25,47.46,2.0,0.0,1027.26,0.0,0.0,0.0,0.0,0.026195034958158635,0.023575531462342772,1.0,8.0,3.0,5.75,1.0,0.0,0.0,1.0,-0.39,4.48
EVT_00590,30.35982,75.87556,3,AGRICULTURAL_CROP_BURNING,Sangrur & Patiala (Punjab),TRAIN,PRSC Stubble Burning Records,0.98,False,False,19.14,324.68,317.98,500.0,1573.19,6.7,41.57,2.0,0.0,1017.98,0.0,0.0,0.0,0.0,0.041895468460791424,0.037705921614712284,1.0,8.0,3.0,3.71,7.0,0.0,0.0,1.0,-0.39,4.48
EVT_00591,30.32384,75.8214,3,AGRICULTURAL_CROP_BURNING,Sangrur & Patiala (Punjab),TRAIN,PRSC Stubble Burning Records,0.98,False,False,6.72,329.14,310.56,844.3,82.73,18.58,40.56,2.0,0.0,1019.78,0.0,0.0,0.0,0.0,0.022033879040897306,0.019830491136807574,1.0,8.0,3.0,-0.43,6.0,0.0,0.0,1.0,-0.39,4.48
EVT_00592,30.32304,75.79695,3,AGRICULTURAL_CROP_BURNING,Sangrur & Patiala (Punjab),TRAIN,PRSC Stubble Burning Records,0.98,False,False,16.35,330.96,318.58,845.1,89.85,12.38,40.29,2.0,0.0,1021.75,0.0,0.0,0.0,0.0,0.016970579947802024,0.015273521953021821,0.0,8.0,3.0,2.78,2.0,0.0,0.0,1.0,-0.39,4.48
EVT_00593,30.39795,75.78285,3,AGRICULTURAL_CROP_BURNING,Sangrur & Patiala (Punjab),TRAIN,PRSC Stubble Burning Records,0.98,False,False,26.38,331.18,311.84,845.2,90.64,19.34,48.47,2.0,0.0,1028.46,0.0,0.0,0.0,0.0,0.05029656770981938,0.04526691093883744,0.0,8.0,3.0,6.13,8.0,0.0,0.0,1.0,-0.39,4.48
EVT_00594,30.37709,75.86208,3,AGRICULTURAL_CROP_BURNING,Sangrur & Patiala (Punjab),TRAIN,PRSC Stubble Burning Records,0.98,False,False,8.61,330.68,309.09,845.0,88.61,21.59,42.0,2.0,0.0,1020.38,0.0,0.0,0.0,0.0,0.06034640933309028,0.05431176839978125,1.0,8.0,3.0,0.2,2.0,0.0,0.0,1.0,-0.39,4.48
EVT_00595,30.34709,75.88241,3,AGRICULTURAL_CROP_BURNING,Sangrur & Patiala (Punjab),TRAIN,PRSC Stubble Burning Records,0.98,False,False,11.15,325.17,320.71,842.1,68.79,4.46,41.59,2.0,0.0,1016.47,0.0,0.0,0.0,0.0,0.0537834642297263,0.04840511780675367,0.0,8.0,3.0,1.05,6.0,0.0,0.0,1.0,-0.39,4.48
EVT_00596,30.29618,75.83493,3,AGRICULTURAL_CROP_BURNING,Sangrur & Patiala (Punjab),TRAIN,PRSC Stubble Burning Records,0.98,False,False,11.83,327.77,314.45,613.1,438.91,13.32,37.68,2.0,0.0,1016.62,0.0,0.0,0.0,0.0,0.04279898962137943,0.03851909065924149,0.0,8.0,3.0,1.28,7.0,0.0,0.0,1.0,-0.39,4.48
EVT_00597,30.33641,75.8293,3,AGRICULTURAL_CROP_BURNING,Sangrur & Patiala (Punjab),TRAIN,PRSC Stubble Burning Records,0.98,False,False,14.21,333.17,311.21,520.1,1748.34,21.96,42.04,2.0,0.0,1020.06,0.0,0.0,0.0,0.0,0.049579115782677666,0.0446212042044099,0.0,8.0,3.0,2.07,9.0,0.0,0.0,1.0,-0.39,4.48
EVT_00598,30.26053,75.84495,3,AGRICULTURAL_CROP_BURNING,Sangrur & Patiala (Punjab),TRAIN,PRSC Stubble Burning Records,0.98,False,False,6.9,336.74,319.99,689.9,327.41,16.75,33.94,2.0,0.0,1013.15,0.0,0.0,0.0,0.0,0.07838758822886359,0.07054882940597723,0.0,8.0,3.0,-0.37,7.0,0.0,0.0,1.0,-0.39,4.48
EVT_00599,30.35585,75.85461,3,AGRICULTURAL_CROP_BURNING,Sangrur & Patiala (Punjab),TRAIN,PRSC Stubble Burning Records,0.98,False,False,10.61,332.79,313.3,755.3,168.98,19.49,43.58,2.0,0.0,1019.41,0.0,0.0,0.0,0.0,0.03325207654432128,0.029926868889889154,1.0,8.0,3.0,0.87,8.0,0.0,0.0,1.0,-0.39,4.48
EVT_00600,30.31979,75.7832,3,AGRICULTURAL_CROP_BURNING,Sangrur & Patiala (Punjab),TRAIN,PRSC Stubble Burning Records,0.98,False,False,26.91,326.29,311.42,842.8,72.51,14.87,39.89,2.0,0.0,1022.65,0.0,0.0,0.0,0.0,0.07429651219393625,0.06686686097454263,0.0,8.0,3.0,6.3,4.0,0.0,0.0,1.0,-0.39,4.48
EVT_00601,30.34781,75.84851,3,AGRICULTURAL_CROP_BURNING,Sangrur & Patiala (Punjab),TRAIN,PRSC Stubble Burning Records,0.98,False,False,24.87,328.53,319.43,567.5,758.89,9.1,43.55,2.0,0.0,1019.32,0.0,0.0,0.0,0.0,0.022646027891791223,0.0203814251026121,1.0,8.0,3.0,5.62,9.0,0.0,0.0,1.0,-0.39,4.48
EVT_00602,30.39011,75.81279,3,AGRICULTURAL_CROP_BURNING,Sangrur & Patiala (Punjab),TRAIN,PRSC Stubble Burning Records,0.98,False,False,14.67,337.79,307.88,847.2,119.82,29.92,45.97,2.0,0.0,1025.41,0.0,0.0,0.0,0.0,0.06196589559628473,0.05576930603665626,1.0,8.0,3.0,2.22,4.0,0.0,0.0,1.0,-0.39,4.48
EVT_00603,30.34151,75.77385,3,AGRICULTURAL_CROP_BURNING,Sangrur & Patiala (Punjab),TRAIN,PRSC Stubble Burning Records,0.98,False,False,13.6,327.73,309.84,843.6,77.52,17.89,42.3,2.0,0.0,1025.02,0.0,0.0,0.0,0.0,0.014017429058179149,0.012615686152361234,1.0,8.0,3.0,1.87,6.0,0.0,0.0,1.0,-0.39,4.48
EVT_00604,30.36077,75.80166,3,AGRICULTURAL_CROP_BURNING,Sangrur & Patiala (Punjab),TRAIN,PRSC Stubble Burning Records,0.98,False,False,20.83,325.6,321.19,539.8,930.77,4.4,44.51,2.0,0.0,1024.15,0.0,0.0,0.0,0.0,0.03875120804437084,0.03487608723993376,1.0,8.0,3.0,4.28,2.0,0.0,0.0,1.0,-0.39,4.48
EVT_00605,30.35135,75.89042,3,AGRICULTURAL_CROP_BURNING,Sangrur & Patiala (Punjab),TRAIN,PRSC Stubble Burning Records,0.98,False,False,16.35,325.88,318.35,842.6,71.16,7.53,40.69,2.0,0.0,1016.13,0.0,0.0,0.0,0.0,0.06997847448062235,0.06298062703256012,1.0,8.0,3.0,2.78,9.0,0.0,0.0,1.0,-0.39,4.48
EVT_00606,30.36335,75.85091,3,AGRICULTURAL_CROP_BURNING,Sangrur & Patiala (Punjab),TRAIN,PRSC Stubble Burning Records,0.98,False,False,13.27,322.41,303.48,840.0,59.89,18.93,43.57,2.0,0.0,1020.28,0.0,0.0,0.0,0.0,0.07766942980129224,0.06990248682116301,1.0,8.0,3.0,1.76,6.0,0.0,0.0,1.0,-0.39,4.48
EVT_00607,30.31672,75.83374,3,AGRICULTURAL_CROP_BURNING,Sangrur & Patiala (Punjab),TRAIN,PRSC Stubble Burning Records,0.98,False,False,7.8,328.43,315.68,844.0,80.14,12.75,39.92,2.0,0.0,1018.23,0.0,0.0,0.0,0.0,0.01435435640679837,0.012918920766118534,1.0,8.0,3.0,-0.07,5.0,0.0,0.0,1.0,-0.39,4.48
EVT_00608,30.3525,75.75077,3,AGRICULTURAL_CROP_BURNING,Sangrur & Patiala (Punjab),TRAIN,PRSC Stubble Burning Records,0.98,False,False,18.76,332.21,317.99,845.6,94.92,14.23,43.59,2.0,0.0,1027.75,0.0,0.0,0.0,0.0,0.02229704699691375,0.020067342297222377,1.0,8.0,3.0,3.59,4.0,0.0,0.0,1.0,-0.39,4.48
EVT_00609,30.34465,75.89279,3,AGRICULTURAL_CROP_BURNING,Sangrur & Patiala (Punjab),TRAIN,PRSC Stubble Burning Records,0.98,False,False,11.99,327.01,312.05,500.0,1765.81,14.96,40.83,2.0,0.0,1015.44,0.0,0.0,0.0,0.0,0.07579470610199962,0.06821523549179966,1.0,8.0,3.0,1.33,9.0,0.0,0.0,1.0,-0.39,4.48
EVT_00610,30.41347,75.828,3,AGRICULTURAL_CROP_BURNING,Sangrur & Patiala (Punjab),TRAIN,PRSC Stubble Burning Records,0.98,False,False,10.76,331.39,311.96,845.3,91.5,19.43,43.84,2.0,0.0,1025.9,0.0,0.0,0.0,0.0,0.022901097786506935,0.02061098800785624,0.0,8.0,3.0,0.92,9.0,0.0,0.0,1.0,-0.39,4.48
EVT_00611,30.33772,75.79535,3,AGRICULTURAL_CROP_BURNING,Sangrur & Patiala (Punjab),TRAIN,PRSC Stubble Burning Records,0.98,False,False,10.97,329.64,316.9,844.6,84.69,12.74,41.92,2.0,0.0,1022.96,0.0,0.0,0.0,0.0,0.04933546774637644,0.0444019209717388,0.0,8.0,3.0,0.99,8.0,0.0,0.0,1.0,-0.39,4.48
EVT_00612,30.3444,75.87278,3,AGRICULTURAL_CROP_BURNING,Sangrur & Patiala (Punjab),TRAIN,PRSC Stubble Burning Records,0.98,False,False,13.34,321.46,324.55,523.0,939.44,-3.09,42.55,2.0,0.0,1017.06,0.0,0.0,0.0,0.0,0.07211971747592523,0.0649077457283327,1.0,8.0,3.0,1.78,5.0,0.0,0.0,1.0,-0.39,4.48
EVT_00613,30.38405,75.84413,3,AGRICULTURAL_CROP_BURNING,Sangrur & Patiala (Punjab),TRAIN,PRSC Stubble Burning Records,0.98,False,False,11.78,329.0,307.17,571.7,734.21,21.83,43.34,2.0,0.0,1022.38,0.0,0.0,0.0,0.0,0.0766500741953446,0.06898506677581014,1.0,8.0,3.0,1.26,1.0,0.0,0.0,1.0,-0.39,4.48
EVT_00614,30.32222,75.84523,3,AGRICULTURAL_CROP_BURNING,Sangrur & Patiala (Punjab),TRAIN,PRSC Stubble Burning Records,0.98,False,False,16.25,328.97,309.31,844.3,82.09,19.67,40.69,2.0,0.0,1017.69,0.0,0.0,0.0,0.0,0.02811546858551668,0.025303921726965013,1.0,8.0,3.0,2.75,2.0,0.0,0.0,1.0,-0.39,4.48
EVT_00615,30.34441,75.85505,3,AGRICULTURAL_CROP_BURNING,Sangrur & Patiala (Punjab),TRAIN,PRSC Stubble Burning Records,0.98,False,False,4.15,334.23,314.59,846.3,103.49,19.65,43.28,2.0,0.0,1018.53,0.0,0.0,0.0,0.0,0.06674784992363143,0.060073064931268294,1.0,8.0,3.0,-1.28,7.0,0.0,0.0,1.0,-0.39,4.48
EVT_00616,30.4184,75.88356,3,AGRICULTURAL_CROP_BURNING,Sangrur & Patiala (Punjab),TRAIN,PRSC Stubble Burning Records,0.98,False,False,20.52,330.15,312.28,844.8,86.62,17.88,38.56,2.0,0.0,1021.71,0.0,0.0,0.0,0.0,0.06240889349074086,0.056168004141666776,1.0,8.0,3.0,4.17,2.0,0.0,0.0,1.0,-0.39,4.48
EVT_00617,30.36136,75.77686,3,AGRICULTURAL_CROP_BURNING,Sangrur & Patiala (Punjab),TRAIN,PRSC Stubble Burning Records,0.98,False,False,8.06,318.04,317.38,835.4,47.66,0.66,44.51,2.0,0.0,1026.24,0.0,0.0,0.0,0.0,0.07842195942286899,0.07057976348058209,1.0,8.0,3.0,0.02,4.0,0.0,0.0,1.0,-0.39,4.48
EVT_00618,30.30193,75.8582,3,AGRICULTURAL_CROP_BURNING,Sangrur & Patiala (Punjab),TRAIN,PRSC Stubble Burning Records,0.98,False,False,16.36,339.34,315.68,847.5,127.69,23.67,38.7,2.0,0.0,1015.11,0.0,0.0,0.0,0.0,0.0793199619409459,0.07138796574685131,1.0,8.0,3.0,2.79,1.0,0.0,0.0,1.0,-0.39,4.48
EVT_00619,30.36089,75.85208,3,AGRICULTURAL_CROP_BURNING,Sangrur & Patiala (Punjab),TRAIN,PRSC Stubble Burning Records,0.98,False,False,16.33,329.69,313.29,527.4,1344.76,16.4,43.58,2.0,0.0,1020.0,0.0,0.0,0.0,0.0,0.06576514083105967,0.0591886267479537,1.0,8.0,3.0,2.78,4.0,0.0,0.0,1.0,-0.39,4.48
EVT_00620,30.32342,75.81476,3,AGRICULTURAL_CROP_BURNING,Sangrur & Patiala (Punjab),TRAIN,PRSC Stubble Burning Records,0.98,False,False,4.22,321.41,314.13,839.1,57.02,7.29,40.45,2.0,0.0,1020.3,0.0,0.0,0.0,0.0,0.055380826910916114,0.04984274421982451,1.0,8.0,3.0,-1.26,2.0,0.0,0.0,1.0,-0.39,4.48
EVT_00621,30.38402,75.88562,3,AGRICULTURAL_CROP_BURNING,Sangrur & Patiala (Punjab),TRAIN,PRSC Stubble Burning Records,0.98,False,False,14.8,328.2,316.1,843.9,79.3,12.1,39.62,2.0,0.0,1018.97,0.0,0.0,0.0,0.0,0.07480791621104622,0.0673271245899416,1.0,8.0,3.0,2.27,4.0,0.0,0.0,1.0,-0.39,4.48
EVT_00622,30.34679,75.80893,3,AGRICULTURAL_CROP_BURNING,Sangrur & Patiala (Punjab),TRAIN,PRSC Stubble Burning Records,0.98,False,False,9.86,334.99,312.85,846.5,106.81,22.14,43.0,2.0,0.0,1022.51,0.0,0.0,0.0,0.0,0.07767139592745757,0.06990425633471181,1.0,8.0,3.0,0.62,5.0,0.0,0.0,1.0,-0.39,4.48
EVT_00623,30.41855,75.84503,3,AGRICULTURAL_CROP_BURNING,Sangrur & Patiala (Punjab),TRAIN,PRSC Stubble Burning Records,0.98,False,False,25.34,327.58,317.69,843.6,77.07,9.89,42.12,2.0,0.0,1024.88,0.0,0.0,0.0,0.0,0.02124435288329855,0.019119917594968696,0.0,8.0,3.0,5.78,7.0,0.0,0.0,1.0,-0.39,4.48
EVT_00624,30.33932,75.82493,3,AGRICULTURAL_CROP_BURNING,Sangrur & Patiala (Punjab),TRAIN,PRSC Stubble Burning Records,0.98,False,False,5.15,332.06,311.59,845.6,94.23,20.47,42.31,2.0,0.0,1020.63,0.0,0.0,0.0,0.0,0.07639642292597407,0.06875678063337666,1.0,8.0,3.0,-0.95,6.0,0.0,0.0,1.0,-0.39,4.48
EVT_00625,30.35298,75.89582,3,AGRICULTURAL_CROP_BURNING,Sangrur & Patiala (Punjab),TRAIN,PRSC Stubble Burning Records,0.98,False,False,19.38,330.61,320.07,845.0,88.47,10.54,40.14,2.0,0.0,1015.81,0.0,0.0,0.0,0.0,0.06504321587765284,0.05853889428988756,1.0,8.0,3.0,3.79,9.0,0.0,0.0,1.0,-0.39,4.48
EVT_00626,30.3766,75.89353,3,AGRICULTURAL_CROP_BURNING,Sangrur & Patiala (Punjab),TRAIN,PRSC Stubble Burning Records,0.98,False,False,5.54,331.31,311.56,845.3,91.17,19.75,39.23,2.0,0.0,1017.76,0.0,0.0,0.0,0.0,0.05172998546849279,0.04655698692164351,1.0,8.0,3.0,-0.82,2.0,0.0,0.0,1.0,-0.39,4.48
EVT_00627,30.34513,75.88218,3,AGRICULTURAL_CROP_BURNING,Sangrur & Patiala (Punjab),TRAIN,PRSC Stubble Burning Records,0.98,False,False,26.88,327.79,312.64,500.0,1835.91,15.15,41.71,2.0,0.0,1016.35,0.0,0.0,0.0,0.0,0.015086591130680971,0.013577932017612874,0.0,8.0,3.0,6.29,1.0,0.0,0.0,1.0,-0.39,4.48
EVT_00628,30.3785,75.9165,3,AGRICULTURAL_CROP_BURNING,Sangrur & Patiala (Punjab),TRAIN,PRSC Stubble Burning Records,0.98,False,False,9.73,328.09,311.28,843.8,78.85,16.81,37.13,2.0,0.0,1016.02,0.0,0.0,0.0,0.0,0.0249479998143239,0.02245319983289151,1.0,8.0,3.0,0.58,9.0,0.0,0.0,1.0,-0.39,4.48
EVT_00629,30.32952,75.79659,3,AGRICULTURAL_CROP_BURNING,Sangrur & Patiala (Punjab),TRAIN,PRSC Stubble Burning Records,0.98,False,False,26.91,331.47,313.73,845.3,91.83,17.74,41.01,2.0,0.0,1022.25,0.0,0.0,0.0,0.0,0.06600963079264532,0.05940866771338079,1.0,8.0,3.0,6.3,8.0,0.0,0.0,1.0,-0.39,4.48
EVT_00630,30.31894,75.8876,3,AGRICULTURAL_CROP_BURNING,Sangrur & Patiala (Punjab),TRAIN,PRSC Stubble Burning Records,0.98,False,False,6.2,327.61,307.46,843.6,77.09,20.16,41.19,2.0,0.0,1013.95,0.0,0.0,0.0,0.0,0.062262224325094276,0.05603600189258485,0.0,8.0,3.0,-0.6,6.0,0.0,0.0,1.0,-0.39,4.48
EVT_00631,30.31054,75.87948,3,AGRICULTURAL_CROP_BURNING,Sangrur & Patiala (Punjab),TRAIN,PRSC Stubble Burning Records,0.98,False,False,4.24,330.77,312.65,845.1,89.04,18.12,40.09,2.0,0.0,1014.0,0.0,0.0,0.0,0.0,0.038642781122094204,0.03477850300988478,1.0,8.0,3.0,-1.25,6.0,0.0,0.0,1.0,-0.39,4.48
EVT_00632,30.3828,75.81938,3,AGRICULTURAL_CROP_BURNING,Sangrur & Patiala (Punjab),TRAIN,PRSC Stubble Burning Records,0.98,False,False,21.45,327.67,306.85,843.6,77.3,20.82,45.63,2.0,0.0,1024.32,0.0,0.0,0.0,0.0,0.058504416045735204,0.05265397444116168,1.0,8.0,3.0,4.48,9.0,0.0,0.0,1.0,-0.39,4.48
EVT_00633,30.35563,75.80771,3,AGRICULTURAL_CROP_BURNING,Sangrur & Patiala (Punjab),TRAIN,PRSC Stubble Burning Records,0.98,False,False,13.52,317.98,321.2,500.0,1074.8,-3.21,43.97,2.0,0.0,1023.27,0.0,0.0,0.0,0.0,0.04018473394050302,0.03616626054645272,1.0,8.0,3.0,1.84,3.0,0.0,0.0,1.0,-0.39,4.48
EVT_00634,30.27778,75.82889,3,AGRICULTURAL_CROP_BURNING,Sangrur & Patiala (Punjab),TRAIN,PRSC Stubble Burning Records,0.98,False,False,17.66,334.71,314.77,846.4,105.57,19.94,35.57,2.0,0.0,1015.76,0.0,0.0,0.0,0.0,0.05422056928286089,0.0487985123545748,1.0,8.0,3.0,3.22,8.0,0.0,0.0,1.0,-0.39,4.48
EVT_00635,30.34833,75.82444,3,AGRICULTURAL_CROP_BURNING,Sangrur & Patiala (Punjab),TRAIN,PRSC Stubble Burning Records,0.98,False,False,6.99,332.03,313.23,845.5,94.11,18.8,43.3,2.0,0.0,1021.34,0.0,0.0,0.0,0.0,0.05567331688550625,0.05010598519695563,0.0,8.0,3.0,-0.34,9.0,0.0,0.0,1.0,-0.39,4.48
EVT_00636,30.28686,75.85687,3,AGRICULTURAL_CROP_BURNING,Sangrur & Patiala (Punjab),TRAIN,PRSC Stubble Burning Records,0.98,False,False,11.3,323.83,313.34,841.2,64.39,10.49,37.03,2.0,0.0,1014.11,0.0,0.0,0.0,0.0,0.053477442743714215,0.04812969846934279,1.0,8.0,3.0,1.1,6.0,0.0,0.0,1.0,-0.39,4.48
EVT_00637,30.31617,75.9108,3,AGRICULTURAL_CROP_BURNING,Sangrur & Patiala (Punjab),TRAIN,PRSC Stubble Burning Records,0.98,False,False,22.35,330.0,311.73,844.7,86.0,18.27,40.93,2.0,0.0,1011.83,0.0,0.0,0.0,0.0,0.028589031860868957,0.02573012867478206,1.0,8.0,3.0,4.78,5.0,0.0,0.0,1.0,-0.39,4.48
EVT_00638,30.35338,75.82866,3,AGRICULTURAL_CROP_BURNING,Sangrur & Patiala (Punjab),TRAIN,PRSC Stubble Burning Records,0.98,False,False,11.02,329.38,310.78,500.0,1979.42,18.59,43.91,2.0,0.0,1021.37,0.0,0.0,0.0,0.0,0.04817995651481992,0.04336196086333793,0.0,8.0,3.0,1.01,2.0,0.0,0.0,1.0,-0.39,4.48
EVT_00639,30.34016,75.83307,3,AGRICULTURAL_CROP_BURNING,Sangrur & Patiala (Punjab),TRAIN,PRSC Stubble Burning Records,0.98,False,False,16.58,328.23,324.53,500.0,1889.99,3.7,42.5,2.0,0.0,1020.02,0.0,0.0,0.0,0.0,0.0566854792290052,0.051016931306104685,1.0,8.0,3.0,2.86,5.0,0.0,0.0,1.0,-0.39,4.48
EVT_00640,30.38111,75.85264,3,AGRICULTURAL_CROP_BURNING,Sangrur & Patiala (Punjab),TRAIN,PRSC Stubble Burning Records,0.98,False,False,5.81,332.13,318.43,845.6,94.57,13.7,42.69,2.0,0.0,1021.46,0.0,0.0,0.0,0.0,0.01786779190232091,0.01608101271208882,0.0,8.0,3.0,-0.73,7.0,0.0,0.0,1.0,-0.39,4.48
EVT_00641,30.33578,75.81841,3,AGRICULTURAL_CROP_BURNING,Sangrur & Patiala (Punjab),TRAIN,PRSC Stubble Burning Records,0.98,False,False,18.65,332.88,313.4,500.0,2334.16,19.48,41.86,2.0,0.0,1020.91,0.0,0.0,0.0,0.0,0.06844816499780737,0.061603348498026636,1.0,8.0,3.0,3.55,3.0,0.0,0.0,1.0,-0.39,4.48
EVT_00642,30.31841,75.87314,3,AGRICULTURAL_CROP_BURNING,Sangrur & Patiala (Punjab),TRAIN,PRSC Stubble Burning Records,0.98,False,False,27.94,323.01,318.89,840.5,61.86,4.13,40.8,2.0,0.0,1015.1,0.0,0.0,0.0,0.0,0.02844860356477445,0.025603743208297003,1.0,8.0,3.0,6.65,4.0,0.0,0.0,1.0,-0.39,4.48
EVT_00643,30.28912,75.80316,3,AGRICULTURAL_CROP_BURNING,Sangrur & Patiala (Punjab),TRAIN,PRSC Stubble Burning Records,0.98,False,False,16.34,333.76,315.44,846.1,101.44,18.33,36.56,2.0,0.0,1018.73,0.0,0.0,0.0,0.0,0.047743375565954316,0.04296903800935888,1.0,8.0,3.0,2.78,1.0,0.0,0.0,1.0,-0.39,4.48
EVT_00644,30.34562,75.86964,3,AGRICULTURAL_CROP_BURNING,Sangrur & Patiala (Punjab),TRAIN,PRSC Stubble Burning Records,0.98,False,False,23.83,329.42,312.46,844.5,83.82,16.96,42.76,2.0,0.0,1017.41,0.0,0.0,0.0,0.0,0.05910493710256163,0.05319444339230547,1.0,8.0,3.0,5.28,5.0,0.0,0.0,1.0,-0.39,4.48
EVT_00645,30.34595,75.87989,3,AGRICULTURAL_CROP_BURNING,Sangrur & Patiala (Punjab),TRAIN,PRSC Stubble Burning Records,0.98,False,False,26.36,326.53,307.88,843.0,73.28,18.65,41.86,2.0,0.0,1016.59,0.0,0.0,0.0,0.0,0.033676167712209944,0.03030855094098895,1.0,8.0,3.0,6.12,3.0,0.0,0.0,1.0,-0.39,4.48
EVT_00646,30.27331,75.82827,3,AGRICULTURAL_CROP_BURNING,Sangrur & Patiala (Punjab),TRAIN,PRSC Stubble Burning Records,0.98,False,False,21.17,335.62,319.06,631.9,523.3,16.56,35.07,2.0,0.0,1015.48,0.0,0.0,0.0,0.0,0.02877002607283446,0.025893023465551016,1.0,8.0,3.0,4.39,1.0,0.0,0.0,1.0,-0.39,4.48
EVT_00647,30.34984,75.85298,3,AGRICULTURAL_CROP_BURNING,Sangrur & Patiala (Punjab),TRAIN,PRSC Stubble Burning Records,0.98,False,False,16.02,331.95,316.43,845.5,93.82,15.52,43.84,2.0,0.0,1019.1,0.0,0.0,0.0,0.0,0.05009323730685608,0.045083913576170476,0.0,8.0,3.0,2.67,9.0,0.0,0.0,1.0,-0.39,4.48
EVT_00648,30.33808,75.85751,3,AGRICULTURAL_CROP_BURNING,Sangrur & Patiala (Punjab),TRAIN,PRSC Stubble Burning Records,0.98,False,False,6.45,323.22,314.89,840.7,62.46,8.32,42.63,2.0,0.0,1017.85,0.0,0.0,0.0,0.0,0.07377843509743703,0.06640059158769333,1.0,8.0,3.0,-0.52,8.0,0.0,0.0,1.0,-0.39,4.48
EVT_00649,30.28221,75.81335,3,AGRICULTURAL_CROP_BURNING,Sangrur & Patiala (Punjab),TRAIN,PRSC Stubble Burning Records,0.98,False,False,22.16,325.61,314.4,500.0,1647.39,11.21,35.88,2.0,0.0,1017.37,0.0,0.0,0.0,0.0,0.05077045538218072,0.04569340984396265,0.0,8.0,3.0,4.72,4.0,0.0,0.0,1.0,-0.39,4.48
EVT_00650,30.33611,75.79636,3,AGRICULTURAL_CROP_BURNING,Sangrur & Patiala (Punjab),TRAIN,PRSC Stubble Burning Records,0.98,False,False,7.0,329.35,316.26,500.0,1985.92,13.08,41.74,2.0,0.0,1022.76,0.0,0.0,0.0,0.0,0.04678115884535257,0.042103042960817315,0.0,8.0,3.0,-0.33,5.0,0.0,0.0,1.0,-0.39,4.48
EVT_00651,30.3095,75.79334,3,AGRICULTURAL_CROP_BURNING,Sangrur & Patiala (Punjab),TRAIN,PRSC Stubble Burning Records,0.98,False,False,4.64,322.24,316.65,500.9,1359.81,5.59,38.77,2.0,0.0,1021.05,0.0,0.0,0.0,0.0,0.06146599626711173,0.05531939664040056,1.0,8.0,3.0,-1.12,8.0,0.0,0.0,1.0,-0.39,4.48
EVT_00652,30.37951,75.8807,3,AGRICULTURAL_CROP_BURNING,Sangrur & Patiala (Punjab),TRAIN,PRSC Stubble Burning Records,0.98,False,False,7.03,327.1,309.37,565.4,722.76,17.73,40.25,2.0,0.0,1019.03,0.0,0.0,0.0,0.0,0.019089990939251674,0.017180991845326506,1.0,8.0,3.0,-0.32,5.0,0.0,0.0,1.0,-0.39,4.48
EVT_00653,30.32576,75.84687,3,AGRICULTURAL_CROP_BURNING,Sangrur & Patiala (Punjab),TRAIN,PRSC Stubble Burning Records,0.98,False,False,11.89,319.28,314.7,836.9,50.97,4.58,41.11,2.0,0.0,1017.82,0.0,0.0,0.0,0.0,0.05215794116640801,0.046942147049767215,1.0,8.0,3.0,1.3,5.0,0.0,0.0,1.0,-0.39,4.48
EVT_00654,30.37475,75.87427,3,AGRICULTURAL_CROP_BURNING,Sangrur & Patiala (Punjab),TRAIN,PRSC Stubble Burning Records,0.98,False,False,10.87,333.19,315.8,505.2,2190.82,17.39,41.02,2.0,0.0,1019.2,0.0,0.0,0.0,0.0,0.05483130917952771,0.049348178261574935,1.0,8.0,3.0,0.96,1.0,0.0,0.0,1.0,-0.39,4.48
EVT_00655,30.37208,75.81783,3,AGRICULTURAL_CROP_BURNING,Sangrur & Patiala (Punjab),TRAIN,PRSC Stubble Burning Records,0.98,False,False,18.91,326.5,316.73,843.0,73.25,9.77,45.87,2.0,0.0,1023.65,0.0,0.0,0.0,0.0,0.013365527794051516,0.012028975014646365,1.0,8.0,3.0,3.64,8.0,0.0,0.0,1.0,-0.39,4.48
EVT_00656,30.36472,75.81977,3,AGRICULTURAL_CROP_BURNING,Sangrur & Patiala (Punjab),TRAIN,PRSC Stubble Burning Records,0.98,False,False,7.52,334.41,314.01,846.3,104.23,20.4,45.07,2.0,0.0,1022.94,0.0,0.0,0.0,0.0,0.05521495251161276,0.04969345726045148,1.0,8.0,3.0,-0.16,9.0,0.0,0.0,1.0,-0.39,4.48
EVT_00657,30.38589,75.8239,3,AGRICULTURAL_CROP_BURNING,Sangrur & Patiala (Punjab),TRAIN,PRSC Stubble Burning Records,0.98,False,False,26.27,334.41,313.94,846.3,104.24,20.46,45.11,2.0,0.0,1024.18,0.0,0.0,0.0,0.0,0.021579410648988655,0.01942146958408979,0.0,8.0,3.0,6.09,2.0,0.0,0.0,1.0,-0.39,4.48
EVT_00658,30.31644,75.79266,3,AGRICULTURAL_CROP_BURNING,Sangrur & Patiala (Punjab),TRAIN,PRSC Stubble Burning Records,0.98,False,False,25.97,322.08,315.65,509.6,1179.57,6.43,39.54,2.0,0.0,1021.61,0.0,0.0,0.0,0.0,0.028597989540638448,0.025738190586574602,1.0,8.0,3.0,5.99,5.0,0.0,0.0,1.0,-0.39,4.48
EVT_00659,30.30362,75.85904,3,AGRICULTURAL_CROP_BURNING,Sangrur & Patiala (Punjab),TRAIN,PRSC Stubble Burning Records,0.98,False,False,8.57,339.56,315.9,847.6,128.79,23.66,38.9,2.0,0.0,1015.17,0.0,0.0,0.0,0.0,0.04646200478904755,0.0418158043101428,1.0,8.0,3.0,0.19,3.0,0.0,0.0,1.0,-0.39,4.48
EVT_00660,30.32993,75.83032,3,AGRICULTURAL_CROP_BURNING,Sangrur & Patiala (Punjab),TRAIN,PRSC Stubble Burning Records,0.98,False,False,7.39,336.79,312.58,500.0,2766.28,24.21,41.34,2.0,0.0,1019.49,0.0,0.0,0.0,0.0,0.019122430322063514,0.017210187289857164,1.0,8.0,3.0,-0.2,4.0,0.0,0.0,1.0,-0.39,4.48
EVT_00661,30.35564,75.88261,3,AGRICULTURAL_CROP_BURNING,Sangrur & Patiala (Punjab),TRAIN,PRSC Stubble Burning Records,0.98,False,False,7.96,329.23,313.04,844.4,83.1,16.2,41.15,2.0,0.0,1017.09,0.0,0.0,0.0,0.0,0.01872305442323873,0.01685074898091486,1.0,8.0,3.0,-0.01,2.0,0.0,0.0,1.0,-0.39,4.48
EVT_00662,30.3913,75.88005,3,AGRICULTURAL_CROP_BURNING,Sangrur & Patiala (Punjab),TRAIN,PRSC Stubble Burning Records,0.98,False,False,4.94,323.06,317.06,522.3,1033.65,6.01,39.83,2.0,0.0,1019.97,0.0,0.0,0.0,0.0,0.04188967473930762,0.03770070726537686,1.0,8.0,3.0,-1.02,3.0,0.0,0.0,1.0,-0.39,4.48
EVT_00663,30.36753,75.80925,3,AGRICULTURAL_CROP_BURNING,Sangrur & Patiala (Punjab),TRAIN,PRSC Stubble Burning Records,0.98,False,False,6.57,333.71,311.45,846.1,101.17,22.26,45.3,2.0,0.0,1024.02,0.0,0.0,0.0,0.0,0.06464895129201402,0.05818405616281262,1.0,8.0,3.0,-0.48,4.0,0.0,0.0,1.0,-0.39,4.48
EVT_00664,30.31359,75.90808,3,AGRICULTURAL_CROP_BURNING,Sangrur & Patiala (Punjab),TRAIN,PRSC Stubble Burning Records,0.98,False,False,22.29,320.89,311.61,534.8,767.41,9.29,41.18,2.0,0.0,1011.86,0.0,0.0,0.0,0.0,0.07553235949165538,0.06797912354248985,1.0,8.0,3.0,4.76,1.0,0.0,0.0,1.0,-0.39,4.48
EVT_00665,30.33324,75.92026,3,AGRICULTURAL_CROP_BURNING,Sangrur & Patiala (Punjab),TRAIN,PRSC Stubble Burning Records,0.98,False,False,4.09,328.14,316.45,843.9,79.08,11.69,39.15,2.0,0.0,1012.33,0.0,0.0,0.0,0.0,0.021379284415199058,0.019241355973679153,1.0,8.0,3.0,-1.3,6.0,0.0,0.0,1.0,-0.39,4.48
EVT_00666,30.40074,75.79009,3,AGRICULTURAL_CROP_BURNING,Sangrur & Patiala (Punjab),TRAIN,PRSC Stubble Burning Records,0.98,False,False,9.64,331.39,312.78,845.3,91.51,18.61,47.72,2.0,0.0,1028.07,0.0,0.0,0.0,0.0,0.05565967789729124,0.05009371010756212,1.0,8.0,3.0,0.55,6.0,0.0,0.0,1.0,-0.39,4.48
EVT_00667,30.37772,75.82003,3,AGRICULTURAL_CROP_BURNING,Sangrur & Patiala (Punjab),TRAIN,PRSC Stubble Burning Records,0.98,False,False,27.17,334.26,309.08,846.3,103.53,25.18,45.76,2.0,0.0,1023.89,0.0,0.0,0.0,0.0,0.07410700437335208,0.06669630393601687,1.0,8.0,3.0,6.39,5.0,0.0,0.0,1.0,-0.39,4.48
EVT_00668,30.32913,75.82953,3,AGRICULTURAL_CROP_BURNING,Sangrur & Patiala (Punjab),TRAIN,PRSC Stubble Burning Records,0.98,False,False,13.08,334.04,311.66,846.2,102.62,22.38,41.24,2.0,0.0,1019.5,0.0,0.0,0.0,0.0,0.016187787700273088,0.01456900893024578,1.0,8.0,3.0,1.69,3.0,0.0,0.0,1.0,-0.39,4.48
EVT_00669,30.30881,75.90372,3,AGRICULTURAL_CROP_BURNING,Sangrur & Patiala (Punjab),TRAIN,PRSC Stubble Burning Records,0.98,False,False,5.68,327.17,317.33,528.7,1170.83,9.84,40.55,2.0,0.0,1011.87,0.0,0.0,0.0,0.0,0.013963789016429064,0.012567410114786157,0.0,8.0,3.0,-0.77,2.0,0.0,0.0,1.0,-0.39,4.48
EVT_00670,30.32192,75.80292,3,AGRICULTURAL_CROP_BURNING,Sangrur & Patiala (Punjab),TRAIN,PRSC Stubble Burning Records,0.98,False,False,18.67,326.34,313.89,842.9,72.68,12.45,40.2,2.0,0.0,1021.17,0.0,0.0,0.0,0.0,0.07886145235730305,0.07097530712157274,1.0,8.0,3.0,3.56,2.0,0.0,0.0,1.0,-0.39,4.48
EVT_00671,30.32852,75.84687,3,AGRICULTURAL_CROP_BURNING,Sangrur & Patiala (Punjab),TRAIN,PRSC Stubble Burning Records,0.98,False,False,27.91,332.73,305.31,845.8,96.89,27.42,41.41,2.0,0.0,1018.02,0.0,0.0,0.0,0.0,0.04321734938357086,0.03889561444521377,1.0,8.0,3.0,6.64,5.0,0.0,0.0,1.0,-0.39,4.48
EVT_00672,30.31027,75.78378,3,AGRICULTURAL_CROP_BURNING,Sangrur & Patiala (Punjab),TRAIN,PRSC Stubble Burning Records,0.98,False,False,25.85,325.11,317.35,842.1,68.57,7.77,38.83,2.0,0.0,1021.9,0.0,0.0,0.0,0.0,0.02080910302774491,0.018728192724970418,1.0,8.0,3.0,5.95,4.0,0.0,0.0,1.0,-0.39,4.48
EVT_00673,30.32434,75.81656,3,AGRICULTURAL_CROP_BURNING,Sangrur & Patiala (Punjab),TRAIN,PRSC Stubble Burning Records,0.98,False,False,16.15,325.62,318.59,500.0,1652.92,7.03,40.57,2.0,0.0,1020.22,0.0,0.0,0.0,0.0,0.021375774570821942,0.01923819711373975,1.0,8.0,3.0,2.72,4.0,0.0,0.0,1.0,-0.39,4.48
EVT_00674,30.38289,75.8835,3,AGRICULTURAL_CROP_BURNING,Sangrur & Patiala (Punjab),TRAIN,PRSC Stubble Burning Records,0.98,False,False,19.17,331.65,314.56,845.4,92.56,17.09,39.86,2.0,0.0,1019.05,0.0,0.0,0.0,0.0,0.04047049069313439,0.03642344162382095,1.0,8.0,3.0,3.72,2.0,0.0,0.0,1.0,-0.39,4.48
EVT_00675,30.34942,75.8363,3,AGRICULTURAL_CROP_BURNING,Sangrur & Patiala (Punjab),TRAIN,PRSC Stubble Burning Records,0.98,False,False,21.57,327.73,320.9,697.0,204.9,6.83,43.56,2.0,0.0,1020.44,0.0,0.0,0.0,0.0,0.026311327507778436,0.023680194757000592,1.0,8.0,3.0,4.52,8.0,0.0,0.0,1.0,-0.39,4.48
EVT_00676,30.3724,75.79394,3,AGRICULTURAL_CROP_BURNING,Sangrur & Patiala (Punjab),TRAIN,PRSC Stubble Burning Records,0.98,False,False,10.2,328.46,318.8,844.0,80.29,9.66,45.76,2.0,0.0,1025.65,0.0,0.0,0.0,0.0,0.07069081248374204,0.06362173123536784,1.0,8.0,3.0,0.73,7.0,0.0,0.0,1.0,-0.39,4.48
EVT_00677,30.35403,75.83104,3,AGRICULTURAL_CROP_BURNING,Sangrur & Patiala (Punjab),TRAIN,PRSC Stubble Burning Records,0.98,False,False,14.6,330.35,321.61,844.9,87.45,8.74,44.0,2.0,0.0,1021.22,0.0,0.0,0.0,0.0,0.019147084128928366,0.01723237571603553,1.0,8.0,3.0,2.2,6.0,0.0,0.0,1.0,-0.39,4.48
EVT_00678,30.3421,75.88862,3,AGRICULTURAL_CROP_BURNING,Sangrur & Patiala (Punjab),TRAIN,PRSC Stubble Burning Records,0.98,False,False,15.82,333.19,320.47,542.5,1293.8,12.72,41.31,2.0,0.0,1015.59,0.0,0.0,0.0,0.0,0.023462104094904537,0.021115893685414083,1.0,8.0,3.0,2.61,6.0,0.0,0.0,1.0,-0.39,4.48
EVT_00679,30.34509,75.88423,3,AGRICULTURAL_CROP_BURNING,Sangrur & Patiala (Punjab),TRAIN,PRSC Stubble Burning Records,0.98,False,False,19.29,333.73,313.91,846.1,101.27,19.82,41.53,2.0,0.0,1016.17,0.0,0.0,0.0,0.0,0.07290673910868647,0.06561606519781783,1.0,8.0,3.0,3.76,8.0,0.0,0.0,1.0,-0.39,4.48
EVT_00680,30.35861,75.81192,3,AGRICULTURAL_CROP_BURNING,Sangrur & Patiala (Punjab),TRAIN,PRSC Stubble Burning Records,0.98,False,False,9.29,337.41,312.87,847.1,118.06,24.54,44.33,2.0,0.0,1023.14,0.0,0.0,0.0,0.0,0.021519624090053445,0.0193676616810481,1.0,8.0,3.0,0.43,2.0,0.0,0.0,1.0,-0.39,4.48
EVT_00681,30.32754,75.89829,3,AGRICULTURAL_CROP_BURNING,Sangrur & Patiala (Punjab),TRAIN,PRSC Stubble Burning Records,0.98,False,False,27.63,325.72,314.14,842.5,70.57,11.58,41.29,2.0,0.0,1013.71,0.0,0.0,0.0,0.0,0.05664851132864433,0.0509836601957799,1.0,8.0,3.0,6.54,1.0,0.0,0.0,1.0,-0.39,4.48
EVT_00682,30.33065,75.89929,3,AGRICULTURAL_CROP_BURNING,Sangrur & Patiala (Punjab),TRAIN,PRSC Stubble Burning Records,0.98,False,False,4.12,332.34,313.92,845.7,95.4,18.42,41.03,2.0,0.0,1013.86,0.0,0.0,0.0,0.0,0.03888747738654045,0.034998729647886404,0.0,8.0,3.0,-1.29,9.0,0.0,0.0,1.0,-0.39,4.48
EVT_00683,30.30891,75.8124,3,AGRICULTURAL_CROP_BURNING,Sangrur & Patiala (Punjab),TRAIN,PRSC Stubble Burning Records,0.98,False,False,9.09,334.49,318.52,846.4,104.65,15.97,38.83,2.0,0.0,1019.42,0.0,0.0,0.0,0.0,0.026729837614808596,0.024056853853327738,1.0,8.0,3.0,0.36,9.0,0.0,0.0,1.0,-0.39,4.48
EVT_00684,30.3471,75.84851,3,AGRICULTURAL_CROP_BURNING,Sangrur & Patiala (Punjab),TRAIN,PRSC Stubble Burning Records,0.98,False,False,7.52,334.76,316.11,846.4,105.82,18.65,43.47,2.0,0.0,1019.27,0.0,0.0,0.0,0.0,0.02117664445570055,0.019058980010130497,1.0,8.0,3.0,-0.16,9.0,0.0,0.0,1.0,-0.39,4.48
EVT_00685,30.37761,75.84921,3,AGRICULTURAL_CROP_BURNING,Sangrur & Patiala (Punjab),TRAIN,PRSC Stubble Burning Records,0.98,False,False,6.78,325.19,315.3,842.1,68.81,9.89,43.13,2.0,0.0,1021.48,0.0,0.0,0.0,0.0,0.06909301270768572,0.06218371143691715,0.0,8.0,3.0,-0.41,7.0,0.0,0.0,1.0,-0.39,4.48
EVT_00686,30.34677,75.89447,3,AGRICULTURAL_CROP_BURNING,Sangrur & Patiala (Punjab),TRAIN,PRSC Stubble Burning Records,0.98,False,False,8.82,332.45,316.19,700.0,249.93,16.26,40.57,2.0,0.0,1015.46,0.0,0.0,0.0,0.0,0.06635834461282655,0.0597225101515439,1.0,8.0,3.0,0.27,9.0,0.0,0.0,1.0,-0.39,4.48
EVT_00687,30.2808,75.87794,3,AGRICULTURAL_CROP_BURNING,Sangrur & Patiala (Punjab),TRAIN,PRSC Stubble Burning Records,0.98,False,False,16.88,331.15,313.81,845.2,90.55,17.34,36.86,2.0,0.0,1011.92,0.0,0.0,0.0,0.0,0.045184108093487746,0.04066569728413897,1.0,8.0,3.0,2.96,8.0,0.0,0.0,1.0,-0.39,4.48
EVT_00688,30.3753,75.84391,3,AGRICULTURAL_CROP_BURNING,Sangrur & Patiala (Punjab),TRAIN,PRSC Stubble Burning Records,0.98,False,False,4.32,335.04,316.07,846.5,107.07,18.96,43.7,2.0,0.0,1021.74,0.0,0.0,0.0,0.0,0.04794107089358083,0.04314696380422275,1.0,8.0,3.0,-1.23,6.0,0.0,0.0,1.0,-0.39,4.48
EVT_00689,30.32155,75.85271,3,AGRICULTURAL_CROP_BURNING,Sangrur & Patiala (Punjab),TRAIN,PRSC Stubble Burning Records,0.98,False,False,11.76,326.38,316.65,842.9,72.86,9.73,40.74,2.0,0.0,1017.02,0.0,0.0,0.0,0.0,0.06734639484716942,0.06061175536245248,1.0,8.0,3.0,1.25,5.0,0.0,0.0,1.0,-0.39,4.48
EVT_00690,30.36018,75.87352,3,AGRICULTURAL_CROP_BURNING,Sangrur & Patiala (Punjab),TRAIN,PRSC Stubble Burning Records,0.98,False,False,19.04,326.05,314.14,842.7,71.68,11.91,41.73,2.0,0.0,1018.18,0.0,0.0,0.0,0.0,0.027723923490896717,0.024951531141807044,1.0,8.0,3.0,3.68,3.0,0.0,0.0,1.0,-0.39,4.48
EVT_00691,21.88157,86.33607,2,NATURAL_FOREST_WILDFIRE,Similipal Tiger Reserve (Odisha),TRAIN,FSI Wildfire Incident Database,0.98,True,False,143.31,348.01,313.83,848.7,177.55,34.18,97.58,2.0,0.0,206.45,0.305,0.53,0.0,0.0,0.0720882178447511,0.06487939606027598,1.0,25.0,10.0,11.83,3.0,0.0,0.0,1.0,-5.18,-5.96
EVT_00692,21.8291,86.29358,2,NATURAL_FOREST_WILDFIRE,Similipal Tiger Reserve (Odisha),TRAIN,FSI Wildfire Incident Database,0.98,True,False,44.88,343.03,318.9,848.2,147.55,24.13,103.1,2.0,0.0,212.5,1.0,0.0,0.0,0.0,0.0647502889699508,0.05827526007295573,0.0,25.0,10.0,1.99,8.0,0.0,0.0,1.0,-5.18,-5.96
EVT_00693,21.86877,86.30158,2,NATURAL_FOREST_WILDFIRE,Similipal Tiger Reserve (Odisha),TRAIN,FSI Wildfire Incident Database,0.98,True,False,64.21,352.66,315.05,849.1,209.6,37.61,98.74,2.0,0.0,208.05,0.872,0.083,0.0,0.0,0.08392018293899597,0.07552816464509637,0.0,25.0,10.0,3.92,10.0,0.0,0.0,1.0,-5.18,-5.96
EVT_00694,21.88483,86.35162,2,NATURAL_FOREST_WILDFIRE,Similipal Tiger Reserve (Odisha),TRAIN,FSI Wildfire Incident Database,0.98,True,False,40.56,330.23,308.85,844.8,86.88,21.38,97.38,2.0,0.0,206.03,1.0,0.0,0.0,0.0,0.048913671841876095,0.044022304657688485,1.0,25.0,10.0,1.56,11.0,0.0,0.0,1.0,-5.18,-5.96
EVT_00695,21.89603,86.35788,2,NATURAL_FOREST_WILDFIRE,Similipal Tiger Reserve (Odisha),TRAIN,FSI Wildfire Incident Database,0.98,True,False,136.83,342.14,313.13,848.0,142.44,29.01,96.21,2.0,0.0,204.76,1.0,0.0,0.0,0.0,0.11361630415509964,0.10225467373958969,1.0,25.0,10.0,11.18,2.0,0.0,0.0,1.0,-5.18,-5.96
EVT_00696,21.87583,86.25358,2,NATURAL_FOREST_WILDFIRE,Similipal Tiger Reserve (Odisha),TRAIN,FSI Wildfire Incident Database,0.98,True,False,77.62,354.03,319.9,849.2,219.98,34.13,97.8,2.0,0.0,207.65,1.0,0.0,0.0,0.0,0.10054662830405867,0.0904919654736528,0.0,25.0,10.0,5.26,2.0,0.0,0.0,1.0,-5.18,-5.96
EVT_00697,21.84813,86.37084,2,NATURAL_FOREST_WILDFIRE,Similipal Tiger Reserve (Odisha),TRAIN,FSI Wildfire Incident Database,0.98,True,False,106.6,341.09,307.54,847.8,136.6,33.55,101.66,2.0,0.0,210.04,0.998,0.0,0.0,0.0,0.043833721062799695,0.03945034895651973,1.0,25.0,10.0,8.16,6.0,0.0,0.0,1.0,-5.18,-5.96
EVT_00698,21.95043,86.37371,2,NATURAL_FOREST_WILDFIRE,Similipal Tiger Reserve (Odisha),TRAIN,FSI Wildfire Incident Database,0.98,True,False,56.32,343.98,316.45,848.3,152.92,27.53,90.42,2.0,0.0,198.68,0.993,0.0,0.0,0.0,0.06473505490056256,0.0582615494105063,0.0,25.0,10.0,3.13,8.0,0.0,0.0,1.0,-5.18,-5.96
EVT_00699,21.87702,86.26177,2,NATURAL_FOREST_WILDFIRE,Similipal Tiger Reserve (Odisha),TRAIN,FSI Wildfire Incident Database,0.98,True,False,90.91,323.55,321.7,840.9,63.53,1.85,97.68,2.0,0.0,207.44,1.0,0.0,0.0,0.0,0.11655179182347664,0.10489661264112897,1.0,25.0,10.0,6.59,2.0,0.0,0.0,1.0,-5.18,-5.96
EVT_00700,21.85963,86.28251,2,NATURAL_FOREST_WILDFIRE,Similipal Tiger Reserve (Odisha),TRAIN,FSI Wildfire Incident Database,0.98,True,False,44.58,350.58,313.38,849.0,194.73,37.2,99.66,2.0,0.0,209.2,0.997,0.0,0.0,0.0,0.08640330331113175,0.07776297298001858,0.0,25.0,10.0,1.96,5.0,0.0,0.0,1.0,-5.18,-5.96
EVT_00701,21.83636,86.37044,2,NATURAL_FOREST_WILDFIRE,Similipal Tiger Reserve (Odisha),TRAIN,FSI Wildfire Incident Database,0.98,True,False,127.75,329.5,319.5,844.5,84.17,10.0,102.95,2.0,0.0,211.35,1.0,0.0,0.0,0.0,0.025227910326875963,0.022705119294188367,1.0,25.0,10.0,10.27,11.0,0.0,0.0,1.0,-5.18,-5.96
EVT_00702,21.84804,86.36035,2,NATURAL_FOREST_WILDFIRE,Similipal Tiger Reserve (Odisha),TRAIN,FSI Wildfire Incident Database,0.98,True,False,148.24,333.54,323.79,846.1,100.57,9.75,101.54,2.0,0.0,210.08,1.0,0.0,0.0,0.0,0.032663712551837434,0.02939734129665369,0.0,25.0,10.0,12.32,9.0,0.0,0.0,1.0,-5.18,-5.96
EVT_00703,21.84364,86.31846,2,NATURAL_FOREST_WILDFIRE,Similipal Tiger Reserve (Odisha),TRAIN,FSI Wildfire Incident Database,0.98,True,True,126.84,343.98,313.02,848.3,152.87,30.97,101.63,2.0,0.0,210.74,1.0,0.0,0.0,0.0,0.052153300883834075,0.046937970795450666,0.0,25.0,10.0,10.18,3.0,0.8705,0.655,0.427,-5.18,-5.96
EVT_00704,21.85953,86.36026,2,NATURAL_FOREST_WILDFIRE,Similipal Tiger Reserve (Odisha),TRAIN,FSI Wildfire Incident Database,0.98,True,False,126.08,337.12,317.73,847.1,116.77,19.4,100.27,2.0,0.0,208.81,0.978,0.0,0.0,0.0,0.07280680809320789,0.0655261272838871,0.0,25.0,10.0,10.11,13.0,0.0,0.0,1.0,-5.18,-5.96
EVT_00705,21.88057,86.35169,2,NATURAL_FOREST_WILDFIRE,Similipal Tiger Reserve (Odisha),TRAIN,FSI Wildfire Incident Database,0.98,True,True,53.91,324.8,318.46,593.7,465.04,6.33,97.85,2.0,0.0,206.5,1.0,0.0,0.0,0.0,0.04846747388464637,0.04362072649618173,1.0,25.0,10.0,2.89,14.0,0.8516,0.6542,0.4374,-5.18,-5.96
EVT_00706,21.83178,86.33265,2,NATURAL_FOREST_WILDFIRE,Similipal Tiger Reserve (Odisha),TRAIN,FSI Wildfire Incident Database,0.98,True,False,114.68,348.17,317.29,848.8,178.71,30.88,103.06,2.0,0.0,211.99,1.0,0.0,0.0,0.0,0.1001825899875515,0.09016433098879635,1.0,25.0,10.0,8.97,9.0,0.0,0.0,1.0,-5.18,-5.96
EVT_00707,21.87125,86.31325,2,NATURAL_FOREST_WILDFIRE,Similipal Tiger Reserve (Odisha),TRAIN,FSI Wildfire Incident Database,0.98,True,True,56.67,346.67,313.11,848.6,169.04,33.56,98.53,2.0,0.0,207.71,1.0,0.0,0.0,0.0,0.0924786974958386,0.08323082774625475,1.0,25.0,10.0,3.17,12.0,0.882,0.6573,0.4208,-5.18,-5.96
EVT_00708,21.8363,86.34454,2,NATURAL_FOREST_WILDFIRE,Similipal Tiger Reserve (Odisha),TRAIN,FSI Wildfire Incident Database,0.98,True,False,72.65,339.52,319.34,847.6,128.63,20.17,102.67,2.0,0.0,211.44,1.0,0.0,0.0,0.0,0.0448976899161365,0.04040792092452285,1.0,25.0,10.0,4.76,5.0,0.0,0.0,1.0,-5.18,-5.96
EVT_00709,21.8572,86.30539,2,NATURAL_FOREST_WILDFIRE,Similipal Tiger Reserve (Odisha),TRAIN,FSI Wildfire Incident Database,0.98,True,False,116.19,344.8,311.09,848.4,157.61,33.71,100.04,2.0,0.0,209.31,1.0,0.0,0.0,0.0,0.0502623182928755,0.045236086463587954,1.0,25.0,10.0,9.12,2.0,0.0,0.0,1.0,-5.18,-5.96
EVT_00710,21.96769,86.3776,2,NATURAL_FOREST_WILDFIRE,Similipal Tiger Reserve (Odisha),TRAIN,FSI Wildfire Incident Database,0.98,True,False,59.71,330.8,319.16,845.1,89.21,11.63,88.58,2.0,0.0,196.76,1.0,0.0,0.0,0.0,0.05188173228730047,0.04669355905857042,1.0,25.0,10.0,3.47,2.0,0.0,0.0,1.0,-5.18,-5.96
EVT_00711,21.82508,86.32992,2,NATURAL_FOREST_WILDFIRE,Similipal Tiger Reserve (Odisha),TRAIN,FSI Wildfire Incident Database,0.98,True,False,36.96,329.45,315.03,844.5,83.95,14.43,103.78,2.0,0.0,212.74,1.0,0.0,0.0,0.0,0.05600996307821132,0.05040896677039019,0.0,25.0,10.0,1.2,12.0,0.0,0.0,1.0,-5.18,-5.96
EVT_00712,21.87558,86.30204,2,NATURAL_FOREST_WILDFIRE,Similipal Tiger Reserve (Odisha),TRAIN,FSI Wildfire Incident Database,0.98,True,False,152.19,352.86,321.05,849.1,211.26,31.81,97.98,2.0,0.0,207.3,1.0,0.0,0.0,0.0,0.0891927363266592,0.08027346269399328,0.0,25.0,10.0,12.72,2.0,0.0,0.0,1.0,-5.18,-5.96
EVT_00713,21.86424,86.34738,2,NATURAL_FOREST_WILDFIRE,Similipal Tiger Reserve (Odisha),TRAIN,FSI Wildfire Incident Database,0.98,True,True,130.91,326.57,318.78,843.0,73.52,7.79,99.61,2.0,0.0,208.33,1.0,0.0,0.0,0.0,0.11266655538868699,0.10139989984981829,1.0,25.0,10.0,10.59,3.0,0.8124,0.584,0.4602,-5.18,-5.96
EVT_00714,21.88303,86.3666,2,NATURAL_FOREST_WILDFIRE,Similipal Tiger Reserve (Odisha),TRAIN,FSI Wildfire Incident Database,0.98,True,False,65.44,345.01,321.38,638.4,721.13,23.63,97.75,2.0,0.0,206.18,1.0,0.0,0.0,0.0,0.1131659249759019,0.10184933247831171,0.0,25.0,10.0,4.04,3.0,0.0,0.0,1.0,-5.18,-5.96
EVT_00715,21.84628,86.29438,2,NATURAL_FOREST_WILDFIRE,Similipal Tiger Reserve (Odisha),TRAIN,FSI Wildfire Incident Database,0.98,True,False,134.81,332.75,316.13,536.4,1373.6,16.62,101.2,2.0,0.0,210.59,1.0,0.0,0.0,0.0,0.09072283283354232,0.08165054955018809,0.0,25.0,10.0,10.98,8.0,0.0,0.0,1.0,-5.18,-5.96
EVT_00716,21.86937,86.30118,2,NATURAL_FOREST_WILDFIRE,Similipal Tiger Reserve (Odisha),TRAIN,FSI Wildfire Incident Database,0.98,True,False,107.32,337.34,324.63,847.1,117.86,12.71,98.67,2.0,0.0,207.99,0.826,0.13,0.0,0.0,0.11113418162164086,0.10002076345947677,1.0,25.0,10.0,8.23,11.0,0.0,0.0,1.0,-5.18,-5.96
EVT_00717,21.82453,86.26576,2,NATURAL_FOREST_WILDFIRE,Similipal Tiger Reserve (Odisha),TRAIN,FSI Wildfire Incident Database,0.98,True,False,61.94,356.44,312.71,1500.0,31.08,43.73,103.52,2.0,0.0,213.22,0.062,0.931,0.0,0.0,0.04210715528139918,0.037896439753259265,1.0,25.0,10.0,3.69,10.0,0.0,0.0,1.0,-5.18,-5.96
EVT_00718,21.88056,86.3795,2,NATURAL_FOREST_WILDFIRE,Similipal Tiger Reserve (Odisha),TRAIN,FSI Wildfire Incident Database,0.98,True,False,125.01,346.03,315.49,848.5,165.12,30.53,98.2,2.0,0.0,206.43,0.932,0.049,0.0,0.0,0.02861357715490363,0.025752219439413266,1.0,25.0,10.0,10.0,8.0,0.0,0.0,1.0,-5.18,-5.96
EVT_00719,21.82583,86.28778,2,NATURAL_FOREST_WILDFIRE,Similipal Tiger Reserve (Odisha),TRAIN,FSI Wildfire Incident Database,0.98,True,False,39.65,339.64,313.47,847.6,129.15,26.17,103.44,2.0,0.0,212.91,0.97,0.0,0.0,0.0,0.11176006962619002,0.10058406266357102,1.0,25.0,10.0,1.47,2.0,0.0,0.0,1.0,-5.18,-5.96
EVT_00720,21.85747,86.36591,2,NATURAL_FOREST_WILDFIRE,Similipal Tiger Reserve (Odisha),TRAIN,FSI Wildfire Incident Database,0.98,True,False,92.75,329.58,318.44,844.6,84.47,11.14,100.57,2.0,0.0,209.02,0.418,0.407,0.0,0.0,0.11030278734928116,0.09927250861435305,0.0,25.0,10.0,6.78,7.0,0.0,0.0,1.0,-5.18,-5.96
EVT_00721,21.84983,86.30921,2,NATURAL_FOREST_WILDFIRE,Similipal Tiger Reserve (Odisha),TRAIN,FSI Wildfire Incident Database,0.98,True,True,151.05,329.47,324.42,844.5,84.07,5.05,100.88,2.0,0.0,210.11,0.994,0.0,0.0,0.0,0.026562608817781757,0.02390634793600358,1.0,25.0,10.0,12.6,3.0,0.8671,0.6192,0.4491,-5.18,-5.96
EVT_00722,21.90895,86.38589,2,NATURAL_FOREST_WILDFIRE,Similipal Tiger Reserve (Odisha),TRAIN,FSI Wildfire Incident Database,0.98,True,False,135.48,343.25,323.89,848.2,148.87,19.36,95.17,2.0,0.0,203.26,1.0,0.0,0.0,0.0,0.07088852551742457,0.06379967296568212,0.0,25.0,10.0,11.05,5.0,0.0,0.0,1.0,-5.18,-5.96
EVT_00723,21.87144,86.28137,2,NATURAL_FOREST_WILDFIRE,Similipal Tiger Reserve (Odisha),TRAIN,FSI Wildfire Incident Database,0.98,True,False,155.82,340.24,323.3,847.7,132.42,16.94,98.35,2.0,0.0,207.9,1.0,0.0,0.0,0.0,0.0652215100101718,0.05869935900915463,0.0,25.0,10.0,13.08,4.0,0.0,0.0,1.0,-5.18,-5.96
EVT_00724,21.89536,86.28763,2,NATURAL_FOREST_WILDFIRE,Similipal Tiger Reserve (Odisha),TRAIN,FSI Wildfire Incident Database,0.98,True,False,37.21,333.72,325.25,846.1,101.37,8.48,95.71,2.0,0.0,205.21,1.0,0.0,0.0,0.0,0.09031997847754869,0.08128798062979382,0.0,25.0,10.0,1.22,4.0,0.0,0.0,1.0,-5.18,-5.96
EVT_00725,21.84061,86.37581,2,NATURAL_FOREST_WILDFIRE,Similipal Tiger Reserve (Odisha),TRAIN,FSI Wildfire Incident Database,0.98,True,False,80.92,323.35,313.24,588.6,454.04,10.11,102.55,2.0,0.0,210.87,0.916,0.084,0.0,0.0,0.07259465769014593,0.06533519192113134,1.0,25.0,10.0,5.59,2.0,0.0,0.0,1.0,-5.18,-5.96
EVT_00726,21.85854,86.36505,2,NATURAL_FOREST_WILDFIRE,Similipal Tiger Reserve (Odisha),TRAIN,FSI Wildfire Incident Database,0.98,True,False,77.77,333.76,323.7,846.1,101.5,10.06,100.44,2.0,0.0,208.9,0.29,0.419,0.0,0.0,0.03944635191823137,0.035501716726408235,1.0,25.0,10.0,5.28,11.0,0.0,0.0,1.0,-5.18,-5.96
EVT_00727,21.85226,86.33243,2,NATURAL_FOREST_WILDFIRE,Similipal Tiger Reserve (Odisha),TRAIN,FSI Wildfire Incident Database,0.98,True,True,103.22,343.73,329.96,848.3,151.71,13.77,100.79,2.0,0.0,209.72,1.0,0.0,0.0,0.0,0.05594238268308171,0.05034814441477354,0.0,25.0,10.0,7.82,11.0,0.8689,0.6382,0.4413,-5.18,-5.96
EVT_00728,21.81698,86.36931,2,NATURAL_FOREST_WILDFIRE,Similipal Tiger Reserve (Odisha),TRAIN,FSI Wildfire Incident Database,0.98,True,False,64.69,349.02,319.92,848.8,184.38,29.1,105.08,2.0,0.0,213.5,1.0,0.0,0.0,0.0,0.11789195561198997,0.10610276005079097,1.0,25.0,10.0,3.97,5.0,0.0,0.0,1.0,-5.18,-5.96
EVT_00729,21.80293,86.33193,2,NATURAL_FOREST_WILDFIRE,Similipal Tiger Reserve (Odisha),TRAIN,FSI Wildfire Incident Database,0.98,True,False,58.74,335.64,320.61,643.4,469.23,15.03,106.25,2.0,0.0,215.19,1.0,0.0,0.0,0.0,0.06607121713482754,0.05946409542134479,0.0,25.0,10.0,3.37,9.0,0.0,0.0,1.0,-5.18,-5.96
EVT_00730,21.87081,86.3052,2,NATURAL_FOREST_WILDFIRE,Similipal Tiger Reserve (Odisha),TRAIN,FSI Wildfire Incident Database,0.98,True,False,138.16,352.44,320.57,849.1,208.2,31.87,98.53,2.0,0.0,207.81,1.0,0.0,0.0,0.0,0.10682030757789789,0.0961382768201081,1.0,25.0,10.0,11.32,9.0,0.0,0.0,1.0,-5.18,-5.96
EVT_00731,21.91594,86.35567,2,NATURAL_FOREST_WILDFIRE,Similipal Tiger Reserve (Odisha),TRAIN,FSI Wildfire Incident Database,0.98,True,False,39.69,342.08,316.81,848.0,142.2,25.27,93.98,2.0,0.0,202.56,1.0,0.0,0.0,0.0,0.07692302120914479,0.06923071908823032,1.0,25.0,10.0,1.47,11.0,0.0,0.0,1.0,-5.18,-5.96
EVT_00732,21.78633,86.40148,2,NATURAL_FOREST_WILDFIRE,Similipal Tiger Reserve (Odisha),TRAIN,FSI Wildfire Incident Database,0.98,True,False,43.11,343.4,319.99,544.6,1929.3,23.41,103.86,2.0,0.0,216.86,1.0,0.0,0.0,0.0,0.06657255776674975,0.059915301990074776,0.0,25.0,10.0,1.81,14.0,0.0,0.0,1.0,-5.18,-5.96
EVT_00733,21.81228,86.35541,2,NATURAL_FOREST_WILDFIRE,Similipal Tiger Reserve (Odisha),TRAIN,FSI Wildfire Incident Database,0.98,True,False,97.94,346.69,323.93,522.2,2987.34,22.76,105.44,2.0,0.0,214.06,0.894,0.047,0.0,0.0,0.026010855607839584,0.023409770047055627,1.0,25.0,10.0,7.29,6.0,0.0,0.0,1.0,-5.18,-5.96
EVT_00734,21.8778,86.3234,2,NATURAL_FOREST_WILDFIRE,Similipal Tiger Reserve (Odisha),TRAIN,FSI Wildfire Incident Database,0.98,True,True,101.26,344.09,322.51,848.3,153.7,21.58,97.88,2.0,0.0,206.93,0.994,0.0,0.0,0.0,0.02278410512625863,0.020505694613632768,0.0,25.0,10.0,7.63,8.0,0.8121,0.6928,0.4767,-5.18,-5.96
EVT_00735,21.86219,86.39112,2,NATURAL_FOREST_WILDFIRE,Similipal Tiger Reserve (Odisha),TRAIN,FSI Wildfire Incident Database,0.98,True,False,116.09,339.61,324.04,847.6,129.18,15.57,100.39,2.0,0.0,208.45,0.115,0.789,0.0,0.0,0.0927268470452434,0.08345416234071906,1.0,25.0,10.0,9.11,2.0,0.0,0.0,1.0,-5.18,-5.96
EVT_00736,21.78739,86.32923,2,NATURAL_FOREST_WILDFIRE,Similipal Tiger Reserve (Odisha),TRAIN,FSI Wildfire Incident Database,0.98,True,False,120.53,352.1,317.07,500.0,5008.03,35.03,106.68,2.0,0.0,216.92,1.0,0.0,0.0,0.0,0.10824411913475816,0.09741970722128235,0.0,25.0,10.0,9.55,5.0,0.0,0.0,1.0,-5.18,-5.96
EVT_00737,21.86369,86.34058,2,NATURAL_FOREST_WILDFIRE,Similipal Tiger Reserve (Odisha),TRAIN,FSI Wildfire Incident Database,0.98,True,True,86.72,338.09,318.1,542.2,1604.58,19.99,99.6,2.0,0.0,208.41,1.0,0.0,0.0,0.0,0.04992484192601604,0.04493235773341444,1.0,25.0,10.0,6.17,13.0,0.8416,0.6026,0.4578,-5.18,-5.96
EVT_00738,21.84,86.31101,2,NATURAL_FOREST_WILDFIRE,Similipal Tiger Reserve (Odisha),TRAIN,FSI Wildfire Incident Database,0.98,True,True,145.74,338.6,314.26,847.4,123.91,24.34,101.99,2.0,0.0,211.19,0.891,0.08,0.0,0.0,0.0974928472305955,0.08774356250753594,1.0,25.0,10.0,12.07,7.0,0.8671,0.5846,0.443,-5.18,-5.96
EVT_00739,21.85928,86.34012,2,NATURAL_FOREST_WILDFIRE,Similipal Tiger Reserve (Odisha),TRAIN,FSI Wildfire Incident Database,0.98,True,True,153.45,331.39,316.9,845.3,91.55,14.49,100.08,2.0,0.0,208.9,0.826,0.111,0.0,0.0,0.0966848897817773,0.08701640080359958,0.0,25.0,10.0,12.84,11.0,0.8697,0.6659,0.4271,-5.18,-5.96
EVT_00740,21.88001,86.3028,2,NATURAL_FOREST_WILDFIRE,Similipal Tiger Reserve (Odisha),TRAIN,FSI Wildfire Incident Database,0.98,True,False,44.44,341.44,309.63,847.9,138.56,31.81,97.5,2.0,0.0,206.8,1.0,0.0,0.0,0.0,0.08178666544120367,0.0736079988970833,1.0,25.0,10.0,1.94,8.0,0.0,0.0,1.0,-5.18,-5.96
EVT_00741,21.79933,86.33775,2,NATURAL_FOREST_WILDFIRE,Similipal Tiger Reserve (Odisha),TRAIN,FSI Wildfire Incident Database,0.98,True,False,102.4,342.78,315.88,541.3,1961.21,26.9,106.7,2.0,0.0,215.56,1.0,0.0,0.0,0.0,0.11688146905778043,0.10519332215200239,1.0,25.0,10.0,7.74,12.0,0.0,0.0,1.0,-5.18,-5.96
EVT_00742,21.90216,86.33639,2,NATURAL_FOREST_WILDFIRE,Similipal Tiger Reserve (Odisha),TRAIN,FSI Wildfire Incident Database,0.98,True,False,58.91,347.64,316.61,848.7,175.29,31.03,95.3,2.0,0.0,204.16,1.0,0.0,0.0,0.0,0.08154289150329266,0.0733886023529634,1.0,25.0,10.0,3.39,7.0,0.0,0.0,1.0,-5.18,-5.96
EVT_00743,21.88466,86.3423,2,NATURAL_FOREST_WILDFIRE,Similipal Tiger Reserve (Odisha),TRAIN,FSI Wildfire Incident Database,0.98,True,False,122.79,341.82,321.3,500.0,3429.69,20.53,97.3,2.0,0.0,206.08,1.0,0.0,0.0,0.0,0.10519692535558417,0.09467723282002576,1.0,25.0,10.0,9.78,12.0,0.0,0.0,1.0,-5.18,-5.96
EVT_00744,21.85062,86.27835,2,NATURAL_FOREST_WILDFIRE,Similipal Tiger Reserve (Odisha),TRAIN,FSI Wildfire Incident Database,0.98,True,False,116.24,344.02,325.06,848.3,153.3,18.96,100.65,2.0,0.0,210.23,0.848,0.003,0.0,0.0,0.09537682020450523,0.08583913818405471,1.0,25.0,10.0,9.12,9.0,0.0,0.0,1.0,-5.18,-5.96
EVT_00745,21.82242,86.33284,2,NATURAL_FOREST_WILDFIRE,Similipal Tiger Reserve (Odisha),TRAIN,FSI Wildfire Incident Database,0.98,True,False,112.82,337.67,330.7,500.0,2909.9,6.98,104.1,2.0,0.0,213.02,1.0,0.0,0.0,0.0,0.02100469810548316,0.018904228294934843,0.0,25.0,10.0,8.78,9.0,0.0,0.0,1.0,-5.18,-5.96
EVT_00746,21.85799,86.26863,2,NATURAL_FOREST_WILDFIRE,Similipal Tiger Reserve (Odisha),TRAIN,FSI Wildfire Incident Database,0.98,True,False,69.62,339.17,319.57,847.5,126.89,19.6,99.81,2.0,0.0,209.49,0.558,0.16,0.0,0.0,0.026579821779523897,0.023921839601571508,1.0,25.0,10.0,4.46,8.0,0.0,0.0,1.0,-5.18,-5.96
EVT_00747,21.84862,86.2972,2,NATURAL_FOREST_WILDFIRE,Similipal Tiger Reserve (Odisha),TRAIN,FSI Wildfire Incident Database,0.98,True,False,45.01,336.15,321.05,549.4,1347.83,15.1,100.95,2.0,0.0,210.32,1.0,0.0,0.0,0.0,0.06744531798445233,0.0607007861860071,0.0,25.0,10.0,2.0,13.0,0.0,0.0,1.0,-5.18,-5.96
EVT_00748,21.81531,86.3632,2,NATURAL_FOREST_WILDFIRE,Similipal Tiger Reserve (Odisha),TRAIN,FSI Wildfire Incident Database,0.98,True,False,78.61,326.63,320.31,843.0,73.72,6.32,105.19,2.0,0.0,213.7,1.0,0.0,0.0,0.0,0.11231687117541793,0.10108518405787614,0.0,25.0,10.0,5.36,2.0,0.0,0.0,1.0,-5.18,-5.96
EVT_00749,21.87374,86.34588,2,NATURAL_FOREST_WILDFIRE,Similipal Tiger Reserve (Odisha),TRAIN,FSI Wildfire Incident Database,0.98,True,True,140.67,327.76,318.25,532.8,1140.24,9.51,98.54,2.0,0.0,207.28,1.0,0.0,0.0,0.0,0.09271628097401384,0.08344465287661246,1.0,25.0,10.0,11.57,12.0,0.8751,0.6997,0.4137,-5.18,-5.96
EVT_00750,21.88605,86.37853,2,NATURAL_FOREST_WILDFIRE,Similipal Tiger Reserve (Odisha),TRAIN,FSI Wildfire Incident Database,0.98,True,False,119.52,347.14,317.82,500.0,4192.76,29.32,97.58,2.0,0.0,205.82,1.0,0.0,0.0,0.0,0.11077508002412378,0.09969757202171141,1.0,25.0,10.0,9.45,13.0,0.0,0.0,1.0,-5.18,-5.96
EVT_00751,21.84513,86.36703,2,NATURAL_FOREST_WILDFIRE,Similipal Tiger Reserve (Odisha),TRAIN,FSI Wildfire Incident Database,0.98,True,False,147.7,343.72,323.99,848.3,151.59,19.73,101.94,2.0,0.0,210.38,0.997,0.001,0.0,0.0,0.11261929864146265,0.1013573687773164,0.0,25.0,10.0,12.27,8.0,0.0,0.0,1.0,-5.18,-5.96
EVT_00752,21.83467,86.32998,2,NATURAL_FOREST_WILDFIRE,Similipal Tiger Reserve (Odisha),TRAIN,FSI Wildfire Incident Database,0.98,True,False,156.32,349.53,325.27,848.9,187.88,24.26,102.72,2.0,0.0,211.68,1.0,0.0,0.0,0.0,0.07589532402703769,0.06830579162433392,0.0,25.0,10.0,13.13,8.0,0.0,0.0,1.0,-5.18,-5.96
EVT_00753,21.81982,86.35664,2,NATURAL_FOREST_WILDFIRE,Similipal Tiger Reserve (Odisha),TRAIN,FSI Wildfire Incident Database,0.98,True,False,74.66,349.73,322.18,848.9,189.17,27.55,104.62,2.0,0.0,213.22,0.72,0.2,0.0,0.0,0.06837138323907131,0.06153424491516418,0.0,25.0,10.0,4.97,4.0,0.0,0.0,1.0,-5.18,-5.96
EVT_00754,21.88781,86.36408,2,NATURAL_FOREST_WILDFIRE,Similipal Tiger Reserve (Odisha),TRAIN,FSI Wildfire Incident Database,0.98,True,False,129.37,337.47,317.25,703.8,301.93,20.22,97.19,2.0,0.0,205.66,1.0,0.0,0.0,0.0,0.11551751604781324,0.10396576444303192,0.0,25.0,10.0,10.44,7.0,0.0,0.0,1.0,-5.18,-5.96
EVT_00755,21.808,86.38804,2,NATURAL_FOREST_WILDFIRE,Similipal Tiger Reserve (Odisha),TRAIN,FSI Wildfire Incident Database,0.98,True,False,137.34,332.91,320.87,523.9,1650.24,12.04,104.3,2.0,0.0,214.47,1.0,0.0,0.0,0.0,0.03166891199358998,0.028502020794230986,1.0,25.0,10.0,11.23,8.0,0.0,0.0,1.0,-5.18,-5.96
EVT_00756,21.91438,86.26017,2,NATURAL_FOREST_WILDFIRE,Similipal Tiger Reserve (Odisha),TRAIN,FSI Wildfire Incident Database,0.98,True,False,68.84,346.14,319.13,848.5,165.91,27.01,93.52,2.0,0.0,203.32,1.0,0.0,0.0,0.0,0.057049143705951426,0.05134422933535628,1.0,25.0,10.0,4.38,10.0,0.0,0.0,1.0,-5.18,-5.96
EVT_00757,21.8826,86.33888,2,NATURAL_FOREST_WILDFIRE,Similipal Tiger Reserve (Odisha),TRAIN,FSI Wildfire Incident Database,0.98,True,False,89.71,342.05,323.39,848.0,142.13,18.65,97.49,2.0,0.0,206.32,0.504,0.407,0.0,0.0,0.05396926184795871,0.04857233566316284,1.0,25.0,10.0,6.47,6.0,0.0,0.0,1.0,-5.18,-5.96
EVT_00758,21.87946,86.30931,2,NATURAL_FOREST_WILDFIRE,Similipal Tiger Reserve (Odisha),TRAIN,FSI Wildfire Incident Database,0.98,True,False,83.0,325.38,315.86,842.3,69.45,9.52,97.6,2.0,0.0,206.82,1.0,0.0,0.0,0.0,0.10543995133256802,0.09489595619931122,1.0,25.0,10.0,5.8,13.0,0.0,0.0,1.0,-5.18,-5.96
EVT_00759,21.86924,86.32456,2,NATURAL_FOREST_WILDFIRE,Similipal Tiger Reserve (Odisha),TRAIN,FSI Wildfire Incident Database,0.98,True,True,109.55,351.0,330.19,849.0,198.13,20.81,98.84,2.0,0.0,207.87,1.0,0.0,0.0,0.0,0.05660282657465152,0.05094254391718637,1.0,25.0,10.0,8.45,10.0,0.875,0.646,0.4447,-5.18,-5.96
EVT_00760,21.80085,86.32381,2,NATURAL_FOREST_WILDFIRE,Similipal Tiger Reserve (Odisha),TRAIN,FSI Wildfire Incident Database,0.98,True,False,45.84,336.3,320.93,846.9,112.91,15.37,106.42,2.0,0.0,215.46,1.0,0.0,0.0,0.0,0.08054444853053423,0.0724900036774808,0.0,25.0,10.0,2.08,2.0,0.0,0.0,1.0,-5.18,-5.96
EVT_00761,21.87018,86.31225,2,NATURAL_FOREST_WILDFIRE,Similipal Tiger Reserve (Odisha),TRAIN,FSI Wildfire Incident Database,0.98,True,True,97.71,337.37,312.01,847.1,117.88,25.37,98.65,2.0,0.0,207.83,1.0,0.0,0.0,0.0,0.09254681684501628,0.08329213516051466,0.0,25.0,10.0,7.27,14.0,0.8319,0.5975,0.4806,-5.18,-5.96
EVT_00762,21.90137,86.35248,2,NATURAL_FOREST_WILDFIRE,Similipal Tiger Reserve (Odisha),TRAIN,FSI Wildfire Incident Database,0.98,True,False,78.21,338.7,317.08,847.4,124.44,21.61,95.56,2.0,0.0,204.19,1.0,0.0,0.0,0.0,0.09432944752240766,0.08489650277016689,1.0,25.0,10.0,5.32,5.0,0.0,0.0,1.0,-5.18,-5.96
EVT_00763,21.87395,86.29957,2,NATURAL_FOREST_WILDFIRE,Similipal Tiger Reserve (Odisha),TRAIN,FSI Wildfire Incident Database,0.98,True,False,77.25,361.91,319.96,1500.0,37.27,41.95,98.15,2.0,0.0,207.49,1.0,0.0,0.0,0.0,0.11068665773398358,0.09961799196058523,1.0,25.0,10.0,5.22,10.0,0.0,0.0,1.0,-5.18,-5.96
EVT_00764,21.91929,86.29899,2,NATURAL_FOREST_WILDFIRE,Similipal Tiger Reserve (Odisha),TRAIN,FSI Wildfire Incident Database,0.98,True,False,122.18,346.62,311.12,848.6,168.65,35.5,93.11,2.0,0.0,202.47,0.464,0.365,0.0,0.0,0.029049631109586676,0.02614466799862801,1.0,25.0,10.0,9.72,14.0,0.0,0.0,1.0,-5.18,-5.96
EVT_00765,21.88868,86.34484,2,NATURAL_FOREST_WILDFIRE,Similipal Tiger Reserve (Odisha),TRAIN,FSI Wildfire Incident Database,0.98,True,False,64.92,333.31,315.31,846.0,99.49,18.0,96.88,2.0,0.0,205.62,1.0,0.0,0.0,0.0,0.061796850801388706,0.055617165721249834,0.0,25.0,10.0,3.99,7.0,0.0,0.0,1.0,-5.18,-5.96
EVT_00766,21.86434,86.32179,2,NATURAL_FOREST_WILDFIRE,Similipal Tiger Reserve (Odisha),TRAIN,FSI Wildfire Incident Database,0.98,True,True,136.04,323.97,322.24,500.0,1518.39,1.73,99.36,2.0,0.0,208.43,1.0,0.0,0.0,0.0,0.058805847426095695,0.05292526268348613,1.0,25.0,10.0,11.1,6.0,0.8661,0.6485,0.4388,-5.18,-5.96
EVT_00767,21.83322,86.37093,2,NATURAL_FOREST_WILDFIRE,Similipal Tiger Reserve (Odisha),TRAIN,FSI Wildfire Incident Database,0.98,True,False,51.29,336.07,320.31,846.8,111.86,15.76,103.3,2.0,0.0,211.7,0.97,0.029,0.0,0.0,0.05456270370361589,0.049106433333254304,1.0,25.0,10.0,2.63,6.0,0.0,0.0,1.0,-5.18,-5.96
EVT_00768,21.92789,86.37506,2,NATURAL_FOREST_WILDFIRE,Similipal Tiger Reserve (Odisha),TRAIN,FSI Wildfire Incident Database,0.98,True,False,40.43,351.63,318.33,500.0,4935.47,33.3,92.92,2.0,0.0,201.18,1.0,0.0,0.0,0.0,0.04610283915358481,0.04149255523822633,1.0,25.0,10.0,1.54,12.0,0.0,0.0,1.0,-5.18,-5.96
EVT_00769,21.84566,86.35742,2,NATURAL_FOREST_WILDFIRE,Similipal Tiger Reserve (Odisha),TRAIN,FSI Wildfire Incident Database,0.98,True,False,102.94,328.77,311.69,844.2,81.34,17.08,101.77,2.0,0.0,210.35,1.0,0.0,0.0,0.0,0.02727362617771965,0.024546263559947684,1.0,25.0,10.0,7.79,13.0,0.0,0.0,1.0,-5.18,-5.96
EVT_00770,21.89594,86.35099,2,NATURAL_FOREST_WILDFIRE,Similipal Tiger Reserve (Odisha),TRAIN,FSI Wildfire Incident Database,0.98,True,False,117.73,356.57,320.08,849.3,239.92,36.49,96.14,2.0,0.0,204.8,1.0,0.0,0.0,0.0,0.055552979715200755,0.04999768174368068,1.0,25.0,10.0,9.27,3.0,0.0,0.0,1.0,-5.18,-5.96
EVT_00771,21.89819,86.31982,2,NATURAL_FOREST_WILDFIRE,Similipal Tiger Reserve (Odisha),TRAIN,FSI Wildfire Incident Database,0.98,True,False,65.57,336.16,322.16,500.0,2715.35,14.0,95.59,2.0,0.0,204.69,0.994,0.003,0.0,0.0,0.04273220710700274,0.03845898639630247,0.0,25.0,10.0,4.06,10.0,0.0,0.0,1.0,-5.18,-5.96
EVT_00772,21.88676,86.29568,2,NATURAL_FOREST_WILDFIRE,Similipal Tiger Reserve (Odisha),TRAIN,FSI Wildfire Incident Database,0.98,True,False,86.89,344.56,319.29,848.4,156.37,25.27,96.71,2.0,0.0,206.1,1.0,0.0,0.0,0.0,0.028933990229186683,0.026040591206268015,1.0,25.0,10.0,6.19,8.0,0.0,0.0,1.0,-5.18,-5.96
EVT_00773,21.94489,86.30081,2,NATURAL_FOREST_WILDFIRE,Similipal Tiger Reserve (Odisha),TRAIN,FSI Wildfire Incident Database,0.98,True,False,37.16,354.6,319.83,849.2,224.34,34.76,90.28,2.0,0.0,199.63,0.396,0.391,0.0,0.0,0.07496846136565782,0.06747161522909205,1.0,25.0,10.0,1.22,5.0,0.0,0.0,1.0,-5.18,-5.96
EVT_00774,21.82017,86.32037,2,NATURAL_FOREST_WILDFIRE,Similipal Tiger Reserve (Odisha),TRAIN,FSI Wildfire Incident Database,0.98,True,False,57.23,353.24,322.92,849.2,214.18,30.32,104.25,2.0,0.0,213.33,1.0,0.0,0.0,0.0,0.10885332885244849,0.09796799596720364,1.0,25.0,10.0,3.22,2.0,0.0,0.0,1.0,-5.18,-5.96
EVT_00775,21.88548,86.35322,2,NATURAL_FOREST_WILDFIRE,Similipal Tiger Reserve (Odisha),TRAIN,FSI Wildfire Incident Database,0.98,True,False,127.17,350.78,319.92,849.0,196.34,30.85,97.32,2.0,0.0,205.95,1.0,0.0,0.0,0.0,0.10822057372269905,0.09739851635042915,1.0,25.0,10.0,10.22,4.0,0.0,0.0,1.0,-5.18,-5.96
EVT_00776,21.80367,86.30559,2,NATURAL_FOREST_WILDFIRE,Similipal Tiger Reserve (Odisha),TRAIN,FSI Wildfire Incident Database,0.98,True,False,45.81,325.66,320.68,842.4,70.42,4.98,105.99,2.0,0.0,215.25,0.543,0.207,0.0,0.0,0.020142834307917672,0.018128550877125907,1.0,25.0,10.0,2.08,10.0,0.0,0.0,1.0,-5.18,-5.96
EVT_00777,21.83465,86.32798,2,NATURAL_FOREST_WILDFIRE,Similipal Tiger Reserve (Odisha),TRAIN,FSI Wildfire Incident Database,0.98,True,False,43.06,356.56,325.8,849.3,240.04,30.76,102.7,2.0,0.0,211.69,1.0,0.0,0.0,0.0,0.11725224956336619,0.10552702460702958,1.0,25.0,10.0,1.81,11.0,0.0,0.0,1.0,-5.18,-5.96
EVT_00778,21.84785,86.35698,2,NATURAL_FOREST_WILDFIRE,Similipal Tiger Reserve (Odisha),TRAIN,FSI Wildfire Incident Database,0.98,True,False,88.73,332.52,320.14,500.0,2308.36,12.38,101.52,2.0,0.0,210.11,1.0,0.0,0.0,0.0,0.048725769487706766,0.04385319253893609,1.0,25.0,10.0,6.37,14.0,0.0,0.0,1.0,-5.18,-5.96
EVT_00779,21.88799,86.27052,2,NATURAL_FOREST_WILDFIRE,Similipal Tiger Reserve (Odisha),TRAIN,FSI Wildfire Incident Database,0.98,True,False,104.04,340.02,312.6,847.7,131.09,27.41,96.48,2.0,0.0,206.15,1.0,0.0,0.0,0.0,0.07988830947573171,0.07189947852815853,0.0,25.0,10.0,7.9,5.0,0.0,0.0,1.0,-5.18,-5.96
EVT_00780,21.87428,86.34243,2,NATURAL_FOREST_WILDFIRE,Similipal Tiger Reserve (Odisha),TRAIN,FSI Wildfire Incident Database,0.98,True,True,72.94,353.47,318.99,849.2,215.8,34.49,98.45,2.0,0.0,207.23,0.633,0.223,0.0,0.0,0.059847876210921434,0.05386308858982929,0.0,25.0,10.0,4.79,2.0,0.7961,0.4858,0.5182,-5.18,-5.96
EVT_00781,21.84706,86.31852,2,NATURAL_FOREST_WILDFIRE,Similipal Tiger Reserve (Odisha),TRAIN,FSI Wildfire Incident Database,0.98,True,True,113.48,343.57,313.61,570.2,1404.32,29.96,101.26,2.0,0.0,210.36,1.0,0.0,0.0,0.0,0.05652279262568819,0.050870513363119374,1.0,25.0,10.0,8.85,2.0,0.8486,0.5974,0.4653,-5.18,-5.96
EVT_00782,21.84289,86.38561,2,NATURAL_FOREST_WILDFIRE,Similipal Tiger Reserve (Odisha),TRAIN,FSI Wildfire Incident Database,0.98,True,False,131.75,330.82,312.37,845.1,89.22,18.45,102.43,2.0,0.0,210.6,1.0,0.0,0.0,0.0,0.025207240622126974,0.02268651655991428,0.0,25.0,10.0,10.67,5.0,0.0,0.0,1.0,-5.18,-5.96
EVT_00783,21.86138,86.37876,2,NATURAL_FOREST_WILDFIRE,Similipal Tiger Reserve (Odisha),TRAIN,FSI Wildfire Incident Database,0.98,True,False,151.97,342.48,314.65,848.1,144.37,27.83,100.3,2.0,0.0,208.56,0.144,0.708,0.0,0.0,0.07976131909324605,0.07178518718392145,1.0,25.0,10.0,12.7,13.0,0.0,0.0,1.0,-5.18,-5.96
EVT_00784,21.87562,86.33067,2,NATURAL_FOREST_WILDFIRE,Similipal Tiger Reserve (Odisha),TRAIN,FSI Wildfire Incident Database,0.98,True,True,61.69,337.28,320.69,847.1,117.55,16.59,98.19,2.0,0.0,207.13,1.0,0.0,0.0,0.0,0.08760930341645767,0.0788483730748119,1.0,25.0,10.0,3.67,3.0,0.8611,0.6889,0.421,-5.18,-5.96
EVT_00785,21.86087,86.29905,2,NATURAL_FOREST_WILDFIRE,Similipal Tiger Reserve (Odisha),TRAIN,FSI Wildfire Incident Database,0.98,True,False,112.39,338.4,312.85,847.3,122.9,25.55,99.6,2.0,0.0,208.95,0.897,0.05,0.0,0.0,0.035939488477140215,0.03234553962942619,1.0,25.0,10.0,8.74,6.0,0.0,0.0,1.0,-5.18,-5.96
EVT_00786,21.91575,86.35324,2,NATURAL_FOREST_WILDFIRE,Similipal Tiger Reserve (Odisha),TRAIN,FSI Wildfire Incident Database,0.98,True,False,76.37,342.89,326.42,848.1,146.88,16.48,93.98,2.0,0.0,202.59,1.0,0.0,0.0,0.0,0.10374508948347338,0.09337058053512605,0.0,25.0,10.0,5.14,14.0,0.0,0.0,1.0,-5.18,-5.96
EVT_00787,21.83552,86.33566,2,NATURAL_FOREST_WILDFIRE,Similipal Tiger Reserve (Odisha),TRAIN,FSI Wildfire Incident Database,0.98,True,False,37.43,342.93,318.75,848.1,146.95,24.18,102.67,2.0,0.0,211.56,1.0,0.0,0.0,0.0,0.05270067684961021,0.04743060916464919,1.0,25.0,10.0,1.24,10.0,0.0,0.0,1.0,-5.18,-5.96
EVT_00788,21.86839,86.35566,2,NATURAL_FOREST_WILDFIRE,Similipal Tiger Reserve (Odisha),TRAIN,FSI Wildfire Incident Database,0.98,True,False,84.1,324.97,319.56,842.0,68.09,5.41,99.24,2.0,0.0,207.84,0.973,0.0,0.0,0.0,0.037965121795534185,0.03416860961598077,1.0,25.0,10.0,5.91,13.0,0.0,0.0,1.0,-5.18,-5.96
EVT_00789,21.84274,86.27379,2,NATURAL_FOREST_WILDFIRE,Similipal Tiger Reserve (Odisha),TRAIN,FSI Wildfire Incident Database,0.98,True,False,76.08,334.23,324.14,846.3,103.56,10.09,101.52,2.0,0.0,211.14,1.0,0.0,0.0,0.0,0.04849132525524358,0.04364219272971922,1.0,25.0,10.0,5.11,7.0,0.0,0.0,1.0,-5.18,-5.96
EVT_00790,21.88054,86.3064,2,NATURAL_FOREST_WILDFIRE,Similipal Tiger Reserve (Odisha),TRAIN,FSI Wildfire Incident Database,0.98,True,False,60.74,349.9,314.15,848.9,190.14,35.76,97.46,2.0,0.0,206.72,1.0,0.0,0.0,0.0,0.05216863687013094,0.04695177318311784,1.0,25.0,10.0,3.57,11.0,0.0,0.0,1.0,-5.18,-5.96
EVT_00791,21.93424,86.32201,2,NATURAL_FOREST_WILDFIRE,Similipal Tiger Reserve (Odisha),TRAIN,FSI Wildfire Incident Database,0.98,True,False,139.36,313.81,325.29,630.6,162.75,-11.47,91.62,2.0,0.0,200.68,0.928,0.0,0.0,0.0,0.09558863795678163,0.08602977416110347,1.0,25.0,10.0,11.44,11.0,0.0,0.0,1.0,-5.18,-5.96
EVT_00792,21.86653,86.32168,2,NATURAL_FOREST_WILDFIRE,Similipal Tiger Reserve (Odisha),TRAIN,FSI Wildfire Incident Database,0.98,True,True,120.07,326.39,331.84,842.9,72.95,-5.45,99.12,2.0,0.0,208.19,1.0,0.0,0.0,0.0,0.10588415834142602,0.09529574250728341,1.0,25.0,10.0,9.51,4.0,0.8574,0.6362,0.4386,-5.18,-5.96
EVT_00793,21.88408,86.30855,2,NATURAL_FOREST_WILDFIRE,Similipal Tiger Reserve (Odisha),TRAIN,FSI Wildfire Incident Database,0.98,True,False,87.01,341.49,323.92,847.9,139.07,17.57,97.08,2.0,0.0,206.31,1.0,0.0,0.0,0.0,0.11778536935017817,0.10600683241516035,0.0,25.0,10.0,6.2,4.0,0.0,0.0,1.0,-5.18,-5.96
EVT_00794,21.81676,86.38331,2,NATURAL_FOREST_WILDFIRE,Similipal Tiger Reserve (Odisha),TRAIN,FSI Wildfire Incident Database,0.98,True,False,101.4,349.02,323.77,848.8,184.45,25.25,104.44,2.0,0.0,213.5,1.0,0.0,0.0,0.0,0.029887334266265136,0.026898600839638624,1.0,25.0,10.0,7.64,12.0,0.0,0.0,1.0,-5.18,-5.96
EVT_00795,21.8712,86.28076,2,NATURAL_FOREST_WILDFIRE,Similipal Tiger Reserve (Odisha),TRAIN,FSI Wildfire Incident Database,0.98,True,False,85.38,338.02,318.55,847.3,121.13,19.47,98.37,2.0,0.0,207.93,1.0,0.0,0.0,0.0,0.08491539648308727,0.07642385683477855,1.0,25.0,10.0,6.04,11.0,0.0,0.0,1.0,-5.18,-5.96
EVT_00796,21.838,86.32029,2,NATURAL_FOREST_WILDFIRE,Similipal Tiger Reserve (Odisha),TRAIN,FSI Wildfire Incident Database,0.98,True,True,153.45,332.67,316.98,536.1,1375.4,15.69,102.27,2.0,0.0,211.36,0.927,0.04,0.0,0.0,0.06751708660226283,0.06076537794203655,0.0,25.0,10.0,12.85,6.0,0.8779,0.676,0.4025,-5.18,-5.96
EVT_00797,21.9081,86.30807,2,NATURAL_FOREST_WILDFIRE,Similipal Tiger Reserve (Odisha),TRAIN,FSI Wildfire Incident Database,0.98,True,False,102.21,349.13,309.72,848.8,184.74,39.4,94.41,2.0,0.0,203.66,0.758,0.015,0.0,0.0,0.020471242552224118,0.018424118297001708,0.0,25.0,10.0,7.72,2.0,0.0,0.0,1.0,-5.18,-5.96
EVT_00798,21.84137,86.34349,2,NATURAL_FOREST_WILDFIRE,Similipal Tiger Reserve (Odisha),TRAIN,FSI Wildfire Incident Database,0.98,True,True,37.52,345.72,316.54,719.4,372.31,29.18,102.1,2.0,0.0,210.88,0.94,0.032,0.0,0.0,0.09527271378259759,0.08574544240433783,1.0,25.0,10.0,1.25,9.0,0.8546,0.5979,0.4601,-5.18,-5.96
EVT_00799,21.85754,86.29856,2,NATURAL_FOREST_WILDFIRE,Similipal Tiger Reserve (Odisha),TRAIN,FSI Wildfire Incident Database,0.98,True,False,86.71,344.7,322.12,848.4,157.29,22.58,99.97,2.0,0.0,209.32,0.623,0.162,0.0,0.0,0.049281286673716874,0.044353158006345185,1.0,25.0,10.0,6.17,2.0,0.0,0.0,1.0,-5.18,-5.96
EVT_00800,21.77655,86.35608,2,NATURAL_FOREST_WILDFIRE,Similipal Tiger Reserve (Odisha),TRAIN,FSI Wildfire Incident Database,0.98,True,False,72.27,343.21,320.14,848.2,148.57,23.07,106.7,2.0,0.0,218.03,1.0,0.0,0.0,0.0,0.032646424540357113,0.029381782086321404,1.0,25.0,10.0,4.73,2.0,0.0,0.0,1.0,-5.18,-5.96
EVT_00801,21.8505,86.36885,2,NATURAL_FOREST_WILDFIRE,Similipal Tiger Reserve (Odisha),TRAIN,FSI Wildfire Incident Database,0.98,True,False,141.23,358.81,323.04,849.4,258.67,35.76,101.37,2.0,0.0,209.78,0.998,0.0,0.0,0.0,0.049251502034103105,0.04432635183069279,0.0,25.0,10.0,11.62,10.0,0.0,0.0,1.0,-5.18,-5.96
EVT_00802,21.82853,86.31746,2,NATURAL_FOREST_WILDFIRE,Similipal Tiger Reserve (Odisha),TRAIN,FSI Wildfire Incident Database,0.98,True,False,125.14,342.94,328.3,848.1,147.14,14.63,103.3,2.0,0.0,212.42,1.0,0.0,0.0,0.0,0.055269112016973466,0.04974220081527612,0.0,25.0,10.0,10.01,10.0,0.0,0.0,1.0,-5.18,-5.96
EVT_00803,21.83794,86.26847,2,NATURAL_FOREST_WILDFIRE,Similipal Tiger Reserve (Odisha),TRAIN,FSI Wildfire Incident Database,0.98,True,False,38.88,331.03,317.48,845.2,90.1,13.55,102.04,2.0,0.0,211.71,0.98,0.0,0.0,0.0,0.11469028994605168,0.10322126095144651,0.0,25.0,10.0,1.39,7.0,0.0,0.0,1.0,-5.18,-5.96
EVT_00804,21.82995,86.34712,2,NATURAL_FOREST_WILDFIRE,Similipal Tiger Reserve (Odisha),TRAIN,FSI Wildfire Incident Database,0.98,True,False,91.95,340.09,322.39,847.7,131.65,17.7,103.4,2.0,0.0,212.13,1.0,0.0,0.0,0.0,0.09057590510369848,0.08151831459332863,1.0,25.0,10.0,6.7,2.0,0.0,0.0,1.0,-5.18,-5.96
EVT_00805,21.87766,86.35193,2,NATURAL_FOREST_WILDFIRE,Similipal Tiger Reserve (Odisha),TRAIN,FSI Wildfire Incident Database,0.98,True,True,101.69,330.84,310.49,845.1,89.3,20.36,98.17,2.0,0.0,206.82,0.994,0.0,0.0,0.0,0.020024100468513457,0.01802169042166211,0.0,25.0,10.0,7.67,5.0,0.8546,0.6653,0.4281,-5.18,-5.96
EVT_00806,21.87275,86.29017,2,NATURAL_FOREST_WILDFIRE,Similipal Tiger Reserve (Odisha),TRAIN,FSI Wildfire Incident Database,0.98,True,False,73.72,348.75,313.75,848.8,182.41,35.0,98.24,2.0,0.0,207.69,1.0,0.0,0.0,0.0,0.10587520256091838,0.09528768230482655,1.0,25.0,10.0,4.87,8.0,0.0,0.0,1.0,-5.18,-5.96
EVT_00807,21.83978,86.32971,2,NATURAL_FOREST_WILDFIRE,Similipal Tiger Reserve (Odisha),TRAIN,FSI Wildfire Incident Database,0.98,True,True,54.03,341.74,318.59,848.0,140.39,23.15,102.15,2.0,0.0,211.11,1.0,0.0,0.0,0.0,0.08667088553964566,0.0780037969856811,0.0,25.0,10.0,2.9,5.0,0.8596,0.6562,0.4403,-5.18,-5.96
EVT_00808,21.83508,86.4041,2,NATURAL_FOREST_WILDFIRE,Similipal Tiger Reserve (Odisha),TRAIN,FSI Wildfire Incident Database,0.98,True,False,108.85,338.27,321.22,500.0,2966.75,17.05,101.74,2.0,0.0,211.45,0.892,0.001,0.0,0.0,0.07057728338692108,0.06351955504822898,0.0,25.0,10.0,8.39,3.0,0.0,0.0,1.0,-5.18,-5.96
EVT_00809,21.85396,86.35235,2,NATURAL_FOREST_WILDFIRE,Similipal Tiger Reserve (Odisha),TRAIN,FSI Wildfire Incident Database,0.98,True,True,144.78,341.43,310.75,847.9,138.51,30.68,100.8,2.0,0.0,209.45,1.0,0.0,0.0,0.0,0.07272551499506771,0.06545296349556094,1.0,25.0,10.0,11.98,8.0,0.8508,0.6101,0.4354,-5.18,-5.96
EVT_00810,21.85023,86.26911,2,NATURAL_FOREST_WILDFIRE,Similipal Tiger Reserve (Odisha),TRAIN,FSI Wildfire Incident Database,0.98,True,False,104.49,340.97,322.94,847.8,136.29,18.03,100.67,2.0,0.0,210.35,0.858,0.013,0.0,0.0,0.06039762833030835,0.054357865497277516,1.0,25.0,10.0,7.95,11.0,0.0,0.0,1.0,-5.18,-5.96
EVT_00811,21.84242,86.27004,2,NATURAL_FOREST_WILDFIRE,Similipal Tiger Reserve (Odisha),TRAIN,FSI Wildfire Incident Database,0.98,True,False,77.23,334.95,328.49,846.5,106.8,6.47,101.54,2.0,0.0,211.2,1.0,0.0,0.0,0.0,0.05880987353441571,0.05292888618097414,0.0,25.0,10.0,5.22,11.0,0.0,0.0,1.0,-5.18,-5.96
EVT_00812,21.84328,86.2907,2,NATURAL_FOREST_WILDFIRE,Similipal Tiger Reserve (Odisha),TRAIN,FSI Wildfire Incident Database,0.98,True,False,44.3,359.78,312.58,1500.0,34.74,47.2,101.51,2.0,0.0,210.95,1.0,0.0,0.0,0.0,0.07036917612374446,0.06333225851137002,0.0,25.0,10.0,1.93,2.0,0.0,0.0,1.0,-5.18,-5.96
EVT_00813,21.91752,86.34369,2,NATURAL_FOREST_WILDFIRE,Similipal Tiger Reserve (Odisha),TRAIN,FSI Wildfire Incident Database,0.98,True,False,89.1,352.51,314.38,849.1,208.48,38.13,93.67,2.0,0.0,202.43,1.0,0.0,0.0,0.0,0.06841844983225967,0.061576604849033705,1.0,25.0,10.0,6.41,9.0,0.0,0.0,1.0,-5.18,-5.96
EVT_00814,21.88348,86.4176,2,NATURAL_FOREST_WILDFIRE,Similipal Tiger Reserve (Odisha),TRAIN,FSI Wildfire Incident Database,0.98,True,False,129.5,341.93,319.01,500.0,3437.41,22.92,98.49,2.0,0.0,206.08,0.008,0.636,0.0,0.0,0.06523140350513354,0.05870826315462019,0.0,25.0,10.0,10.45,11.0,0.0,0.0,1.0,-5.18,-5.96
EVT_00815,21.90061,86.34119,2,NATURAL_FOREST_WILDFIRE,Similipal Tiger Reserve (Odisha),TRAIN,FSI Wildfire Incident Database,0.98,True,False,43.37,329.01,321.43,844.3,82.32,7.57,95.52,2.0,0.0,204.31,1.0,0.0,0.0,0.0,0.022819134044722217,0.020537220640249997,0.0,25.0,10.0,1.84,14.0,0.0,0.0,1.0,-5.18,-5.96
EVT_00816,21.91669,86.30836,2,NATURAL_FOREST_WILDFIRE,Similipal Tiger Reserve (Odisha),TRAIN,FSI Wildfire Incident Database,0.98,True,False,58.91,340.48,321.84,847.7,133.67,18.64,93.46,2.0,0.0,202.7,0.445,0.334,0.0,0.0,0.07171179308569195,0.06454061377712275,1.0,25.0,10.0,3.39,5.0,0.0,0.0,1.0,-5.18,-5.96
EVT_00817,21.83698,86.34196,2,NATURAL_FOREST_WILDFIRE,Similipal Tiger Reserve (Odisha),TRAIN,FSI Wildfire Incident Database,0.98,True,False,133.03,341.58,325.78,847.9,139.62,15.81,102.57,2.0,0.0,211.37,1.0,0.0,0.0,0.0,0.07839265391977412,0.07055338852779672,0.0,25.0,10.0,10.8,2.0,0.0,0.0,1.0,-5.18,-5.96
EVT_00818,21.85411,86.31859,2,NATURAL_FOREST_WILDFIRE,Similipal Tiger Reserve (Odisha),TRAIN,FSI Wildfire Incident Database,0.98,True,True,70.33,345.51,317.23,848.5,162.04,28.28,100.47,2.0,0.0,209.58,1.0,0.0,0.0,0.0,0.0660868735269652,0.05947818617426868,1.0,25.0,10.0,4.53,8.0,0.8495,0.5821,0.4434,-5.18,-5.96
EVT_00819,21.8835,86.37126,2,NATURAL_FOREST_WILDFIRE,Similipal Tiger Reserve (Odisha),TRAIN,FSI Wildfire Incident Database,0.98,True,False,40.8,364.89,312.97,1500.0,40.97,51.92,97.76,2.0,0.0,206.12,1.0,0.0,0.0,0.0,0.08239595094320143,0.07415635584888129,1.0,25.0,10.0,1.58,7.0,0.0,0.0,1.0,-5.18,-5.96
EVT_00820,21.83135,86.33038,2,NATURAL_FOREST_WILDFIRE,Similipal Tiger Reserve (Odisha),TRAIN,FSI Wildfire Incident Database,0.98,True,False,64.91,351.42,311.48,849.0,200.56,39.94,103.09,2.0,0.0,212.04,1.0,0.0,0.0,0.0,0.04805278218554009,0.04324750396698608,1.0,25.0,10.0,3.99,4.0,0.0,0.0,1.0,-5.18,-5.96
EVT_00821,21.76084,86.37757,2,NATURAL_FOREST_WILDFIRE,Similipal Tiger Reserve (Odisha),TRAIN,FSI Wildfire Incident Database,0.98,True,False,126.24,348.84,309.29,848.8,182.84,39.56,106.08,2.0,0.0,219.72,1.0,0.0,0.0,0.0,0.06109329049627582,0.05498396144664824,1.0,25.0,10.0,10.12,8.0,0.0,0.0,1.0,-5.18,-5.96
EVT_00822,21.9317,86.29029,2,NATURAL_FOREST_WILDFIRE,Similipal Tiger Reserve (Odisha),TRAIN,FSI Wildfire Incident Database,0.98,True,False,129.53,333.43,319.61,846.0,100.04,13.82,91.69,2.0,0.0,201.16,0.952,0.0,0.0,0.002,0.047592829795006286,0.042833546815505656,1.0,25.0,10.0,10.45,12.0,0.0,0.0,1.0,-5.18,-5.96
EVT_00823,21.85039,86.36056,2,NATURAL_FOREST_WILDFIRE,Similipal Tiger Reserve (Odisha),TRAIN,FSI Wildfire Incident Database,0.98,True,False,94.51,338.48,319.21,847.4,123.41,19.27,101.28,2.0,0.0,209.82,1.0,0.0,0.0,0.0,0.11916861403927355,0.1072517526353462,1.0,25.0,10.0,6.95,13.0,0.0,0.0,1.0,-5.18,-5.96
EVT_00824,21.80258,86.29651,2,NATURAL_FOREST_WILDFIRE,Similipal Tiger Reserve (Odisha),TRAIN,FSI Wildfire Incident Database,0.98,True,False,94.75,340.6,308.08,847.8,134.04,32.52,106.06,2.0,0.0,215.42,0.596,0.371,0.0,0.0,0.06713664844078435,0.06042298359670591,0.0,25.0,10.0,6.97,10.0,0.0,0.0,1.0,-5.18,-5.96
EVT_00825,21.94741,86.33161,2,NATURAL_FOREST_WILDFIRE,Similipal Tiger Reserve (Odisha),TRAIN,FSI Wildfire Incident Database,0.98,True,False,98.12,336.23,332.12,846.8,112.67,4.11,90.24,2.0,0.0,199.17,0.26,0.579,0.0,0.0,0.03764119104278862,0.03387707193850976,1.0,25.0,10.0,7.31,8.0,0.0,0.0,1.0,-5.18,-5.96
EVT_00826,21.83002,86.30421,2,NATURAL_FOREST_WILDFIRE,Similipal Tiger Reserve (Odisha),TRAIN,FSI Wildfire Incident Database,0.98,True,False,126.79,326.63,316.75,843.0,73.72,9.88,103.05,2.0,0.0,212.33,1.0,0.0,0.0,0.0,0.08359395767414336,0.07523456190672903,1.0,25.0,10.0,10.18,7.0,0.0,0.0,1.0,-5.18,-5.96
EVT_00827,21.83982,86.30417,2,NATURAL_FOREST_WILDFIRE,Similipal Tiger Reserve (Odisha),TRAIN,FSI Wildfire Incident Database,0.98,True,False,134.33,326.55,311.14,843.0,73.4,15.41,101.97,2.0,0.0,211.25,1.0,0.0,0.0,0.0,0.06563168205509623,0.059068513849586606,0.0,25.0,10.0,10.93,14.0,0.0,0.0,1.0,-5.18,-5.96
EVT_00828,21.81865,86.33107,2,NATURAL_FOREST_WILDFIRE,Similipal Tiger Reserve (Odisha),TRAIN,FSI Wildfire Incident Database,0.98,True,False,124.34,352.61,328.01,849.1,209.66,24.6,104.5,2.0,0.0,213.45,1.0,0.0,0.0,0.0,0.11377046153793675,0.10239341538414308,1.0,25.0,10.0,9.93,10.0,0.0,0.0,1.0,-5.18,-5.96
EVT_00829,21.85806,86.34495,2,NATURAL_FOREST_WILDFIRE,Similipal Tiger Reserve (Odisha),TRAIN,FSI Wildfire Incident Database,0.98,True,True,66.9,346.48,318.22,848.6,167.99,28.26,100.27,2.0,0.0,209.02,1.0,0.0,0.0,0.0,0.10584702525982628,0.09526232273384366,1.0,25.0,10.0,4.19,2.0,0.8478,0.6043,0.4657,-5.18,-5.96
EVT_00830,21.85633,86.35145,2,NATURAL_FOREST_WILDFIRE,Similipal Tiger Reserve (Odisha),TRAIN,FSI Wildfire Incident Database,0.98,True,True,40.76,341.77,316.91,848.0,140.51,24.86,100.53,2.0,0.0,209.19,1.0,0.0,0.0,0.0,0.07438779211611175,0.06694901290450057,0.0,25.0,10.0,1.58,13.0,0.871,0.6281,0.4298,-5.18,-5.96
EVT_00831,21.87524,86.30222,2,NATURAL_FOREST_WILDFIRE,Similipal Tiger Reserve (Odisha),TRAIN,FSI Wildfire Incident Database,0.98,True,False,156.01,346.52,314.68,848.6,168.12,31.83,98.02,2.0,0.0,207.33,1.0,0.0,0.0,0.0,0.09795528687952616,0.08815975819157355,0.0,25.0,10.0,13.1,5.0,0.0,0.0,1.0,-5.18,-5.96
EVT_00832,21.79688,86.33935,2,NATURAL_FOREST_WILDFIRE,Similipal Tiger Reserve (Odisha),TRAIN,FSI Wildfire Incident Database,0.98,True,False,142.85,343.16,316.27,848.2,148.21,26.89,106.99,2.0,0.0,215.83,1.0,0.0,0.0,0.0,0.0362902654477394,0.03266123890296546,1.0,25.0,10.0,11.78,14.0,0.0,0.0,1.0,-5.18,-5.96
EVT_00833,21.90303,86.32228,2,NATURAL_FOREST_WILDFIRE,Similipal Tiger Reserve (Odisha),TRAIN,FSI Wildfire Incident Database,0.98,True,False,84.37,343.71,321.17,848.2,151.44,22.54,95.08,2.0,0.0,204.14,0.954,0.001,0.0,0.0,0.04540310177989859,0.040862791601908734,1.0,25.0,10.0,5.94,11.0,0.0,0.0,1.0,-5.18,-5.96
EVT_00834,21.84481,86.39028,2,NATURAL_FOREST_WILDFIRE,Similipal Tiger Reserve (Odisha),TRAIN,FSI Wildfire Incident Database,0.98,True,False,118.74,335.1,314.98,846.5,107.32,20.12,102.29,2.0,0.0,210.38,1.0,0.0,0.0,0.0,0.020040154402533986,0.01803613896228059,1.0,25.0,10.0,9.37,7.0,0.0,0.0,1.0,-5.18,-5.96
EVT_00835,21.79042,86.26338,2,NATURAL_FOREST_WILDFIRE,Similipal Tiger Reserve (Odisha),TRAIN,FSI Wildfire Incident Database,0.98,True,False,130.45,334.72,327.45,846.4,105.76,7.27,104.51,2.0,0.0,217.01,1.0,0.0,0.0,0.0,0.11925977185816601,0.10733379467234941,1.0,25.0,10.0,10.55,10.0,0.0,0.0,1.0,-5.18,-5.96
EVT_00836,21.8164,86.34829,2,NATURAL_FOREST_WILDFIRE,Similipal Tiger Reserve (Odisha),TRAIN,FSI Wildfire Incident Database,0.98,True,False,70.44,369.81,319.4,1500.0,47.73,50.41,104.91,2.0,0.0,213.63,1.0,0.0,0.0,0.0,0.11484251555414927,0.10335826399873435,1.0,25.0,10.0,4.54,6.0,0.0,0.0,1.0,-5.18,-5.96
EVT_00837,21.86195,86.34895,2,NATURAL_FOREST_WILDFIRE,Similipal Tiger Reserve (Odisha),TRAIN,FSI Wildfire Incident Database,0.98,True,True,108.46,343.65,315.2,848.2,151.0,28.44,99.88,2.0,0.0,208.57,1.0,0.0,0.0,0.0,0.1095792872894706,0.09862135856052354,1.0,25.0,10.0,8.35,12.0,0.845,0.6171,0.4602,-5.18,-5.96
EVT_00838,21.90868,86.28254,2,NATURAL_FOREST_WILDFIRE,Similipal Tiger Reserve (Odisha),TRAIN,FSI Wildfire Incident Database,0.98,True,False,69.34,340.24,312.79,847.7,132.25,27.45,94.21,2.0,0.0,203.77,0.999,0.0,0.0,0.0,0.1087751524671688,0.09789763722045193,0.0,25.0,10.0,4.43,5.0,0.0,0.0,1.0,-5.18,-5.96
EVT_00839,21.89045,86.29537,2,NATURAL_FOREST_WILDFIRE,Similipal Tiger Reserve (Odisha),TRAIN,FSI Wildfire Incident Database,0.98,True,False,53.93,319.6,315.45,548.2,597.02,4.15,96.3,2.0,0.0,205.69,1.0,0.0,0.0,0.0,0.06418490344777325,0.05776641310299593,1.0,25.0,10.0,2.89,12.0,0.0,0.0,1.0,-5.18,-5.96
EVT_00840,21.83947,86.32349,2,NATURAL_FOREST_WILDFIRE,Similipal Tiger Reserve (Odisha),TRAIN,FSI Wildfire Incident Database,0.98,True,True,153.61,335.43,327.87,524.0,1847.33,7.56,102.13,2.0,0.0,211.18,1.0,0.0,0.0,0.0,0.044599974030679515,0.04013997662761157,1.0,25.0,10.0,12.86,10.0,0.8426,0.561,0.4769,-5.18,-5.96
EVT_00841,23.67376,81.0046,2,NATURAL_FOREST_WILDFIRE,Bandhavgarh Reserve (MP),TRAIN,FSI Wildfire Database,0.98,False,False,117.7,347.31,321.81,848.7,173.29,25.5,38.82,2.0,0.0,193.87,0.0,0.0,0.0,0.0,0.04363365902687512,0.03927029312418761,0.0,25.0,10.0,9.27,10.0,0.0,0.0,1.0,-3.48,-8.62
EVT_00842,23.72103,80.97946,2,NATURAL_FOREST_WILDFIRE,Bandhavgarh Reserve (MP),TRAIN,FSI Wildfire Database,0.98,False,False,88.1,337.76,323.17,558.1,1293.95,14.6,44.31,2.0,0.0,195.04,0.0,0.0,0.0,0.0,0.032818511029909785,0.029536659926918805,0.0,25.0,10.0,6.31,7.0,0.0,0.0,1.0,-3.48,-8.62
EVT_00843,23.78479,81.01084,2,NATURAL_FOREST_WILDFIRE,Bandhavgarh Reserve (MP),TRAIN,FSI Wildfire Database,0.98,False,False,40.28,340.45,320.22,847.7,133.52,20.24,50.13,2.0,0.0,189.85,0.0,0.0,0.0,0.0,0.06962951255006397,0.06266656129505757,1.0,25.0,10.0,1.53,11.0,0.0,0.0,1.0,-3.48,-8.62
EVT_00844,23.72784,81.00141,2,NATURAL_FOREST_WILDFIRE,Bandhavgarh Reserve (MP),TRAIN,FSI Wildfire Database,0.98,False,False,123.25,347.0,313.85,848.6,171.1,33.14,44.84,2.0,0.0,192.49,0.0,0.0,0.0,0.0,0.043419905978809015,0.03907791538092811,0.0,25.0,10.0,9.82,13.0,0.0,0.0,1.0,-3.48,-8.62
EVT_00845,23.7612,81.02479,2,NATURAL_FOREST_WILDFIRE,Bandhavgarh Reserve (MP),TRAIN,FSI Wildfire Database,0.98,False,False,96.66,321.26,316.19,538.0,752.96,5.07,48.44,2.0,0.0,189.0,0.0,0.0,0.0,0.0,0.0779129804035049,0.07012168236315441,0.0,25.0,10.0,7.17,12.0,0.0,0.0,1.0,-3.48,-8.62
EVT_00846,23.75861,81.07047,2,NATURAL_FOREST_WILDFIRE,Bandhavgarh Reserve (MP),TRAIN,FSI Wildfire Database,0.98,False,False,50.12,343.97,313.79,848.3,152.82,30.18,48.3,2.0,0.0,184.18,0.0,0.0,0.0,0.0,0.027869767519539904,0.025082790767585916,1.0,25.0,10.0,2.51,5.0,0.0,0.0,1.0,-3.48,-8.62
EVT_00847,23.74877,80.98094,2,NATURAL_FOREST_WILDFIRE,Bandhavgarh Reserve (MP),TRAIN,FSI Wildfire Database,0.98,False,False,132.24,342.18,328.0,848.0,142.91,14.18,47.36,2.0,0.0,194.06,0.0,0.0,0.0,0.0,0.10413397190060482,0.09372057471054433,1.0,25.0,10.0,10.72,3.0,0.0,0.0,1.0,-3.48,-8.62
EVT_00848,23.69727,81.01021,2,NATURAL_FOREST_WILDFIRE,Bandhavgarh Reserve (MP),TRAIN,FSI Wildfire Database,0.98,False,False,38.09,358.75,313.27,1500.0,33.58,45.48,41.4,2.0,0.0,192.5,0.0,0.0,0.0,0.0,0.10102591305172869,0.09092332174655582,1.0,25.0,10.0,1.31,13.0,0.0,0.0,1.0,-3.48,-8.62
EVT_00849,23.74722,81.04081,2,NATURAL_FOREST_WILDFIRE,Bandhavgarh Reserve (MP),TRAIN,FSI Wildfire Database,0.98,False,False,113.25,331.92,323.35,845.5,93.76,8.58,46.89,2.0,0.0,187.69,0.0,0.0,0.0,0.0,0.03505445880622247,0.03154901292560022,1.0,25.0,10.0,8.82,6.0,0.0,0.0,1.0,-3.48,-8.62
EVT_00850,23.7342,81.11175,2,NATURAL_FOREST_WILDFIRE,Bandhavgarh Reserve (MP),TRAIN,FSI Wildfire Database,0.98,False,False,43.9,323.17,317.73,500.0,1451.24,5.44,46.13,2.0,0.0,180.53,0.0,0.0,0.0,0.0,0.02895201967968423,0.026056817711715807,1.0,25.0,10.0,1.89,14.0,0.0,0.0,1.0,-3.48,-8.62
EVT_00851,23.74523,81.00092,2,NATURAL_FOREST_WILDFIRE,Bandhavgarh Reserve (MP),TRAIN,FSI Wildfire Database,0.98,False,False,73.1,368.35,313.03,1500.0,45.62,55.32,46.78,2.0,0.0,192.02,0.0,0.0,0.0,0.0,0.03818084656669497,0.03436276191002548,0.0,25.0,10.0,4.81,11.0,0.0,0.0,1.0,-3.48,-8.62
EVT_00852,23.68458,81.09335,2,NATURAL_FOREST_WILDFIRE,Bandhavgarh Reserve (MP),TRAIN,FSI Wildfire Database,0.98,False,False,53.56,346.78,312.59,715.0,400.18,34.2,40.38,2.0,0.0,184.12,0.0,0.0,0.0,0.0,0.07543007058479526,0.06788706352631574,1.0,25.0,10.0,2.86,13.0,0.0,0.0,1.0,-3.48,-8.62
EVT_00853,23.75788,80.97596,2,NATURAL_FOREST_WILDFIRE,Bandhavgarh Reserve (MP),TRAIN,FSI Wildfire Database,0.98,False,False,92.51,330.85,322.8,845.1,89.44,8.05,48.42,2.0,0.0,194.34,0.0,0.0,0.0,0.0,0.03934472280119375,0.035410250521074375,0.0,25.0,10.0,6.75,13.0,0.0,0.0,1.0,-3.48,-8.62
EVT_00854,23.72255,81.0628,2,NATURAL_FOREST_WILDFIRE,Bandhavgarh Reserve (MP),TRAIN,FSI Wildfire Database,0.98,False,False,129.2,339.58,325.5,847.6,129.04,14.08,44.24,2.0,0.0,186.1,0.0,0.0,0.0,0.0,0.11556394617234216,0.10400755155510794,1.0,25.0,10.0,10.42,8.0,0.0,0.0,1.0,-3.48,-8.62
EVT_00855,23.66338,81.03333,2,NATURAL_FOREST_WILDFIRE,Bandhavgarh Reserve (MP),TRAIN,FSI Wildfire Database,0.98,False,False,102.05,334.64,319.61,846.4,105.35,15.04,37.56,2.0,0.0,191.19,0.0,0.0,0.0,0.0,0.06371481050450346,0.05734332945405312,0.0,25.0,10.0,7.71,9.0,0.0,0.0,1.0,-3.48,-8.62
EVT_00856,23.68806,81.01978,2,NATURAL_FOREST_WILDFIRE,Bandhavgarh Reserve (MP),TRAIN,FSI Wildfire Database,0.98,False,False,159.54,341.31,318.98,847.9,138.05,22.33,40.33,2.0,0.0,191.79,0.0,0.0,0.0,0.0,0.10455511954968995,0.09409960759472095,1.0,25.0,10.0,13.45,12.0,0.0,0.0,1.0,-3.48,-8.62
EVT_00857,23.67133,80.96935,2,NATURAL_FOREST_WILDFIRE,Bandhavgarh Reserve (MP),TRAIN,FSI Wildfire Database,0.98,False,False,116.35,351.91,316.1,849.1,204.2,35.81,38.99,2.0,0.0,197.68,0.0,0.0,0.0,0.0,0.08141688503188926,0.07327519652870033,0.0,25.0,10.0,9.13,14.0,0.0,0.0,1.0,-3.48,-8.62
EVT_00858,23.67598,80.98234,2,NATURAL_FOREST_WILDFIRE,Bandhavgarh Reserve (MP),TRAIN,FSI Wildfire Database,0.98,False,False,122.35,342.5,316.4,848.1,144.49,26.09,39.3,2.0,0.0,196.15,0.0,0.0,0.0,0.0,0.10538659935252034,0.09484793941726831,0.0,25.0,10.0,9.74,10.0,0.0,0.0,1.0,-3.48,-8.62
EVT_00859,23.71468,81.05711,2,NATURAL_FOREST_WILDFIRE,Bandhavgarh Reserve (MP),TRAIN,FSI Wildfire Database,0.98,False,False,89.93,333.96,316.06,846.2,102.29,17.9,43.33,2.0,0.0,186.96,0.0,0.0,0.0,0.0,0.06963227712843788,0.06266904941559409,1.0,25.0,10.0,6.49,2.0,0.0,0.0,1.0,-3.48,-8.62
EVT_00860,23.72614,81.02741,2,NATURAL_FOREST_WILDFIRE,Bandhavgarh Reserve (MP),TRAIN,FSI Wildfire Database,0.98,False,False,68.96,333.95,320.62,846.2,102.33,13.33,44.54,2.0,0.0,189.76,0.0,0.0,0.0,0.0,0.04127269661302731,0.037145426951724576,1.0,25.0,10.0,4.4,2.0,0.0,0.0,1.0,-3.48,-8.62
EVT_00861,23.70605,81.03702,2,NATURAL_FOREST_WILDFIRE,Bandhavgarh Reserve (MP),TRAIN,FSI Wildfire Database,0.98,False,False,139.11,346.55,327.95,848.6,168.62,18.6,42.31,2.0,0.0,189.37,0.0,0.0,0.0,0.0,0.032508890983640355,0.02925800188527632,0.0,25.0,10.0,11.41,3.0,0.0,0.0,1.0,-3.48,-8.62
EVT_00862,23.74493,80.98225,2,NATURAL_FOREST_WILDFIRE,Bandhavgarh Reserve (MP),TRAIN,FSI Wildfire Database,0.98,False,False,105.18,346.6,316.36,848.6,168.66,30.24,46.92,2.0,0.0,194.03,0.0,0.0,0.0,0.0,0.03859336408743846,0.034734027678694615,0.0,25.0,10.0,8.02,14.0,0.0,0.0,1.0,-3.48,-8.62
EVT_00863,23.76133,81.03411,2,NATURAL_FOREST_WILDFIRE,Bandhavgarh Reserve (MP),TRAIN,FSI Wildfire Database,0.98,False,False,133.37,333.3,314.02,846.0,99.44,19.28,48.45,2.0,0.0,188.0,0.0,0.0,0.0,0.0,0.025638185385323156,0.02307436684679084,1.0,25.0,10.0,10.84,10.0,0.0,0.0,1.0,-3.48,-8.62
EVT_00864,23.73137,81.02391,2,NATURAL_FOREST_WILDFIRE,Bandhavgarh Reserve (MP),TRAIN,FSI Wildfire Database,0.98,False,False,140.75,333.38,322.73,846.0,99.87,10.65,45.13,2.0,0.0,189.98,0.0,0.0,0.0,0.0,0.0627505703713366,0.05647551333420295,0.0,25.0,10.0,11.57,6.0,0.0,0.0,1.0,-3.48,-8.62
EVT_00865,23.70978,81.00587,2,NATURAL_FOREST_WILDFIRE,Bandhavgarh Reserve (MP),TRAIN,FSI Wildfire Database,0.98,False,False,122.66,353.16,318.0,849.1,213.41,35.16,42.81,2.0,0.0,192.57,0.0,0.0,0.0,0.0,0.0989040604202047,0.08901365437818423,1.0,25.0,10.0,9.77,11.0,0.0,0.0,1.0,-3.48,-8.62
EVT_00866,23.7015,81.04948,2,NATURAL_FOREST_WILDFIRE,Bandhavgarh Reserve (MP),TRAIN,FSI Wildfire Database,0.98,False,False,87.24,344.93,320.24,500.0,3867.25,24.68,41.83,2.0,0.0,188.2,0.0,0.0,0.0,0.0,0.09484063444050378,0.0853565709964534,1.0,25.0,10.0,6.22,2.0,0.0,0.0,1.0,-3.48,-8.62
EVT_00867,23.69492,81.04834,2,NATURAL_FOREST_WILDFIRE,Bandhavgarh Reserve (MP),TRAIN,FSI Wildfire Database,0.98,False,False,153.21,346.78,322.29,500.0,4156.62,24.49,41.1,2.0,0.0,188.53,0.0,0.0,0.0,0.0,0.0608927235756672,0.05480345121810048,1.0,25.0,10.0,12.82,9.0,0.0,0.0,1.0,-3.48,-8.62
EVT_00868,23.66162,81.02732,2,NATURAL_FOREST_WILDFIRE,Bandhavgarh Reserve (MP),TRAIN,FSI Wildfire Database,0.98,False,False,64.13,346.28,327.8,848.6,166.91,18.47,37.37,2.0,0.0,191.88,0.0,0.0,0.0,0.0,0.07736278579429078,0.0696265072148617,1.0,25.0,10.0,3.91,4.0,0.0,0.0,1.0,-3.48,-8.62
EVT_00869,23.66936,81.06405,2,NATURAL_FOREST_WILDFIRE,Bandhavgarh Reserve (MP),TRAIN,FSI Wildfire Database,0.98,False,False,77.75,334.77,310.25,846.4,105.81,24.52,38.35,2.0,0.0,187.74,0.0,0.0,0.0,0.0,0.10322391067084415,0.09290151960375974,0.0,25.0,10.0,5.28,13.0,0.0,0.0,1.0,-3.48,-8.62
EVT_00870,23.7162,81.00676,2,NATURAL_FOREST_WILDFIRE,Bandhavgarh Reserve (MP),TRAIN,FSI Wildfire Database,0.98,False,False,128.29,331.52,318.7,845.4,92.08,12.82,43.52,2.0,0.0,192.27,0.0,0.0,0.0,0.0,0.02083547041721386,0.018751923375492474,0.0,25.0,10.0,10.33,12.0,0.0,0.0,1.0,-3.48,-8.62
EVT_00871,23.71927,81.04661,2,NATURAL_FOREST_WILDFIRE,Bandhavgarh Reserve (MP),TRAIN,FSI Wildfire Database,0.98,False,False,81.39,354.41,321.84,849.2,223.0,32.57,43.79,2.0,0.0,187.93,0.0,0.0,0.0,0.0,0.09201016545391412,0.08280914890852271,1.0,25.0,10.0,5.64,12.0,0.0,0.0,1.0,-3.48,-8.62
EVT_00872,23.7897,81.03375,2,NATURAL_FOREST_WILDFIRE,Bandhavgarh Reserve (MP),TRAIN,FSI Wildfire Database,0.98,False,False,100.23,356.31,315.15,1500.0,30.95,41.16,51.6,2.0,0.0,187.25,0.0,0.0,0.0,0.0,0.02741761955943122,0.0246758576034881,0.0,25.0,10.0,7.52,8.0,0.0,0.0,1.0,-3.48,-8.62
EVT_00873,23.70337,81.06107,2,NATURAL_FOREST_WILDFIRE,Bandhavgarh Reserve (MP),TRAIN,FSI Wildfire Database,0.98,False,False,73.07,348.88,313.63,500.0,4441.35,35.25,42.1,2.0,0.0,186.91,0.0,0.0,0.0,0.0,0.037603968215497066,0.033843571393947364,1.0,25.0,10.0,4.81,2.0,0.0,0.0,1.0,-3.48,-8.62
EVT_00874,23.73525,81.03952,2,NATURAL_FOREST_WILDFIRE,Bandhavgarh Reserve (MP),TRAIN,FSI Wildfire Database,0.98,False,False,110.31,343.73,319.19,848.3,151.52,24.53,45.56,2.0,0.0,188.19,0.0,0.0,0.0,0.0,0.04958227185818631,0.044624044672367684,1.0,25.0,10.0,8.53,7.0,0.0,0.0,1.0,-3.48,-8.62
EVT_00875,23.70028,81.01884,2,NATURAL_FOREST_WILDFIRE,Bandhavgarh Reserve (MP),TRAIN,FSI Wildfire Database,0.98,False,False,150.78,337.74,318.73,847.2,119.76,19.01,41.69,2.0,0.0,191.49,0.0,0.0,0.0,0.0,0.11616312566253069,0.10454681309627763,0.0,25.0,10.0,12.58,9.0,0.0,0.0,1.0,-3.48,-8.62
EVT_00876,23.67879,81.02792,2,NATURAL_FOREST_WILDFIRE,Bandhavgarh Reserve (MP),TRAIN,FSI Wildfire Database,0.98,False,False,116.33,343.24,327.78,848.2,148.87,15.46,39.28,2.0,0.0,191.23,0.0,0.0,0.0,0.0,0.10896874125716649,0.09807186713144984,1.0,25.0,10.0,9.13,3.0,0.0,0.0,1.0,-3.48,-8.62
EVT_00877,23.72662,80.98664,2,NATURAL_FOREST_WILDFIRE,Bandhavgarh Reserve (MP),TRAIN,FSI Wildfire Database,0.98,False,False,145.8,342.31,315.11,848.0,143.43,27.2,44.84,2.0,0.0,194.1,0.0,0.0,0.0,0.0,0.10378732701193627,0.09340859431074265,1.0,25.0,10.0,12.08,8.0,0.0,0.0,1.0,-3.48,-8.62
EVT_00878,23.7575,80.96727,2,NATURAL_FOREST_WILDFIRE,Bandhavgarh Reserve (MP),TRAIN,FSI Wildfire Database,0.98,False,False,89.79,324.31,315.06,841.5,65.93,9.25,48.49,2.0,0.0,195.28,0.0,0.0,0.0,0.0,0.04626933098800051,0.04164239788920046,0.0,25.0,10.0,6.48,2.0,0.0,0.0,1.0,-3.48,-8.62
EVT_00879,23.67006,81.02243,2,NATURAL_FOREST_WILDFIRE,Bandhavgarh Reserve (MP),TRAIN,FSI Wildfire Database,0.98,False,False,44.03,349.76,309.53,1500.0,24.59,40.24,38.32,2.0,0.0,192.11,0.0,0.0,0.0,0.0,0.034745300926617956,0.031270770833956164,0.0,25.0,10.0,1.9,14.0,0.0,0.0,1.0,-3.48,-8.62
EVT_00880,23.73785,81.03808,2,NATURAL_FOREST_WILDFIRE,Bandhavgarh Reserve (MP),TRAIN,FSI Wildfire Database,0.98,False,False,125.16,341.14,317.62,847.9,137.13,23.52,45.84,2.0,0.0,188.27,0.0,0.0,0.0,0.0,0.03564269188216191,0.03207842269394572,1.0,25.0,10.0,10.02,8.0,0.0,0.0,1.0,-3.48,-8.62
EVT_00881,23.76535,81.03982,2,NATURAL_FOREST_WILDFIRE,Bandhavgarh Reserve (MP),TRAIN,FSI Wildfire Database,0.98,False,False,69.68,321.83,318.03,839.5,58.27,3.8,48.9,2.0,0.0,187.27,0.0,0.0,0.0,0.0,0.08428020501620824,0.07585218451458742,1.0,25.0,10.0,4.47,6.0,0.0,0.0,1.0,-3.48,-8.62
EVT_00882,23.76144,80.99578,2,NATURAL_FOREST_WILDFIRE,Bandhavgarh Reserve (MP),TRAIN,FSI Wildfire Database,0.98,False,False,100.98,350.96,318.8,684.1,598.13,32.16,48.61,2.0,0.0,192.11,0.0,0.0,0.0,0.0,0.07176298283979672,0.06458668455581705,1.0,25.0,10.0,7.6,2.0,0.0,0.0,1.0,-3.48,-8.62
EVT_00883,23.80124,81.04112,2,NATURAL_FOREST_WILDFIRE,Bandhavgarh Reserve (MP),TRAIN,FSI Wildfire Database,0.98,False,False,131.01,333.83,317.8,846.2,101.75,16.02,50.11,2.0,0.0,186.14,0.0,0.0,0.0,0.0,0.09472246450885868,0.08525021805797282,0.0,25.0,10.0,10.6,7.0,0.0,0.0,1.0,-3.48,-8.62
EVT_00884,23.73868,81.07883,2,NATURAL_FOREST_WILDFIRE,Bandhavgarh Reserve (MP),TRAIN,FSI Wildfire Database,0.98,False,False,145.31,336.2,320.14,606.1,696.85,16.06,46.17,2.0,0.0,183.89,0.0,0.0,0.0,0.0,0.0782395508408503,0.07041559575676527,0.0,25.0,10.0,12.03,12.0,0.0,0.0,1.0,-3.48,-8.62
EVT_00885,23.77976,80.99302,2,NATURAL_FOREST_WILDFIRE,Bandhavgarh Reserve (MP),TRAIN,FSI Wildfire Database,0.98,False,False,159.59,330.49,313.52,845.0,87.96,16.97,49.03,2.0,0.0,191.9,0.0,0.0,0.0,0.0,0.09507902311797876,0.08557112080618089,1.0,25.0,10.0,13.46,9.0,0.0,0.0,1.0,-3.48,-8.62
EVT_00886,23.7742,81.03121,2,NATURAL_FOREST_WILDFIRE,Bandhavgarh Reserve (MP),TRAIN,FSI Wildfire Database,0.98,False,False,39.18,352.99,318.67,849.1,212.19,34.32,49.88,2.0,0.0,187.95,0.0,0.0,0.0,0.0,0.056675207642594004,0.0510076868783346,0.0,25.0,10.0,1.42,7.0,0.0,0.0,1.0,-3.48,-8.62
EVT_00887,23.69816,81.02402,2,NATURAL_FOREST_WILDFIRE,Bandhavgarh Reserve (MP),TRAIN,FSI Wildfire Database,0.98,False,False,52.77,345.97,313.99,848.5,164.71,31.98,41.44,2.0,0.0,191.01,0.0,0.0,0.0,0.0,0.08397752015704224,0.07557976814133802,0.0,25.0,10.0,2.78,13.0,0.0,0.0,1.0,-3.48,-8.62
EVT_00888,23.73395,81.02859,2,NATURAL_FOREST_WILDFIRE,Bandhavgarh Reserve (MP),TRAIN,FSI Wildfire Database,0.98,False,False,102.8,348.33,317.39,848.8,179.75,30.94,45.41,2.0,0.0,189.4,0.0,0.0,0.0,0.0,0.0727456463721732,0.06547108173495589,0.0,25.0,10.0,7.78,9.0,0.0,0.0,1.0,-3.48,-8.62
EVT_00889,23.6651,80.98021,2,NATURAL_FOREST_WILDFIRE,Bandhavgarh Reserve (MP),TRAIN,FSI Wildfire Database,0.98,False,False,99.56,343.58,323.16,500.0,3681.73,20.42,38.14,2.0,0.0,196.74,0.0,0.0,0.0,0.0,0.09269779195284308,0.08342801275755878,1.0,25.0,10.0,7.46,9.0,0.0,0.0,1.0,-3.48,-8.62
EVT_00890,23.68033,81.03225,2,NATURAL_FOREST_WILDFIRE,Bandhavgarh Reserve (MP),TRAIN,FSI Wildfire Database,0.98,False,False,92.92,333.94,323.31,846.2,102.3,10.63,39.44,2.0,0.0,190.72,0.0,0.0,0.0,0.0,0.07994305420276217,0.07194874878248596,0.0,25.0,10.0,6.79,13.0,0.0,0.0,1.0,-3.48,-8.62
EVT_00891,23.71458,80.9829,2,NATURAL_FOREST_WILDFIRE,Bandhavgarh Reserve (MP),TRAIN,FSI Wildfire Database,0.98,False,False,118.71,366.38,322.04,1500.0,42.95,44.34,43.56,2.0,0.0,194.87,0.0,0.0,0.0,0.0,0.11613824701437152,0.10452442231293436,1.0,25.0,10.0,9.37,3.0,0.0,0.0,1.0,-3.48,-8.62
EVT_00892,23.73618,80.97686,2,NATURAL_FOREST_WILDFIRE,Bandhavgarh Reserve (MP),TRAIN,FSI Wildfire Database,0.98,False,False,124.17,340.17,314.14,847.7,131.93,26.03,46.02,2.0,0.0,194.86,0.0,0.0,0.0,0.0,0.08594232468499162,0.07734809221649246,1.0,25.0,10.0,9.92,7.0,0.0,0.0,1.0,-3.48,-8.62
EVT_00893,23.69118,81.01115,2,NATURAL_FOREST_WILDFIRE,Bandhavgarh Reserve (MP),TRAIN,FSI Wildfire Database,0.98,False,False,123.6,342.29,327.08,848.0,143.52,15.21,40.71,2.0,0.0,192.6,0.0,0.0,0.0,0.0,0.044894352479687274,0.040404917231718546,0.0,25.0,10.0,9.86,11.0,0.0,0.0,1.0,-3.48,-8.62
EVT_00894,23.74632,80.9915,2,NATURAL_FOREST_WILDFIRE,Bandhavgarh Reserve (MP),TRAIN,FSI Wildfire Database,0.98,False,False,89.67,354.08,321.51,849.2,220.46,32.57,46.98,2.0,0.0,193.0,0.0,0.0,0.0,0.0,0.11326410625539846,0.10193769562985862,1.0,25.0,10.0,6.47,5.0,0.0,0.0,1.0,-3.48,-8.62
EVT_00895,23.71942,81.04392,2,NATURAL_FOREST_WILDFIRE,Bandhavgarh Reserve (MP),TRAIN,FSI Wildfire Database,0.98,False,False,38.05,347.32,316.9,848.7,173.21,30.42,43.8,2.0,0.0,188.21,0.0,0.0,0.0,0.0,0.0781424894869087,0.07032824053821783,1.0,25.0,10.0,1.3,13.0,0.0,0.0,1.0,-3.48,-8.62
EVT_00896,23.72411,81.03803,2,NATURAL_FOREST_WILDFIRE,Bandhavgarh Reserve (MP),TRAIN,FSI Wildfire Database,0.98,False,False,68.67,333.14,320.84,500.0,2375.19,12.29,44.31,2.0,0.0,188.69,0.0,0.0,0.0,0.0,0.10006639415253112,0.09005975473727801,1.0,25.0,10.0,4.37,11.0,0.0,0.0,1.0,-3.48,-8.62
EVT_00897,23.69489,81.00794,2,NATURAL_FOREST_WILDFIRE,Bandhavgarh Reserve (MP),TRAIN,FSI Wildfire Database,0.98,False,False,141.82,344.84,315.17,500.0,3832.37,29.67,41.14,2.0,0.0,192.82,0.0,0.0,0.0,0.0,0.04569522995084699,0.041125706955762294,0.0,25.0,10.0,11.68,10.0,0.0,0.0,1.0,-3.48,-8.62
EVT_00898,23.78306,80.97354,2,NATURAL_FOREST_WILDFIRE,Bandhavgarh Reserve (MP),TRAIN,FSI Wildfire Database,0.98,False,False,80.31,316.63,311.45,500.0,980.62,5.18,47.25,2.0,0.0,193.91,0.0,0.0,0.0,0.0,0.0786646327774925,0.07079816949974325,1.0,25.0,10.0,5.53,8.0,0.0,0.0,1.0,-3.48,-8.62
EVT_00899,23.72502,81.0505,2,NATURAL_FOREST_WILDFIRE,Bandhavgarh Reserve (MP),TRAIN,FSI Wildfire Database,0.98,False,False,86.48,330.74,310.34,845.1,88.88,20.4,44.45,2.0,0.0,187.34,0.0,0.0,0.0,0.0,0.0927579322134944,0.08348213899214496,1.0,25.0,10.0,6.15,13.0,0.0,0.0,1.0,-3.48,-8.62
EVT_00900,23.71433,81.03534,2,NATURAL_FOREST_WILDFIRE,Bandhavgarh Reserve (MP),TRAIN,FSI Wildfire Database,0.98,False,False,60.06,334.04,318.66,846.2,102.7,15.38,43.23,2.0,0.0,189.29,0.0,0.0,0.0,0.0,0.06134657667101601,0.05521191900391441,0.0,25.0,10.0,3.51,7.0,0.0,0.0,1.0,-3.48,-8.62
EVT_00901,23.79274,81.03268,2,NATURAL_FOREST_WILDFIRE,Bandhavgarh Reserve (MP),TRAIN,FSI Wildfire Database,0.98,False,False,86.39,341.05,324.19,847.8,136.71,16.86,51.3,2.0,0.0,187.28,0.0,0.0,0.0,0.0,0.04365679252111,0.039291113268999006,1.0,25.0,10.0,6.14,12.0,0.0,0.0,1.0,-3.48,-8.62
EVT_00902,23.76605,81.01493,2,NATURAL_FOREST_WILDFIRE,Bandhavgarh Reserve (MP),TRAIN,FSI Wildfire Database,0.98,False,False,96.75,352.11,319.94,500.0,5031.07,32.17,49.01,2.0,0.0,189.92,0.0,0.0,0.0,0.0,0.031846170509448185,0.028661553458503367,0.0,25.0,10.0,7.18,11.0,0.0,0.0,1.0,-3.48,-8.62
EVT_00903,23.75435,81.04343,2,NATURAL_FOREST_WILDFIRE,Bandhavgarh Reserve (MP),TRAIN,FSI Wildfire Database,0.98,False,False,87.64,341.64,308.54,847.9,139.59,33.1,47.69,2.0,0.0,187.2,0.0,0.0,0.0,0.0,0.061052278435142784,0.05494705059162851,0.0,25.0,10.0,6.26,10.0,0.0,0.0,1.0,-3.48,-8.62
EVT_00904,23.71205,81.05351,2,NATURAL_FOREST_WILDFIRE,Bandhavgarh Reserve (MP),TRAIN,FSI Wildfire Database,0.98,False,False,81.83,325.08,325.2,842.1,68.5,-0.12,43.02,2.0,0.0,187.43,0.0,0.0,0.0,0.0,0.03829353212842125,0.034464178915579124,1.0,25.0,10.0,5.68,5.0,0.0,0.0,1.0,-3.48,-8.62
EVT_00905,23.80022,81.08536,2,NATURAL_FOREST_WILDFIRE,Bandhavgarh Reserve (MP),TRAIN,FSI Wildfire Database,0.98,False,False,115.9,331.54,325.91,845.4,92.23,5.63,48.13,2.0,0.0,181.41,0.0,0.0,0.0,0.0,0.024476838868848688,0.02202915498196382,0.0,25.0,10.0,9.09,12.0,0.0,0.0,1.0,-3.48,-8.62
EVT_00906,23.72099,80.98814,2,NATURAL_FOREST_WILDFIRE,Bandhavgarh Reserve (MP),TRAIN,FSI Wildfire Database,0.98,False,False,126.48,339.66,332.25,847.6,129.52,7.41,44.21,2.0,0.0,194.11,0.0,0.0,0.0,0.0,0.058379125590684734,0.05254121303161626,1.0,25.0,10.0,10.15,6.0,0.0,0.0,1.0,-3.48,-8.62
EVT_00907,23.68199,81.00914,2,NATURAL_FOREST_WILDFIRE,Bandhavgarh Reserve (MP),TRAIN,FSI Wildfire Database,0.98,False,False,90.19,354.79,318.08,500.0,5506.34,36.71,39.71,2.0,0.0,193.11,0.0,0.0,0.0,0.0,0.0690613575898199,0.062155221830837916,1.0,25.0,10.0,6.52,14.0,0.0,0.0,1.0,-3.48,-8.62
EVT_00908,23.71831,81.02807,2,NATURAL_FOREST_WILDFIRE,Bandhavgarh Reserve (MP),TRAIN,FSI Wildfire Database,0.98,False,False,75.57,326.39,310.03,842.9,72.84,16.36,43.67,2.0,0.0,189.94,0.0,0.0,0.0,0.0,0.09816870977663973,0.08835183879897576,1.0,25.0,10.0,5.06,13.0,0.0,0.0,1.0,-3.48,-8.62
EVT_00909,23.71692,81.01265,2,NATURAL_FOREST_WILDFIRE,Bandhavgarh Reserve (MP),TRAIN,FSI Wildfire Database,0.98,False,False,45.95,350.06,315.01,500.0,4645.19,35.06,43.56,2.0,0.0,191.62,0.0,0.0,0.0,0.0,0.10056753790427041,0.09051078411384336,1.0,25.0,10.0,2.09,12.0,0.0,0.0,1.0,-3.48,-8.62
EVT_00910,23.6979,81.02184,2,NATURAL_FOREST_WILDFIRE,Bandhavgarh Reserve (MP),TRAIN,FSI Wildfire Database,0.98,False,False,49.22,335.2,319.8,500.0,2600.14,15.39,41.41,2.0,0.0,191.25,0.0,0.0,0.0,0.0,0.06109606080359033,0.0549864547232313,1.0,25.0,10.0,2.42,13.0,0.0,0.0,1.0,-3.48,-8.62
EVT_00911,23.67995,80.98036,2,NATURAL_FOREST_WILDFIRE,Bandhavgarh Reserve (MP),TRAIN,FSI Wildfire Database,0.98,False,False,113.57,334.7,319.37,846.4,105.59,15.32,39.77,2.0,0.0,196.23,0.0,0.0,0.0,0.0,0.029504024065161942,0.02655362165864575,0.0,25.0,10.0,8.86,5.0,0.0,0.0,1.0,-3.48,-8.62
EVT_00912,23.73768,81.06922,2,NATURAL_FOREST_WILDFIRE,Bandhavgarh Reserve (MP),TRAIN,FSI Wildfire Database,0.98,False,False,50.24,330.97,313.8,845.1,89.84,17.17,45.97,2.0,0.0,184.95,0.0,0.0,0.0,0.0,0.07097570669008714,0.06387813602107843,1.0,25.0,10.0,2.52,7.0,0.0,0.0,1.0,-3.48,-8.62
EVT_00913,23.78855,81.04933,2,NATURAL_FOREST_WILDFIRE,Bandhavgarh Reserve (MP),TRAIN,FSI Wildfire Database,0.98,False,False,148.05,337.91,316.14,847.2,120.52,21.77,50.94,2.0,0.0,185.6,0.0,0.0,0.0,0.0,0.11688164414833765,0.10519347973350389,1.0,25.0,10.0,12.3,11.0,0.0,0.0,1.0,-3.48,-8.62
EVT_00914,23.71448,81.03079,2,NATURAL_FOREST_WILDFIRE,Bandhavgarh Reserve (MP),TRAIN,FSI Wildfire Database,0.98,False,False,146.72,336.6,318.7,846.9,114.27,17.9,43.24,2.0,0.0,189.77,0.0,0.0,0.0,0.0,0.07298090570700541,0.06568281513630488,1.0,25.0,10.0,12.17,13.0,0.0,0.0,1.0,-3.48,-8.62
EVT_00915,23.73678,81.07109,2,NATURAL_FOREST_WILDFIRE,Bandhavgarh Reserve (MP),TRAIN,FSI Wildfire Database,0.98,False,False,64.25,347.8,318.77,848.7,176.33,29.03,45.88,2.0,0.0,184.78,0.0,0.0,0.0,0.0,0.028438794789498706,0.025594915310548836,0.0,25.0,10.0,3.93,4.0,0.0,0.0,1.0,-3.48,-8.62
EVT_00916,23.72128,81.05189,2,NATURAL_FOREST_WILDFIRE,Bandhavgarh Reserve (MP),TRAIN,FSI Wildfire Database,0.98,False,False,123.65,349.3,322.5,500.0,4563.06,26.79,44.04,2.0,0.0,187.31,0.0,0.0,0.0,0.0,0.040033982109644234,0.03603058389867981,0.0,25.0,10.0,9.86,12.0,0.0,0.0,1.0,-3.48,-8.62
EVT_00917,23.65498,81.00196,2,NATURAL_FOREST_WILDFIRE,Bandhavgarh Reserve (MP),TRAIN,FSI Wildfire Database,0.98,False,False,139.87,323.78,317.02,500.0,1499.06,6.76,36.76,2.0,0.0,194.78,0.0,0.0,0.0,0.0,0.04976737155928457,0.044790634403356115,1.0,25.0,10.0,11.49,10.0,0.0,0.0,1.0,-3.48,-8.62
EVT_00918,23.73991,81.029,2,NATURAL_FOREST_WILDFIRE,Bandhavgarh Reserve (MP),TRAIN,FSI Wildfire Database,0.98,False,False,155.14,352.26,328.34,849.1,207.1,23.92,46.07,2.0,0.0,189.17,0.0,0.0,0.0,0.0,0.08273965553158463,0.07446568997842617,0.0,25.0,10.0,13.01,8.0,0.0,0.0,1.0,-3.48,-8.62
EVT_00919,23.75356,81.05947,2,NATURAL_FOREST_WILDFIRE,Bandhavgarh Reserve (MP),TRAIN,FSI Wildfire Database,0.98,False,False,129.57,324.47,322.89,560.6,674.09,1.58,47.66,2.0,0.0,185.51,0.0,0.0,0.0,0.0,0.0457365458401634,0.04116289125614706,1.0,25.0,10.0,10.46,12.0,0.0,0.0,1.0,-3.48,-8.62
EVT_00920,23.72564,81.00554,2,NATURAL_FOREST_WILDFIRE,Bandhavgarh Reserve (MP),TRAIN,FSI Wildfire Database,0.98,False,False,100.27,339.05,323.55,847.5,126.32,15.5,44.57,2.0,0.0,192.11,0.0,0.0,0.0,0.0,0.060154173800528246,0.05413875642047542,0.0,25.0,10.0,7.53,7.0,0.0,0.0,1.0,-3.48,-8.62
EVT_00921,26.99138,71.57715,5,OTHER_THERMAL_ANOMALY,Rajasthan Semi-Arid Background,TRAIN,Background Anomaly Audit,0.98,False,False,8.58,314.98,312.93,830.8,40.01,2.05,6.35,2.0,0.0,1269.69,0.0,0.0,0.0,0.0,0.04006760291351243,0.03606084262216119,1.0,4.0,2.0,2.29,2.0,0.0,0.0,1.0,-7.97,-5.17
EVT_00922,26.97009,71.48345,5,OTHER_THERMAL_ANOMALY,Rajasthan Semi-Arid Background,TRAIN,Background Anomaly Audit,0.98,False,False,3.05,319.78,308.97,837.4,52.33,10.82,8.42,2.0,0.0,1279.21,0.0,0.0,0.0,0.0,0.02622181729288747,0.023599635563598724,1.0,4.0,2.0,-0.48,2.0,0.0,0.0,1.0,-7.55,-4.9
EVT_00923,27.00118,71.53931,5,OTHER_THERMAL_ANOMALY,Rajasthan Semi-Arid Background,TRAIN,Background Anomaly Audit,0.98,False,False,1.98,309.87,312.15,772.1,38.57,-2.28,3.51,2.0,0.0,1274.03,0.0,0.0,0.0,0.0,0.03971921125464282,0.03574729012917854,1.0,4.0,2.0,-1.01,2.0,0.0,0.0,1.0,-7.97,-5.17
EVT_00924,27.0102,71.48281,5,OTHER_THERMAL_ANOMALY,Rajasthan Semi-Arid Background,TRAIN,Background Anomaly Audit,0.98,False,False,9.76,313.39,312.79,827.8,36.35,0.6,5.46,2.0,0.0,1280.36,0.0,0.0,0.0,0.0,0.04898671673869299,0.04408804506482369,1.0,4.0,2.0,2.88,2.0,0.0,0.0,1.0,-7.55,-4.9
EVT_00925,27.00488,71.56327,5,OTHER_THERMAL_ANOMALY,Rajasthan Semi-Arid Background,TRAIN,Background Anomaly Audit,0.98,False,False,1.28,316.2,308.27,832.8,42.94,7.93,4.32,2.0,0.0,1271.55,0.0,0.0,0.0,0.0,0.04350983452461211,0.0391588510721509,1.0,4.0,2.0,-1.36,2.0,0.0,0.0,1.0,-7.97,-5.17
EVT_00926,27.05407,71.52184,5,OTHER_THERMAL_ANOMALY,Rajasthan Semi-Arid Background,TRAIN,Background Anomaly Audit,0.98,False,False,3.11,308.38,306.9,500.0,518.12,1.49,2.65,2.0,0.0,1277.36,0.0,0.0,0.0,0.0,0.02403240141562045,0.021629161274058405,1.0,4.0,2.0,-0.44,2.0,0.0,0.0,1.0,-7.97,-5.17
EVT_00927,27.09317,71.52878,5,OTHER_THERMAL_ANOMALY,Rajasthan Semi-Arid Background,TRAIN,Background Anomaly Audit,0.98,False,False,4.0,314.95,308.97,830.7,39.92,5.97,6.8,2.0,0.0,1277.69,0.0,0.0,0.0,0.0,0.02245617069651254,0.020210553626861288,1.0,4.0,2.0,0.0,2.0,0.0,0.0,1.0,-7.97,-5.17
EVT_00928,26.95935,71.56654,5,OTHER_THERMAL_ANOMALY,Rajasthan Semi-Arid Background,TRAIN,Background Anomaly Audit,0.98,False,False,7.17,321.29,308.27,527.1,872.16,13.02,8.78,2.0,0.0,1269.97,0.0,0.0,0.0,0.0,0.041663564101792394,0.03749720769161315,1.0,4.0,2.0,1.59,2.0,0.0,0.0,1.0,-7.97,-5.17
EVT_00929,27.04185,71.45012,5,OTHER_THERMAL_ANOMALY,Rajasthan Semi-Arid Background,TRAIN,Background Anomaly Audit,0.98,False,False,5.37,307.77,313.55,500.0,490.91,-5.78,8.2,2.0,0.0,1284.73,0.0,0.0,0.0,0.0,0.015689107165286438,0.014120196448757795,1.0,4.0,2.0,0.69,2.0,0.0,0.0,1.0,-7.55,-4.9
EVT_00930,27.00713,71.48389,5,OTHER_THERMAL_ANOMALY,Rajasthan Semi-Arid Background,TRAIN,Background Anomaly Audit,0.98,False,False,6.95,316.26,307.97,832.9,43.08,8.29,5.53,2.0,0.0,1280.16,0.0,0.0,0.0,0.0,0.04753031857899365,0.042777286721094286,1.0,4.0,2.0,1.47,2.0,0.0,0.0,1.0,-7.55,-4.9
EVT_00931,27.09346,71.45151,5,OTHER_THERMAL_ANOMALY,Rajasthan Semi-Arid Background,TRAIN,Background Anomaly Audit,0.98,False,False,9.15,315.12,311.29,500.0,886.44,3.82,10.51,2.0,0.0,1286.0,0.0,0.0,0.0,0.0,0.004151937890509322,0.00373674410145839,1.0,4.0,2.0,2.57,2.0,0.0,0.0,1.0,-7.55,-4.9
EVT_00932,27.01103,71.4532,5,OTHER_THERMAL_ANOMALY,Rajasthan Semi-Arid Background,TRAIN,Background Anomaly Audit,0.98,False,False,9.89,320.03,311.01,837.7,53.02,9.02,8.17,2.0,0.0,1283.57,0.0,0.0,0.0,0.0,0.019442574823705823,0.01749831734133524,1.0,4.0,2.0,2.95,2.0,0.0,0.0,1.0,-7.55,-4.9
EVT_00933,26.97566,71.51535,5,OTHER_THERMAL_ANOMALY,Rajasthan Semi-Arid Background,TRAIN,Background Anomaly Audit,0.98,False,False,7.93,321.81,309.89,839.5,58.15,11.92,6.49,2.0,0.0,1275.92,0.0,0.0,0.0,0.0,0.024980920599938103,0.022482828539944294,1.0,4.0,2.0,1.97,2.0,0.0,0.0,1.0,-7.97,-5.17
EVT_00934,26.98604,71.56046,5,OTHER_THERMAL_ANOMALY,Rajasthan Semi-Arid Background,TRAIN,Background Anomaly Audit,0.98,False,False,3.18,318.89,307.23,836.4,49.88,11.66,5.84,2.0,0.0,1271.34,0.0,0.0,0.0,0.0,0.008585499448684409,0.007726949503815968,1.0,4.0,2.0,-0.41,2.0,0.0,0.0,1.0,-7.97,-5.17
EVT_00935,26.95583,71.50912,5,OTHER_THERMAL_ANOMALY,Rajasthan Semi-Arid Background,TRAIN,Background Anomaly Audit,0.98,False,False,6.89,311.48,310.89,510.7,576.55,0.59,8.78,2.0,0.0,1276.07,0.0,0.0,0.0,0.0,0.014164826399885111,0.012748343759896601,1.0,4.0,2.0,1.45,2.0,0.0,0.0,1.0,-7.97,-5.17
EVT_00936,27.04582,71.47529,5,OTHER_THERMAL_ANOMALY,Rajasthan Semi-Arid Background,TRAIN,Background Anomaly Audit,0.98,False,False,4.36,316.44,310.25,833.1,43.54,6.19,5.84,2.0,0.0,1282.13,0.0,0.0,0.0,0.0,0.034073030625858564,0.030665727563272707,1.0,4.0,2.0,0.18,2.0,0.0,0.0,1.0,-7.55,-4.9
EVT_00937,27.01467,71.47758,5,OTHER_THERMAL_ANOMALY,Rajasthan Semi-Arid Background,TRAIN,Background Anomaly Audit,0.98,False,False,3.59,315.18,311.6,831.1,40.48,3.58,5.75,2.0,0.0,1281.04,0.0,0.0,0.0,0.0,0.006013548156430343,0.005412193340787309,1.0,4.0,2.0,-0.2,2.0,0.0,0.0,1.0,-7.55,-4.9
EVT_00938,27.05381,71.54751,5,OTHER_THERMAL_ANOMALY,Rajasthan Semi-Arid Background,TRAIN,Background Anomaly Audit,0.98,False,False,1.2,316.97,309.59,833.9,44.88,7.39,2.85,2.0,0.0,1274.59,0.0,0.0,0.0,0.0,0.01518619258159129,0.013667573323432162,1.0,4.0,2.0,-1.4,2.0,0.0,0.0,1.0,-7.97,-5.17
EVT_00939,27.01184,71.51918,5,OTHER_THERMAL_ANOMALY,Rajasthan Semi-Arid Background,TRAIN,Background Anomaly Audit,0.98,False,False,8.41,315.91,305.05,832.3,42.22,10.86,2.6,2.0,0.0,1276.49,0.0,0.0,0.0,0.0,0.005157338043918053,0.004641604239526248,1.0,4.0,2.0,2.21,2.0,0.0,0.0,1.0,-7.97,-5.17
EVT_00940,27.04003,71.46988,5,OTHER_THERMAL_ANOMALY,Rajasthan Semi-Arid Background,TRAIN,Background Anomaly Audit,0.98,False,False,8.05,309.33,304.99,817.8,27.77,4.34,6.24,2.0,0.0,1282.56,0.0,0.0,0.0,0.0,0.04813924039903661,0.04332531635913295,1.0,4.0,2.0,2.02,2.0,0.0,0.0,1.0,-7.55,-4.9
EVT_00941,27.01244,71.46442,5,OTHER_THERMAL_ANOMALY,Rajasthan Semi-Arid Background,TRAIN,Background Anomaly Audit,0.98,False,False,4.27,305.69,308.92,500.0,394.59,-3.23,7.06,2.0,0.0,1282.4,0.0,0.0,0.0,0.0,0.002613433378079827,0.0023520900402718443,1.0,4.0,2.0,0.13,2.0,0.0,0.0,1.0,-7.55,-4.9
EVT_00942,26.99799,71.56403,5,OTHER_THERMAL_ANOMALY,Rajasthan Semi-Arid Background,TRAIN,Background Anomaly Audit,0.98,False,False,8.22,317.07,308.5,834.0,45.12,8.57,4.93,2.0,0.0,1271.28,0.0,0.0,0.0,0.0,0.024319581404444693,0.021887623264000223,1.0,4.0,2.0,2.11,2.0,0.0,0.0,1.0,-7.97,-5.17
EVT_00943,27.05348,71.45113,5,OTHER_THERMAL_ANOMALY,Rajasthan Semi-Arid Background,TRAIN,Background Anomaly Audit,0.98,False,False,7.57,311.1,307.65,822.6,31.38,3.45,8.37,2.0,0.0,1284.94,0.0,0.0,0.0,0.0,0.002016261986047535,0.0018146357874427815,1.0,4.0,2.0,1.79,2.0,0.0,0.0,1.0,-7.55,-4.9
EVT_00944,27.00461,71.47916,5,OTHER_THERMAL_ANOMALY,Rajasthan Semi-Arid Background,TRAIN,Background Anomaly Audit,0.98,False,False,4.28,315.14,312.21,831.0,40.38,2.93,6.08,2.0,0.0,1280.6,0.0,0.0,0.0,0.0,0.04366957289546097,0.03930261560591488,1.0,4.0,2.0,0.14,2.0,0.0,0.0,1.0,-7.55,-4.9
EVT_00945,26.96279,71.46359,5,OTHER_THERMAL_ANOMALY,Rajasthan Semi-Arid Background,TRAIN,Background Anomaly Audit,0.98,False,False,3.85,312.92,306.26,500.0,754.84,6.66,10.28,2.0,0.0,1281.16,0.0,0.0,0.0,0.0,0.03386519796490705,0.030478678168416345,1.0,4.0,2.0,-0.07,2.0,0.0,0.0,1.0,-7.55,-4.9
EVT_00946,27.0416,71.44113,5,OTHER_THERMAL_ANOMALY,Rajasthan Semi-Arid Background,TRAIN,Background Anomaly Audit,0.98,False,False,4.4,317.63,309.58,834.8,46.56,8.05,9.08,2.0,0.0,1285.69,0.0,0.0,0.0,0.0,0.033203706059991706,0.029883335453992535,1.0,4.0,2.0,0.2,2.0,0.0,0.0,1.0,-7.55,-4.9
EVT_00947,27.00026,71.48703,5,OTHER_THERMAL_ANOMALY,Rajasthan Semi-Arid Background,TRAIN,Background Anomaly Audit,0.98,False,False,2.42,314.39,308.96,829.7,38.62,5.43,5.71,2.0,0.0,1279.63,0.0,0.0,0.0,0.0,0.00870052240080621,0.00783047016072559,1.0,4.0,2.0,-0.79,2.0,0.0,0.0,1.0,-7.55,-4.9
EVT_00948,26.94751,71.53477,5,OTHER_THERMAL_ANOMALY,Rajasthan Semi-Arid Background,TRAIN,Background Anomaly Audit,0.98,False,False,3.82,326.44,310.89,842.9,73.02,15.55,9.41,2.0,0.0,1273.08,0.0,0.0,0.0,0.0,0.014755443009214265,0.01327989870829284,1.0,4.0,2.0,-0.09,2.0,0.0,0.0,1.0,-7.97,-5.17
EVT_00949,27.04146,71.51349,5,OTHER_THERMAL_ANOMALY,Rajasthan Semi-Arid Background,TRAIN,Background Anomaly Audit,0.98,False,False,5.96,313.86,312.26,508.2,716.33,1.6,2.13,2.0,0.0,1277.91,0.0,0.0,0.0,0.0,0.017977157226000174,0.016179441503400158,1.0,4.0,2.0,0.98,2.0,0.0,0.0,1.0,-7.97,-5.17
EVT_00950,27.02832,71.46514,5,OTHER_THERMAL_ANOMALY,Rajasthan Semi-Arid Background,TRAIN,Background Anomaly Audit,0.98,False,False,5.07,309.27,310.36,768.3,37.52,-1.1,6.66,2.0,0.0,1282.75,0.0,0.0,0.0,0.0,0.0398473752007823,0.03586263768070407,1.0,4.0,2.0,0.53,2.0,0.0,0.0,1.0,-7.55,-4.9
EVT_00951,26.99016,71.5067,5,OTHER_THERMAL_ANOMALY,Rajasthan Semi-Arid Background,TRAIN,Background Anomaly Audit,0.98,False,False,8.13,322.28,311.29,839.9,59.58,10.99,5.3,2.0,0.0,1277.24,0.0,0.0,0.0,0.0,0.03145587893171334,0.028310291038542004,1.0,4.0,2.0,2.07,2.0,0.0,0.0,1.0,-7.97,-5.17
EVT_00952,27.03654,71.47267,5,OTHER_THERMAL_ANOMALY,Rajasthan Semi-Arid Background,TRAIN,Background Anomaly Audit,0.98,False,False,7.02,308.02,307.24,813.6,25.24,0.79,5.92,2.0,0.0,1282.16,0.0,0.0,0.0,0.0,0.010806790615546036,0.009726111553991433,1.0,4.0,2.0,1.51,2.0,0.0,0.0,1.0,-7.55,-4.9
EVT_00953,27.04794,71.50615,5,OTHER_THERMAL_ANOMALY,Rajasthan Semi-Arid Background,TRAIN,Background Anomaly Audit,0.98,False,False,8.74,309.93,315.36,772.5,38.68,-5.43,3.12,2.0,0.0,1278.87,0.0,0.0,0.0,0.0,0.012590735100456586,0.011331661590410928,1.0,4.0,2.0,2.37,2.0,0.0,0.0,1.0,-7.97,-5.17
EVT_00954,27.02173,71.5073,5,OTHER_THERMAL_ANOMALY,Rajasthan Semi-Arid Background,TRAIN,Background Anomaly Audit,0.98,False,False,1.2,317.27,307.91,834.3,45.63,9.36,2.72,2.0,0.0,1278.03,0.0,0.0,0.0,0.0,0.040843899294689144,0.03675950936522023,1.0,4.0,2.0,-1.4,2.0,0.0,0.0,1.0,-7.97,-5.17
EVT_00955,27.06569,71.44472,5,OTHER_THERMAL_ANOMALY,Rajasthan Semi-Arid Background,TRAIN,Background Anomaly Audit,0.98,False,False,1.97,310.85,313.88,822.0,30.86,-3.03,9.43,2.0,0.0,1285.97,0.0,0.0,0.0,0.0,0.0034822933874132825,0.0031340640486719543,1.0,4.0,2.0,-1.01,2.0,0.0,0.0,1.0,-7.55,-4.9
EVT_00956,27.04065,71.58891,5,OTHER_THERMAL_ANOMALY,Rajasthan Semi-Arid Background,TRAIN,Background Anomaly Audit,0.98,False,False,4.8,315.27,315.1,831.3,40.72,0.17,5.7,2.0,0.0,1269.77,0.0,0.0,0.0,0.0,0.019904358911811543,0.017913923020630388,1.0,4.0,2.0,0.4,2.0,0.0,0.0,1.0,-7.97,-5.17
EVT_00957,27.05134,71.43909,5,OTHER_THERMAL_ANOMALY,Rajasthan Semi-Arid Background,TRAIN,Background Anomaly Audit,0.98,False,False,1.16,314.21,313.5,829.4,38.22,0.71,9.47,2.0,0.0,1286.18,0.0,0.0,0.0,0.0,0.003725523090932004,0.0033529707818388036,1.0,4.0,2.0,-1.42,2.0,0.0,0.0,1.0,-7.55,-4.9
EVT_00958,27.03754,71.50039,5,OTHER_THERMAL_ANOMALY,Rajasthan Semi-Arid Background,TRAIN,Background Anomaly Audit,0.98,False,False,2.7,313.2,310.61,500.0,773.39,2.6,3.21,2.0,0.0,1279.21,0.0,0.0,0.0,0.0,0.0385661571608425,0.034709541444758255,1.0,4.0,2.0,-0.65,2.0,0.0,0.0,1.0,-7.97,-5.17
EVT_00959,27.03301,71.53775,5,OTHER_THERMAL_ANOMALY,Rajasthan Semi-Arid Background,TRAIN,Background Anomaly Audit,0.98,False,False,8.46,314.11,310.2,829.2,37.98,3.91,0.56,2.0,1.0,1275.07,0.0,0.0,0.0,0.0,0.039413760408541484,0.035472384367687335,1.0,4.0,2.0,2.23,2.0,0.0,0.0,1.0,-7.97,-5.17
EVT_00960,27.05075,71.4645,5,OTHER_THERMAL_ANOMALY,Rajasthan Semi-Arid Background,TRAIN,Background Anomaly Audit,0.98,False,False,4.04,312.88,308.52,500.0,754.15,4.36,7.02,2.0,0.0,1283.43,0.0,0.0,0.0,0.0,0.020922474858772907,0.018830227372895615,1.0,4.0,2.0,0.02,2.0,0.0,0.0,1.0,-7.55,-4.9
EVT_00961,21.59609,72.63184,1,INDUSTRIAL_ACCIDENTAL_FIRE,Dahej Chemical SEZ (Gujarat),HELD_OUT_TEST,Disaster Inquiry Commission,0.98,False,False,111.29,371.01,345.97,849.8,381.43,25.05,10.75,2.0,0.0,1118.48,0.0,0.0,0.0,0.0,0.2667352607076281,0.24006173463686528,1.0,18.0,4.0,23.32,16.0,0.0,0.0,1.0,-10.08,-7.05
EVT_00962,21.69142,72.55313,1,INDUSTRIAL_ACCIDENTAL_FIRE,Dahej Chemical SEZ (Gujarat),HELD_OUT_TEST,Disaster Inquiry Commission,0.98,False,False,97.69,401.15,337.58,1132.9,273.63,63.56,5.26,2.0,0.0,1126.46,0.0,0.0,0.0,0.0,0.21813060105953486,0.19631754095358137,1.0,18.0,4.0,19.92,8.0,0.0,0.0,1.0,-10.08,-7.05
EVT_00963,21.70029,72.54605,1,INDUSTRIAL_ACCIDENTAL_FIRE,Dahej Chemical SEZ (Gujarat),HELD_OUT_TEST,Disaster Inquiry Commission,0.98,False,False,126.75,386.66,327.75,1500.0,77.43,58.91,6.03,2.0,0.0,1127.18,0.0,0.0,0.0,0.0,0.12114894863397961,0.10903405377058165,0.0,18.0,4.0,27.19,21.0,0.0,0.0,1.0,-10.08,-7.05
EVT_00964,21.76163,72.58323,1,INDUSTRIAL_ACCIDENTAL_FIRE,Dahej Chemical SEZ (Gujarat),HELD_OUT_TEST,Disaster Inquiry Commission,0.98,False,False,92.87,386.97,344.02,1500.0,78.14,42.94,7.82,2.0,0.0,1122.64,0.0,0.0,0.0,0.0,0.1669395577393949,0.15024560196545542,1.0,18.0,4.0,18.72,20.0,0.0,0.0,1.0,-10.08,-7.05
EVT_00965,21.78501,72.57356,1,INDUSTRIAL_ACCIDENTAL_FIRE,Dahej Chemical SEZ (Gujarat),HELD_OUT_TEST,Disaster Inquiry Commission,0.98,False,False,95.58,386.43,343.09,1500.0,77.01,43.34,10.6,2.0,0.0,1123.57,0.0,0.0,0.0,0.0,0.129313804112425,0.1163824237011825,0.0,18.0,4.0,19.4,10.0,0.0,0.0,1.0,-10.08,-7.05
EVT_00966,21.69566,72.62562,1,INDUSTRIAL_ACCIDENTAL_FIRE,Dahej Chemical SEZ (Gujarat),HELD_OUT_TEST,Disaster Inquiry Commission,0.98,False,False,215.02,393.82,344.27,1500.0,93.72,49.54,0.34,1.0,1.0,1118.4,0.0,0.0,0.0,0.0,0.26574275683303605,0.23916848114973246,1.0,18.0,4.0,49.25,23.0,0.0,0.0,1.0,-10.08,-7.05
EVT_00967,21.70245,72.54878,1,INDUSTRIAL_ACCIDENTAL_FIRE,Dahej Chemical SEZ (Gujarat),HELD_OUT_TEST,Disaster Inquiry Commission,0.98,False,False,155.01,398.23,330.64,1500.0,104.86,67.58,5.78,2.0,0.0,1126.86,0.0,0.0,0.0,0.0,0.14703327025056234,0.13232994322550612,0.0,18.0,4.0,34.25,7.0,0.0,0.0,1.0,-10.08,-7.05
EVT_00968,21.69404,72.556,1,INDUSTRIAL_ACCIDENTAL_FIRE,Dahej Chemical SEZ (Gujarat),HELD_OUT_TEST,Disaster Inquiry Commission,0.98,False,False,75.34,392.72,322.87,1500.0,90.94,69.85,4.96,2.0,0.0,1126.12,0.0,0.0,0.0,0.0,0.2574171700662738,0.23167545305964643,1.0,18.0,4.0,14.33,16.0,0.0,0.0,1.0,-10.08,-7.05
EVT_00969,21.67312,72.62592,1,INDUSTRIAL_ACCIDENTAL_FIRE,Dahej Chemical SEZ (Gujarat),HELD_OUT_TEST,Disaster Inquiry Commission,0.98,False,False,183.84,390.37,334.73,1500.0,85.58,55.64,2.18,2.0,0.0,1118.53,0.0,0.0,0.0,0.0,0.2923892188057963,0.2631502969252167,1.0,18.0,4.0,41.46,23.0,0.0,0.0,1.0,-10.08,-7.05
EVT_00970,21.73386,72.62369,1,INDUSTRIAL_ACCIDENTAL_FIRE,Dahej Chemical SEZ (Gujarat),HELD_OUT_TEST,Disaster Inquiry Commission,0.98,False,False,198.05,373.96,350.38,849.8,416.73,23.59,4.5,1.0,0.0,1118.34,0.0,0.0,0.0,0.0,0.2892089168857658,0.2602880251971892,1.0,18.0,4.0,45.01,14.0,0.0,0.0,1.0,-10.08,-7.05
EVT_00971,21.71611,72.59618,1,INDUSTRIAL_ACCIDENTAL_FIRE,Dahej Chemical SEZ (Gujarat),HELD_OUT_TEST,Disaster Inquiry Commission,0.98,False,False,196.87,394.38,331.85,1500.0,95.04,62.54,2.59,2.0,0.0,1121.51,0.0,0.0,0.0,0.0,0.15598263375741656,0.1403843703816749,0.0,18.0,4.0,44.72,16.0,0.0,0.0,1.0,-10.08,-7.05
EVT_00972,21.67802,72.51547,1,INDUSTRIAL_ACCIDENTAL_FIRE,Dahej Chemical SEZ (Gujarat),HELD_OUT_TEST,Disaster Inquiry Commission,0.98,False,False,72.43,375.19,334.0,1500.0,56.08,41.18,9.32,2.0,0.0,1130.73,0.0,0.0,0.0,0.0,0.24385237864812365,0.21946714078331128,1.0,18.0,4.0,13.61,20.0,0.0,0.0,1.0,-10.08,-7.05
EVT_00973,21.68594,72.6386,1,INDUSTRIAL_ACCIDENTAL_FIRE,Dahej Chemical SEZ (Gujarat),HELD_OUT_TEST,Disaster Inquiry Commission,0.98,False,False,205.72,405.28,331.75,1500.0,124.93,73.53,1.78,1.0,0.0,1117.03,0.0,0.0,0.0,0.0,0.1547719384177415,0.13929474457596736,1.0,18.0,4.0,46.93,12.0,0.0,0.0,1.0,-10.08,-7.05
EVT_00974,21.68339,72.57622,1,INDUSTRIAL_ACCIDENTAL_FIRE,Dahej Chemical SEZ (Gujarat),HELD_OUT_TEST,Disaster Inquiry Commission,0.98,False,False,74.93,388.44,325.81,1500.0,81.23,62.63,3.1,2.0,0.0,1123.96,0.0,0.0,0.0,0.0,0.2656085325352892,0.2390476792817603,1.0,18.0,4.0,14.23,18.0,0.0,0.0,1.0,-10.08,-7.05
EVT_00975,21.69017,72.55322,1,INDUSTRIAL_ACCIDENTAL_FIRE,Dahej Chemical SEZ (Gujarat),HELD_OUT_TEST,Disaster Inquiry Commission,0.98,False,False,76.13,393.08,343.46,1500.0,91.94,49.63,5.26,2.0,0.0,1126.46,0.0,0.0,0.0,0.0,0.2368289563932216,0.21314606075389944,0.0,18.0,4.0,14.53,14.0,0.0,0.0,1.0,-10.08,-7.05
EVT_00976,21.72935,72.55722,1,INDUSTRIAL_ACCIDENTAL_FIRE,Dahej Chemical SEZ (Gujarat),HELD_OUT_TEST,Disaster Inquiry Commission,0.98,False,False,83.21,394.96,336.4,1500.0,96.49,58.55,6.23,2.0,0.0,1125.74,0.0,0.0,0.0,0.0,0.24641665048611405,0.22177498543750265,1.0,18.0,4.0,16.3,21.0,0.0,0.0,1.0,-10.08,-7.05
EVT_00977,21.69092,72.65359,1,INDUSTRIAL_ACCIDENTAL_FIRE,Dahej Chemical SEZ (Gujarat),HELD_OUT_TEST,Disaster Inquiry Commission,0.98,False,False,213.31,373.58,345.75,500.0,10351.42,27.82,3.14,1.0,0.0,1115.33,0.0,0.0,0.0,0.0,0.13249372382256913,0.11924435144031222,1.0,18.0,4.0,48.83,12.0,0.0,0.0,1.0,-10.08,-7.05
EVT_00978,21.73916,72.56794,1,INDUSTRIAL_ACCIDENTAL_FIRE,Dahej Chemical SEZ (Gujarat),HELD_OUT_TEST,Disaster Inquiry Commission,0.98,False,False,110.71,392.78,316.05,1500.0,90.98,76.73,6.25,2.0,0.0,1124.48,0.0,0.0,0.0,0.0,0.05381620991150744,0.0484345889203567,0.0,18.0,4.0,23.18,22.0,0.0,0.0,1.0,-10.08,-7.05
EVT_00979,21.71913,72.60683,1,INDUSTRIAL_ACCIDENTAL_FIRE,Dahej Chemical SEZ (Gujarat),HELD_OUT_TEST,Disaster Inquiry Commission,0.98,False,False,186.2,387.31,349.09,547.6,7854.85,38.22,2.81,2.0,0.0,1120.31,0.0,0.0,0.0,0.0,0.0889119981903977,0.08002079837135793,0.0,18.0,4.0,42.05,17.0,0.0,0.0,1.0,-10.08,-7.05
EVT_00980,21.71503,72.58704,1,INDUSTRIAL_ACCIDENTAL_FIRE,Dahej Chemical SEZ (Gujarat),HELD_OUT_TEST,Disaster Inquiry Commission,0.98,False,False,183.69,386.42,337.16,1500.0,76.98,49.26,2.92,2.0,0.0,1122.53,0.0,0.0,0.0,0.0,0.07287073948241178,0.06558366553417061,1.0,18.0,4.0,41.42,18.0,0.0,0.0,1.0,-10.08,-7.05
EVT_00981,21.71313,72.59235,1,INDUSTRIAL_ACCIDENTAL_FIRE,Dahej Chemical SEZ (Gujarat),HELD_OUT_TEST,Disaster Inquiry Commission,0.98,False,False,131.11,376.28,326.36,1500.0,57.87,49.91,2.44,2.0,0.0,1121.96,0.0,0.0,0.0,0.0,0.08482417235177521,0.07634175511659769,0.0,18.0,4.0,28.28,7.0,0.0,0.0,1.0,-10.08,-7.05
EVT_00982,21.64856,72.56567,1,INDUSTRIAL_ACCIDENTAL_FIRE,Dahej Chemical SEZ (Gujarat),HELD_OUT_TEST,Disaster Inquiry Commission,0.98,False,False,65.06,389.26,330.08,1500.0,83.06,59.18,6.42,2.0,0.0,1125.39,0.0,0.0,0.0,0.0,0.1990456673505942,0.1791411006155348,1.0,18.0,4.0,11.77,21.0,0.0,0.0,1.0,-10.08,-7.05
EVT_00983,21.72822,72.55222,1,INDUSTRIAL_ACCIDENTAL_FIRE,Dahej Chemical SEZ (Gujarat),HELD_OUT_TEST,Disaster Inquiry Commission,0.98,False,False,114.49,393.97,342.89,1500.0,94.09,51.08,6.57,2.0,0.0,1126.3,0.0,0.0,0.0,0.0,0.11305060053983272,0.10174554048584945,1.0,18.0,4.0,24.12,22.0,0.0,0.0,1.0,-10.08,-7.05
EVT_00984,21.68206,72.54396,1,INDUSTRIAL_ACCIDENTAL_FIRE,Dahej Chemical SEZ (Gujarat),HELD_OUT_TEST,Disaster Inquiry Commission,0.98,False,False,188.05,384.64,326.22,1500.0,73.27,58.41,6.34,2.0,0.0,1127.54,0.0,0.0,0.0,0.0,0.21534009841532642,0.19380608857379378,0.0,18.0,4.0,42.51,14.0,0.0,0.0,1.0,-10.08,-7.05
EVT_00985,21.70839,72.57623,1,INDUSTRIAL_ACCIDENTAL_FIRE,Dahej Chemical SEZ (Gujarat),HELD_OUT_TEST,Disaster Inquiry Commission,0.98,False,False,163.45,391.16,342.49,1500.0,87.42,48.67,3.29,2.0,0.0,1123.78,0.0,0.0,0.0,0.0,0.2773888571093006,0.24964997139837056,0.0,18.0,4.0,36.36,21.0,0.0,0.0,1.0,-10.08,-7.05
EVT_00986,21.76302,72.52566,1,INDUSTRIAL_ACCIDENTAL_FIRE,Dahej Chemical SEZ (Gujarat),HELD_OUT_TEST,Disaster Inquiry Commission,0.98,False,False,109.23,382.22,332.67,1500.0,68.56,49.55,11.15,2.0,0.0,1129.01,0.0,0.0,0.0,0.0,0.2889675108171299,0.26007075973541693,1.0,18.0,4.0,22.81,5.0,0.0,0.0,1.0,-10.08,-7.05
EVT_00987,21.77106,72.62009,1,INDUSTRIAL_ACCIDENTAL_FIRE,Dahej Chemical SEZ (Gujarat),HELD_OUT_TEST,Disaster Inquiry Commission,0.98,False,False,126.7,390.11,342.6,1500.0,85.02,47.51,8.64,1.0,0.0,1118.5,0.0,0.0,0.0,0.0,0.17840834598216276,0.16056751138394648,1.0,18.0,4.0,27.17,18.0,0.0,0.0,1.0,-10.08,-7.05
EVT_00988,21.69003,72.58344,1,INDUSTRIAL_ACCIDENTAL_FIRE,Dahej Chemical SEZ (Gujarat),HELD_OUT_TEST,Disaster Inquiry Commission,0.98,False,False,109.67,367.25,341.07,500.0,8500.33,26.18,2.17,2.0,0.0,1123.11,0.0,0.0,0.0,0.0,0.11424793382773689,0.1028231404449632,1.0,18.0,4.0,22.92,24.0,0.0,0.0,1.0,-10.08,-7.05
EVT_00989,21.72017,72.61588,1,INDUSTRIAL_ACCIDENTAL_FIRE,Dahej Chemical SEZ (Gujarat),HELD_OUT_TEST,Disaster Inquiry Commission,0.98,False,False,149.02,384.64,342.25,1500.0,73.34,42.39,3.08,1.0,0.0,1119.3,0.0,0.0,0.0,0.0,0.2797595692571678,0.251783612331451,1.0,18.0,4.0,32.75,15.0,0.0,0.0,1.0,-10.08,-7.05
EVT_00990,21.66554,72.58235,1,INDUSTRIAL_ACCIDENTAL_FIRE,Dahej Chemical SEZ (Gujarat),HELD_OUT_TEST,Disaster Inquiry Commission,0.98,False,False,219.89,379.26,328.86,1500.0,63.06,50.4,3.88,2.0,0.0,1123.41,0.0,0.0,0.0,0.0,0.11700287512989933,0.1053025876169094,0.0,18.0,4.0,50.47,16.0,0.0,0.0,1.0,-10.08,-7.05
EVT_00991,21.69228,72.58372,1,INDUSTRIAL_ACCIDENTAL_FIRE,Dahej Chemical SEZ (Gujarat),HELD_OUT_TEST,Disaster Inquiry Commission,0.98,False,False,202.18,393.05,329.64,1500.0,91.79,63.41,2.1,2.0,0.0,1123.06,0.0,0.0,0.0,0.0,0.10538178797559176,0.09484360917803258,1.0,18.0,4.0,46.04,6.0,0.0,0.0,1.0,-10.08,-7.05
EVT_00992,21.71279,72.64602,1,INDUSTRIAL_ACCIDENTAL_FIRE,Dahej Chemical SEZ (Gujarat),HELD_OUT_TEST,Disaster Inquiry Commission,0.98,False,False,66.48,393.17,338.13,1500.0,92.14,55.05,3.18,1.0,0.0,1116.02,0.0,0.0,0.0,0.0,0.15072250776251217,0.13565025698626096,1.0,18.0,4.0,12.12,17.0,0.0,0.0,1.0,-10.08,-7.05
EVT_00993,21.7699,72.67656,1,INDUSTRIAL_ACCIDENTAL_FIRE,Dahej Chemical SEZ (Gujarat),HELD_OUT_TEST,Disaster Inquiry Commission,0.98,False,False,166.58,387.61,319.93,1500.0,79.39,67.69,6.84,1.0,0.0,1112.25,0.0,0.0,0.0,0.0,0.15459075960719826,0.13913168364647843,1.0,18.0,4.0,37.15,14.0,0.0,0.0,1.0,-10.08,-7.05
EVT_00994,21.70881,72.62672,1,INDUSTRIAL_ACCIDENTAL_FIRE,Dahej Chemical SEZ (Gujarat),HELD_OUT_TEST,Disaster Inquiry Commission,0.98,False,False,140.65,378.87,336.48,1500.0,62.39,42.39,1.75,1.0,0.0,1118.18,0.0,0.0,0.0,0.0,0.08870393871793382,0.07983354484614044,0.0,18.0,4.0,30.66,5.0,0.0,0.0,1.0,-10.08,-7.05
EVT_00995,21.74085,72.59549,1,INDUSTRIAL_ACCIDENTAL_FIRE,Dahej Chemical SEZ (Gujarat),HELD_OUT_TEST,Disaster Inquiry Commission,0.98,False,False,182.65,387.15,334.63,1500.0,78.51,52.52,5.28,2.0,0.0,1121.42,0.0,0.0,0.0,0.0,0.1778702616970958,0.16008323552738624,1.0,18.0,4.0,41.16,5.0,0.0,0.0,1.0,-10.08,-7.05
EVT_00996,21.71955,72.62997,1,INDUSTRIAL_ACCIDENTAL_FIRE,Dahej Chemical SEZ (Gujarat),HELD_OUT_TEST,Disaster Inquiry Commission,0.98,False,False,118.55,388.95,338.42,1500.0,82.41,50.53,2.99,1.0,0.0,1117.75,0.0,0.0,0.0,0.0,0.11490265630830292,0.10341239067747263,1.0,18.0,4.0,25.14,19.0,0.0,0.0,1.0,-10.08,-7.05
EVT_00997,21.7239,72.58084,1,INDUSTRIAL_ACCIDENTAL_FIRE,Dahej Chemical SEZ (Gujarat),HELD_OUT_TEST,Disaster Inquiry Commission,0.98,False,False,190.55,388.59,335.25,1500.0,81.62,53.34,4.1,2.0,0.0,1123.16,0.0,0.0,0.0,0.0,0.18892621509798652,0.17003359358818787,1.0,18.0,4.0,43.14,19.0,0.0,0.0,1.0,-10.08,-7.05
EVT_00998,21.69942,72.61887,1,INDUSTRIAL_ACCIDENTAL_FIRE,Dahej Chemical SEZ (Gujarat),HELD_OUT_TEST,Disaster Inquiry Commission,0.98,False,False,149.73,373.84,322.14,1500.0,53.88,51.71,0.81,1.0,0.0,1119.12,0.0,0.0,0.0,0.0,0.188372567549706,0.1695353107947354,1.0,18.0,4.0,32.93,9.0,0.0,0.0,1.0,-10.08,-7.05
EVT_00999,21.71525,72.6153,1,INDUSTRIAL_ACCIDENTAL_FIRE,Dahej Chemical SEZ (Gujarat),HELD_OUT_TEST,Disaster Inquiry Commission,0.98,False,False,184.03,400.65,327.57,1500.0,111.41,73.08,2.57,1.0,0.0,1119.4,0.0,0.0,0.0,0.0,0.2901820220570608,0.26116381985135473,1.0,18.0,4.0,41.51,6.0,0.0,0.0,1.0,-10.08,-7.05
EVT_01000,21.68069,72.51626,1,INDUSTRIAL_ACCIDENTAL_FIRE,Dahej Chemical SEZ (Gujarat),HELD_OUT_TEST,Disaster Inquiry Commission,0.98,False,False,89.14,372.18,336.25,674.4,1314.85,35.93,9.19,2.0,0.0,1130.62,0.0,0.0,0.0,0.0,0.2701054757184012,0.24309492814656108,1.0,18.0,4.0,17.79,10.0,0.0,0.0,1.0,-10.08,-7.05
EVT_01001,21.70676,72.59105,1,INDUSTRIAL_ACCIDENTAL_FIRE,Dahej Chemical SEZ (Gujarat),HELD_OUT_TEST,Disaster Inquiry Commission,0.98,False,False,70.31,411.65,340.62,1500.0,145.6,71.03,1.95,2.0,0.0,1122.15,0.0,0.0,0.0,0.0,0.09259181269538279,0.08333263142584452,1.0,18.0,4.0,13.08,23.0,0.0,0.0,1.0,-10.08,-7.05
EVT_01002,21.72027,72.65391,1,INDUSTRIAL_ACCIDENTAL_FIRE,Dahej Chemical SEZ (Gujarat),HELD_OUT_TEST,Disaster Inquiry Commission,0.98,False,False,158.96,380.64,338.23,1500.0,65.59,42.4,3.95,1.0,0.0,1115.09,0.0,0.0,0.0,0.0,0.13423047826918638,0.12080743044226774,1.0,18.0,4.0,35.24,8.0,0.0,0.0,1.0,-10.08,-7.05
EVT_01003,21.66292,72.6267,1,INDUSTRIAL_ACCIDENTAL_FIRE,Dahej Chemical SEZ (Gujarat),HELD_OUT_TEST,Disaster Inquiry Commission,0.98,False,False,68.79,389.85,351.87,599.8,4538.94,37.98,3.31,2.0,0.0,1118.52,0.0,0.0,0.0,0.0,0.24767572593652842,0.2229081533428756,0.0,18.0,4.0,12.7,14.0,0.0,0.0,1.0,-10.08,-7.05
EVT_01004,21.67076,72.50831,1,INDUSTRIAL_ACCIDENTAL_FIRE,Dahej Chemical SEZ (Gujarat),HELD_OUT_TEST,Disaster Inquiry Commission,0.98,False,False,186.58,396.25,324.7,1500.0,99.64,71.54,10.22,2.0,0.0,1131.57,0.0,0.0,0.0,0.0,0.2120366857622445,0.19083301718602005,1.0,18.0,4.0,42.15,17.0,0.0,0.0,1.0,-10.08,-7.05
EVT_01005,21.71078,72.64927,1,INDUSTRIAL_ACCIDENTAL_FIRE,Dahej Chemical SEZ (Gujarat),HELD_OUT_TEST,Disaster Inquiry Commission,0.98,False,False,189.93,386.36,332.95,1500.0,76.84,53.41,3.3,1.0,0.0,1115.67,0.0,0.0,0.0,0.0,0.12237446627992991,0.11013701965193692,1.0,18.0,4.0,42.98,7.0,0.0,0.0,1.0,-10.08,-7.05
EVT_01006,21.77767,72.59899,1,INDUSTRIAL_ACCIDENTAL_FIRE,Dahej Chemical SEZ (Gujarat),HELD_OUT_TEST,Disaster Inquiry Commission,0.98,False,False,113.55,384.9,342.21,1500.0,73.85,42.68,9.32,2.0,0.0,1120.79,0.0,0.0,0.0,0.0,0.2384165344773953,0.21457488102965577,0.0,18.0,4.0,23.89,5.0,0.0,0.0,1.0,-10.08,-7.05
EVT_01007,21.76278,72.6293,1,INDUSTRIAL_ACCIDENTAL_FIRE,Dahej Chemical SEZ (Gujarat),HELD_OUT_TEST,Disaster Inquiry Commission,0.98,False,False,130.83,390.66,326.99,1500.0,86.18,63.66,7.74,1.0,0.0,1117.53,0.0,0.0,0.0,0.0,0.08824046765143594,0.07941642088629235,1.0,18.0,4.0,28.21,12.0,0.0,0.0,1.0,-10.08,-7.05
EVT_01008,21.63307,72.55911,1,INDUSTRIAL_ACCIDENTAL_FIRE,Dahej Chemical SEZ (Gujarat),HELD_OUT_TEST,Disaster Inquiry Commission,0.98,False,False,77.4,384.57,336.47,1500.0,73.19,48.1,8.21,2.0,0.0,1126.23,0.0,0.0,0.0,0.0,0.07245643814302101,0.06521079432871892,1.0,18.0,4.0,14.85,7.0,0.0,0.0,1.0,-10.08,-7.05
EVT_01009,21.65397,72.52322,1,INDUSTRIAL_ACCIDENTAL_FIRE,Dahej Chemical SEZ (Gujarat),HELD_OUT_TEST,Disaster Inquiry Commission,0.98,False,False,143.23,385.22,330.29,1500.0,74.48,54.94,9.46,2.0,0.0,1130.05,0.0,0.0,0.0,0.0,0.08738732963923614,0.07864859667531253,0.0,18.0,4.0,31.31,7.0,0.0,0.0,1.0,-10.08,-7.05
EVT_01010,21.71629,72.60306,1,INDUSTRIAL_ACCIDENTAL_FIRE,Dahej Chemical SEZ (Gujarat),HELD_OUT_TEST,Disaster Inquiry Commission,0.98,False,False,185.48,378.11,339.38,849.9,470.2,38.73,2.48,2.0,0.0,1120.75,0.0,0.0,0.0,0.0,0.25802368402077874,0.23222131561870088,0.0,18.0,4.0,41.87,7.0,0.0,0.0,1.0,-10.08,-7.05
EVT_01011,26.56479,93.7106,1,INDUSTRIAL_ACCIDENTAL_FIRE,Numaligarh Refinery (Assam),HELD_OUT_TEST,NRL Hydrocracker Emergency Record,0.98,False,False,68.04,384.63,324.68,1500.0,73.24,59.95,66.13,2.0,0.0,801.26,0.0,0.0,0.0,0.0,0.21784200222419892,0.19605780200177902,1.0,18.0,4.0,12.51,24.0,0.0,0.0,1.0,-3.83,-2.89
EVT_01012,26.60479,93.73368,1,INDUSTRIAL_ACCIDENTAL_FIRE,Numaligarh Refinery (Assam),HELD_OUT_TEST,NRL Hydrocracker Emergency Record,0.98,False,False,126.78,381.7,337.01,1500.0,67.57,44.68,66.88,2.0,0.0,805.42,0.0,0.0,0.0,0.0,0.09253816028612923,0.08328434425751631,0.0,18.0,4.0,27.19,11.0,0.0,0.0,1.0,-3.83,-2.89
EVT_01013,26.57061,93.7496,1,INDUSTRIAL_ACCIDENTAL_FIRE,Numaligarh Refinery (Assam),HELD_OUT_TEST,NRL Hydrocracker Emergency Record,0.98,False,False,117.57,401.62,337.23,1500.0,114.23,64.4,63.32,2.0,0.0,805.48,0.0,0.0,0.0,0.0,0.07776582582041368,0.06998924323837231,0.0,18.0,4.0,24.89,18.0,0.0,0.0,1.0,-3.83,-2.89
EVT_01014,26.55845,93.73577,1,INDUSTRIAL_ACCIDENTAL_FIRE,Numaligarh Refinery (Assam),HELD_OUT_TEST,NRL Hydrocracker Emergency Record,0.98,False,False,167.12,381.12,340.64,1500.0,66.51,40.48,63.66,2.0,0.0,803.53,0.0,0.0,0.0,0.0,0.19161092127165663,0.17244982914449097,1.0,18.0,4.0,37.28,14.0,0.0,0.0,1.0,-3.83,-2.89
EVT_01015,26.57567,93.75807,1,INDUSTRIAL_ACCIDENTAL_FIRE,Numaligarh Refinery (Assam),HELD_OUT_TEST,NRL Hydrocracker Emergency Record,0.98,False,False,73.96,391.43,337.13,1500.0,88.02,54.31,62.98,2.0,0.0,806.57,0.0,0.0,0.0,0.0,0.08516333480841669,0.07664700132757502,1.0,18.0,4.0,13.99,24.0,0.0,0.0,1.0,-3.83,-2.89
EVT_01016,26.46062,93.75263,1,INDUSTRIAL_ACCIDENTAL_FIRE,Numaligarh Refinery (Assam),HELD_OUT_TEST,NRL Hydrocracker Emergency Record,0.98,False,False,141.36,389.19,330.78,1500.0,82.92,58.42,56.67,2.0,0.0,800.9,0.0,0.0,0.0,0.0,0.13474849254039334,0.12127364328635401,0.0,18.0,4.0,30.84,18.0,0.0,0.0,1.0,2.49,-4.68
EVT_01017,26.56095,93.78369,1,INDUSTRIAL_ACCIDENTAL_FIRE,Numaligarh Refinery (Assam),HELD_OUT_TEST,NRL Hydrocracker Emergency Record,0.98,False,False,89.08,386.06,324.44,1500.0,76.16,61.62,59.96,2.0,0.0,808.5,0.0,0.0,0.0,0.0,0.21665334664857122,0.1949880119837141,1.0,18.0,4.0,17.77,11.0,0.0,0.0,1.0,-3.83,-2.89
EVT_01018,26.57499,93.78377,1,INDUSTRIAL_ACCIDENTAL_FIRE,Numaligarh Refinery (Assam),HELD_OUT_TEST,NRL Hydrocracker Emergency Record,0.98,False,False,155.86,396.7,341.72,1500.0,100.93,54.98,60.92,2.0,0.0,809.14,0.0,0.0,0.0,0.0,0.13931049204253404,0.12537944283828065,1.0,18.0,4.0,34.46,7.0,0.0,0.0,1.0,-3.83,-2.89
EVT_01019,26.61233,93.70384,1,INDUSTRIAL_ACCIDENTAL_FIRE,Numaligarh Refinery (Assam),HELD_OUT_TEST,NRL Hydrocracker Emergency Record,0.98,False,False,129.59,378.27,337.93,1500.0,61.32,40.34,69.74,2.0,0.0,802.75,0.0,0.0,0.0,0.0,0.14635527493246964,0.13171974743922268,1.0,18.0,4.0,27.9,5.0,0.0,0.0,1.0,-3.83,-2.89
EVT_01020,26.56682,93.75441,1,INDUSTRIAL_ACCIDENTAL_FIRE,Numaligarh Refinery (Assam),HELD_OUT_TEST,NRL Hydrocracker Emergency Record,0.98,False,False,112.86,391.03,342.87,1500.0,87.1,48.15,62.69,2.0,0.0,805.8,0.0,0.0,0.0,0.0,0.12311045114737894,0.11079940603264105,1.0,18.0,4.0,23.72,21.0,0.0,0.0,1.0,-3.83,-2.89
EVT_01021,26.54296,93.71544,1,INDUSTRIAL_ACCIDENTAL_FIRE,Numaligarh Refinery (Assam),HELD_OUT_TEST,NRL Hydrocracker Emergency Record,0.98,False,False,77.81,383.26,335.17,1500.0,70.57,48.09,64.4,2.0,0.0,800.77,0.0,0.0,0.0,0.0,0.08154239753718419,0.07338815778346577,0.0,18.0,4.0,14.95,14.0,0.0,0.0,1.0,-3.83,-2.89
EVT_01022,26.56361,93.81804,1,INDUSTRIAL_ACCIDENTAL_FIRE,Numaligarh Refinery (Assam),HELD_OUT_TEST,NRL Hydrocracker Emergency Record,0.98,False,False,171.92,380.68,334.79,1500.0,65.67,45.89,57.48,2.0,0.0,812.11,0.0,0.0,0.0,0.0,0.17045931339406456,0.1534133820546581,0.0,18.0,4.0,38.48,9.0,0.0,0.0,1.0,-3.83,-2.89
EVT_01023,26.59414,93.72573,1,INDUSTRIAL_ACCIDENTAL_FIRE,Numaligarh Refinery (Assam),HELD_OUT_TEST,NRL Hydrocracker Emergency Record,0.98,False,False,191.65,386.0,351.6,849.9,587.64,34.4,66.79,2.0,0.0,804.13,0.0,0.0,0.0,0.0,0.2652522053270034,0.23872698479430304,1.0,18.0,4.0,43.41,18.0,0.0,0.0,1.0,-3.83,-2.89
EVT_01024,26.61731,93.76836,1,INDUSTRIAL_ACCIDENTAL_FIRE,Numaligarh Refinery (Assam),HELD_OUT_TEST,NRL Hydrocracker Emergency Record,0.98,False,False,172.24,382.98,325.22,1500.0,70.0,57.77,65.11,2.0,0.0,809.5,0.0,0.0,0.0,0.0,0.2093481244837837,0.18841331203540534,1.0,18.0,4.0,38.56,16.0,0.0,0.0,1.0,-3.83,-2.89
EVT_01025,26.58031,93.72649,1,INDUSTRIAL_ACCIDENTAL_FIRE,Numaligarh Refinery (Assam),HELD_OUT_TEST,NRL Hydrocracker Emergency Record,0.98,False,False,155.69,373.71,331.11,1500.0,53.7,42.6,65.82,2.0,0.0,803.58,0.0,0.0,0.0,0.0,0.1607285245104909,0.14465567205944183,0.0,18.0,4.0,34.42,19.0,0.0,0.0,1.0,-3.83,-2.89
EVT_01026,26.61058,93.78368,1,INDUSTRIAL_ACCIDENTAL_FIRE,Numaligarh Refinery (Assam),HELD_OUT_TEST,NRL Hydrocracker Emergency Record,0.98,False,False,113.2,393.51,342.52,1500.0,92.97,51.0,63.47,2.0,0.0,810.74,0.0,0.0,0.0,0.0,0.07491598051919397,0.06742438246727457,0.0,18.0,4.0,23.8,6.0,0.0,0.0,1.0,-3.83,-2.89
EVT_01027,26.60111,93.73963,1,INDUSTRIAL_ACCIDENTAL_FIRE,Numaligarh Refinery (Assam),HELD_OUT_TEST,NRL Hydrocracker Emergency Record,0.98,False,False,142.94,392.07,323.75,1500.0,89.41,68.32,66.16,2.0,0.0,805.85,0.0,0.0,0.0,0.0,0.06297051939849806,0.05667346745864825,1.0,18.0,4.0,31.24,16.0,0.0,0.0,1.0,-3.83,-2.89
EVT_01028,26.61502,93.74182,1,INDUSTRIAL_ACCIDENTAL_FIRE,Numaligarh Refinery (Assam),HELD_OUT_TEST,NRL Hydrocracker Emergency Record,0.98,False,False,159.04,391.37,340.44,1500.0,87.88,50.93,66.96,2.0,0.0,806.71,0.0,0.0,0.0,0.0,0.20669595426296117,0.18602635883666505,1.0,18.0,4.0,35.26,12.0,0.0,0.0,1.0,-3.83,-2.89
EVT_01029,26.54332,93.73897,1,INDUSTRIAL_ACCIDENTAL_FIRE,Numaligarh Refinery (Assam),HELD_OUT_TEST,NRL Hydrocracker Emergency Record,0.98,False,False,82.12,398.43,339.62,1500.0,105.47,58.82,62.45,2.0,0.0,803.17,0.0,0.0,0.0,0.0,0.26552601836287004,0.23897341652658305,1.0,18.0,4.0,16.03,20.0,0.0,0.0,1.0,-3.83,-2.89
EVT_01030,26.65316,93.75065,1,INDUSTRIAL_ACCIDENTAL_FIRE,Numaligarh Refinery (Assam),HELD_OUT_TEST,NRL Hydrocracker Emergency Record,0.98,False,False,81.78,381.34,341.92,500.0,12849.82,39.42,65.38,2.0,0.0,809.35,0.0,0.0,0.0,0.0,0.15521931243580156,0.13969738119222141,1.0,18.0,4.0,15.95,10.0,0.0,0.0,1.0,-3.83,-2.89
EVT_01031,26.62662,93.80608,1,INDUSTRIAL_ACCIDENTAL_FIRE,Numaligarh Refinery (Assam),HELD_OUT_TEST,NRL Hydrocracker Emergency Record,0.98,False,False,203.5,378.72,336.7,1500.0,62.13,42.02,63.04,2.0,0.0,813.74,0.0,0.0,0.0,0.0,0.1473165992022621,0.13258493928203588,0.0,18.0,4.0,46.37,19.0,0.0,0.0,1.0,-3.83,-2.89
EVT_01032,26.62422,93.72952,1,INDUSTRIAL_ACCIDENTAL_FIRE,Numaligarh Refinery (Assam),HELD_OUT_TEST,NRL Hydrocracker Emergency Record,0.98,False,False,192.93,377.32,330.09,1500.0,59.65,47.22,68.56,2.0,0.0,805.89,0.0,0.0,0.0,0.0,0.29677059100149256,0.26709353190134333,1.0,18.0,4.0,43.73,5.0,0.0,0.0,1.0,-3.83,-2.89
EVT_01033,26.61793,93.73057,1,INDUSTRIAL_ACCIDENTAL_FIRE,Numaligarh Refinery (Assam),HELD_OUT_TEST,NRL Hydrocracker Emergency Record,0.98,False,False,117.58,385.11,334.35,1500.0,74.27,50.76,68.03,2.0,0.0,805.7,0.0,0.0,0.0,0.0,0.13067092676945508,0.11760383409250957,1.0,18.0,4.0,24.89,9.0,0.0,0.0,1.0,-3.83,-2.89
EVT_01034,26.56781,93.71016,1,INDUSTRIAL_ACCIDENTAL_FIRE,Numaligarh Refinery (Assam),HELD_OUT_TEST,NRL Hydrocracker Emergency Record,0.98,False,False,163.94,379.47,338.98,1500.0,63.46,40.49,66.35,2.0,0.0,801.35,0.0,0.0,0.0,0.0,0.21364154780589956,0.1922773930253096,1.0,18.0,4.0,36.49,21.0,0.0,0.0,1.0,-3.83,-2.89
EVT_01035,26.64376,93.77091,1,INDUSTRIAL_ACCIDENTAL_FIRE,Numaligarh Refinery (Assam),HELD_OUT_TEST,NRL Hydrocracker Emergency Record,0.98,False,False,83.05,378.6,335.82,1500.0,61.9,42.78,66.27,2.0,0.0,810.97,0.0,0.0,0.0,0.0,0.1991186443859881,0.1792067799473893,0.0,18.0,4.0,16.26,24.0,0.0,0.0,1.0,-3.83,-2.89
EVT_01036,26.60812,93.71899,1,INDUSTRIAL_ACCIDENTAL_FIRE,Numaligarh Refinery (Assam),HELD_OUT_TEST,NRL Hydrocracker Emergency Record,0.98,False,False,122.74,397.28,342.41,1500.0,102.44,54.87,68.26,2.0,0.0,804.08,0.0,0.0,0.0,0.0,0.11560195564268626,0.10404176007841763,1.0,18.0,4.0,26.19,20.0,0.0,0.0,1.0,-3.83,-2.89
EVT_01037,26.66765,93.7192,1,INDUSTRIAL_ACCIDENTAL_FIRE,Numaligarh Refinery (Assam),HELD_OUT_TEST,NRL Hydrocracker Emergency Record,0.98,False,False,194.54,398.13,328.6,1500.0,104.59,69.53,64.14,2.0,0.0,806.85,0.0,0.0,0.0,0.0,0.22205831933391235,0.1998524874005211,1.0,18.0,4.0,44.13,7.0,0.0,0.0,1.0,-3.83,-2.89
EVT_01038,26.56272,93.72718,1,INDUSTRIAL_ACCIDENTAL_FIRE,Numaligarh Refinery (Assam),HELD_OUT_TEST,NRL Hydrocracker Emergency Record,0.98,False,False,110.89,382.22,320.27,1500.0,68.49,61.95,64.63,2.0,0.0,802.85,0.0,0.0,0.0,0.0,0.17873237384812068,0.16085913646330863,0.0,18.0,4.0,23.22,21.0,0.0,0.0,1.0,-3.83,-2.89
EVT_01039,26.62514,93.67948,1,INDUSTRIAL_ACCIDENTAL_FIRE,Numaligarh Refinery (Assam),HELD_OUT_TEST,NRL Hydrocracker Emergency Record,0.98,False,False,197.08,392.46,327.38,1500.0,90.36,65.08,69.45,2.0,0.0,800.88,0.0,0.0,0.0,0.0,0.18979646999496208,0.17081682299546588,1.0,18.0,4.0,44.77,24.0,0.0,0.0,1.0,-3.83,-2.89
EVT_01040,26.66134,93.73133,1,INDUSTRIAL_ACCIDENTAL_FIRE,Numaligarh Refinery (Assam),HELD_OUT_TEST,NRL Hydrocracker Emergency Record,0.98,False,False,157.79,390.19,344.35,1500.0,85.2,45.84,64.68,2.0,0.0,807.78,0.0,0.0,0.0,0.0,0.12313510712039245,0.1108215964083532,1.0,18.0,4.0,34.95,23.0,0.0,0.0,1.0,-3.83,-2.89
EVT_01041,26.58846,93.78806,1,INDUSTRIAL_ACCIDENTAL_FIRE,Numaligarh Refinery (Assam),HELD_OUT_TEST,NRL Hydrocracker Emergency Record,0.98,False,False,124.2,386.58,321.48,1500.0,77.22,65.1,61.54,2.0,0.0,810.18,0.0,0.0,0.0,0.0,0.19107526616745757,0.17196773955071182,0.0,18.0,4.0,26.55,11.0,0.0,0.0,1.0,-3.83,-2.89
EVT_01042,26.55649,93.72138,1,INDUSTRIAL_ACCIDENTAL_FIRE,Numaligarh Refinery (Assam),HELD_OUT_TEST,NRL Hydrocracker Emergency Record,0.98,False,False,145.69,381.59,335.34,1500.0,67.36,46.25,64.72,2.0,0.0,801.98,0.0,0.0,0.0,0.0,0.1479429355030008,0.13314864195270074,1.0,18.0,4.0,31.92,17.0,0.0,0.0,1.0,-3.83,-2.89
EVT_01043,26.58263,93.71204,1,INDUSTRIAL_ACCIDENTAL_FIRE,Numaligarh Refinery (Assam),HELD_OUT_TEST,NRL Hydrocracker Emergency Record,0.98,False,False,167.89,368.68,323.5,1500.0,46.13,45.18,67.13,2.0,0.0,802.22,0.0,0.0,0.0,0.0,0.1724570151366806,0.15521131362301255,1.0,18.0,4.0,37.47,8.0,0.0,0.0,1.0,-3.83,-2.89
EVT_01044,26.56628,93.73826,1,INDUSTRIAL_ACCIDENTAL_FIRE,Numaligarh Refinery (Assam),HELD_OUT_TEST,NRL Hydrocracker Emergency Record,0.98,False,False,210.95,376.56,325.43,1500.0,58.35,51.13,63.96,2.0,0.0,804.13,0.0,0.0,0.0,0.0,0.22778237950077246,0.2050041415506952,0.0,18.0,4.0,48.24,7.0,0.0,0.0,1.0,-3.83,-2.89
EVT_01045,26.57152,93.79736,1,INDUSTRIAL_ACCIDENTAL_FIRE,Numaligarh Refinery (Assam),HELD_OUT_TEST,NRL Hydrocracker Emergency Record,0.98,False,False,104.28,356.01,337.77,849.3,235.86,18.24,59.63,2.0,0.0,810.37,0.0,0.0,0.0,0.0,0.17625701153719175,0.15863131038347258,0.0,18.0,4.0,21.57,13.0,0.0,0.0,1.0,-3.83,-2.89
EVT_01046,26.57482,93.77323,1,INDUSTRIAL_ACCIDENTAL_FIRE,Numaligarh Refinery (Assam),HELD_OUT_TEST,NRL Hydrocracker Emergency Record,0.98,False,False,167.32,376.19,335.25,1500.0,57.75,40.94,61.73,2.0,0.0,808.06,0.0,0.0,0.0,0.0,0.2590198187917096,0.23311783691253865,1.0,18.0,4.0,37.33,16.0,0.0,0.0,1.0,-3.83,-2.89
EVT_01047,26.61755,93.78259,1,INDUSTRIAL_ACCIDENTAL_FIRE,Numaligarh Refinery (Assam),HELD_OUT_TEST,NRL Hydrocracker Emergency Record,0.98,False,False,137.83,379.56,327.29,1500.0,63.6,52.27,64.07,2.0,0.0,810.95,0.0,0.0,0.0,0.0,0.13269824785691392,0.11942842307122253,1.0,18.0,4.0,29.96,17.0,0.0,0.0,1.0,-3.83,-2.89
EVT_01048,26.57994,93.71394,1,INDUSTRIAL_ACCIDENTAL_FIRE,Numaligarh Refinery (Assam),HELD_OUT_TEST,NRL Hydrocracker Emergency Record,0.98,False,False,76.01,374.3,348.92,546.9,5469.15,25.38,66.81,2.0,0.0,802.29,0.0,0.0,0.0,0.0,0.17196915149951486,0.15477223634956339,1.0,18.0,4.0,14.5,19.0,0.0,0.0,1.0,-3.83,-2.89
EVT_01049,26.5854,93.71421,1,INDUSTRIAL_ACCIDENTAL_FIRE,Numaligarh Refinery (Assam),HELD_OUT_TEST,NRL Hydrocracker Emergency Record,0.98,False,False,146.02,399.0,335.79,1500.0,106.96,63.21,67.14,2.0,0.0,802.56,0.0,0.0,0.0,0.0,0.0895230843207122,0.08057077588864098,0.0,18.0,4.0,32.0,10.0,0.0,0.0,1.0,-3.83,-2.89
EVT_01050,26.61017,93.74302,1,INDUSTRIAL_ACCIDENTAL_FIRE,Numaligarh Refinery (Assam),HELD_OUT_TEST,NRL Hydrocracker Emergency Record,0.98,False,False,141.43,382.25,344.54,500.0,13230.26,37.71,66.53,2.0,0.0,806.61,0.0,0.0,0.0,0.0,0.11640236441660372,0.10476212797494334,1.0,18.0,4.0,30.86,16.0,0.0,0.0,1.0,-3.83,-2.89
EVT_01051,20.18771,86.74426,0,INDUSTRIAL_ROUTINE_FLARE,Paradip Refinery (Odisha),HELD_OUT_TEST,IOCL Flare Stack Monitoring,0.98,False,False,20.46,363.02,296.92,1500.0,38.5,66.09,16.81,1.0,0.0,383.26,0.0,0.0,0.0,0.0,0.9771983144341319,0.8794784829907187,0.0,16.5,3.5,1.13,106.0,0.0,0.0,1.0,-2.97,-2.97
EVT_01052,20.25713,86.70469,0,INDUSTRIAL_ROUTINE_FLARE,Paradip Refinery (Odisha),HELD_OUT_TEST,IOCL Flare Stack Monitoring,0.98,False,False,17.49,370.23,303.89,1500.0,48.25,66.34,11.21,1.0,0.0,376.11,0.0,0.0,0.0,0.0,0.9723524956690938,0.8751172461021844,0.0,16.5,3.5,0.28,118.0,0.0,0.0,1.0,-2.97,-2.97
EVT_01053,20.27359,86.67586,0,INDUSTRIAL_ROUTINE_FLARE,Paradip Refinery (Odisha),HELD_OUT_TEST,IOCL Flare Stack Monitoring,0.98,False,False,22.19,366.61,298.09,1500.0,43.12,68.52,8.58,1.0,0.0,374.71,0.0,0.0,0.0,0.0,0.915849400264855,0.8242644602383695,1.0,16.5,3.5,1.63,87.0,0.0,0.0,1.0,-2.97,-2.97
EVT_01054,20.3293,86.69248,0,INDUSTRIAL_ROUTINE_FLARE,Paradip Refinery (Odisha),HELD_OUT_TEST,IOCL Flare Stack Monitoring,0.98,False,False,20.72,363.5,296.94,1500.0,39.1,66.57,13.26,1.0,0.0,368.34,0.0,0.0,0.0,0.0,0.8609821628539688,0.774883946568572,1.0,16.5,3.5,1.21,128.0,0.0,0.0,1.0,-2.97,-2.97
EVT_01055,20.22092,86.73484,0,INDUSTRIAL_ROUTINE_FLARE,Paradip Refinery (Odisha),HELD_OUT_TEST,IOCL Flare Stack Monitoring,0.98,False,False,26.58,359.87,303.04,1500.0,34.8,56.83,14.69,1.0,0.0,379.71,0.0,0.0,0.0,0.0,0.9369011204592435,0.8432110084133191,1.0,16.5,3.5,2.88,93.0,0.0,0.0,1.0,-2.97,-2.97
EVT_01056,20.25958,86.63077,0,INDUSTRIAL_ROUTINE_FLARE,Paradip Refinery (Odisha),HELD_OUT_TEST,IOCL Flare Stack Monitoring,0.98,False,False,32.88,364.6,302.85,1500.0,40.53,61.75,3.63,1.0,0.0,376.94,0.0,0.0,0.0,0.0,0.9009900026295409,0.8108910023665868,0.0,16.5,3.5,4.68,96.0,0.0,0.0,1.0,-2.97,-2.97
EVT_01057,20.22653,86.67486,0,INDUSTRIAL_ROUTINE_FLARE,Paradip Refinery (Odisha),HELD_OUT_TEST,IOCL Flare Stack Monitoring,0.98,False,False,15.73,363.63,304.53,1500.0,39.32,59.1,8.48,1.0,0.0,379.9,0.0,0.0,0.0,0.0,0.8793099627203662,0.7913789664483296,1.0,16.5,3.5,-0.22,131.0,0.0,0.0,1.0,-2.97,-2.97
EVT_01058,20.22734,86.63511,0,INDUSTRIAL_ROUTINE_FLARE,Paradip Refinery (Odisha),HELD_OUT_TEST,IOCL Flare Stack Monitoring,0.98,False,False,14.23,369.82,301.67,1500.0,47.62,68.15,4.66,1.0,0.0,380.41,0.0,0.0,0.0,0.0,0.7952199977961549,0.7156979980165394,1.0,16.5,3.5,-0.65,62.0,0.0,0.0,1.0,-2.97,-2.97
EVT_01059,20.33878,86.71017,0,INDUSTRIAL_ROUTINE_FLARE,Paradip Refinery (Odisha),HELD_OUT_TEST,IOCL Flare Stack Monitoring,0.98,False,False,21.8,362.23,301.76,1500.0,37.58,60.47,15.35,1.0,0.0,367.05,0.0,0.0,0.0,0.0,0.8718966602100331,0.7847069941890298,0.0,16.5,3.5,1.51,72.0,0.0,0.0,1.0,-2.97,-2.97
EVT_01060,20.27529,86.68404,0,INDUSTRIAL_ROUTINE_FLARE,Paradip Refinery (Odisha),HELD_OUT_TEST,IOCL Flare Stack Monitoring,0.98,False,False,36.52,366.71,301.75,1500.0,43.3,64.96,9.45,1.0,0.0,374.4,0.0,0.0,0.0,0.0,0.9157094682836321,0.8241385214552689,0.0,16.5,3.5,5.72,74.0,0.0,0.0,1.0,-2.97,-2.97
EVT_01061,20.33368,86.62766,0,INDUSTRIAL_ROUTINE_FLARE,Paradip Refinery (Odisha),HELD_OUT_TEST,IOCL Flare Stack Monitoring,0.98,False,False,14.55,370.28,302.88,1500.0,48.31,67.41,9.82,1.0,0.0,368.85,0.0,0.0,0.0,0.0,0.8802239401650697,0.7922015461485628,0.0,16.5,3.5,-0.56,78.0,0.0,0.0,1.0,-2.97,-2.97
EVT_01062,20.21301,86.64734,0,INDUSTRIAL_ROUTINE_FLARE,Paradip Refinery (Odisha),HELD_OUT_TEST,IOCL Flare Stack Monitoring,0.98,False,False,14.03,374.8,303.78,1500.0,55.26,71.02,6.63,1.0,0.0,381.8,0.0,0.0,0.0,0.0,0.9062754872790858,0.8156479385511772,0.0,16.5,3.5,-0.71,83.0,0.0,0.0,1.0,-2.97,-2.97
EVT_01063,20.20403,86.65925,0,INDUSTRIAL_ROUTINE_FLARE,Paradip Refinery (Odisha),HELD_OUT_TEST,IOCL Flare Stack Monitoring,0.98,False,False,19.33,368.94,306.64,1500.0,46.42,62.3,8.22,1.0,0.0,382.61,0.0,0.0,0.0,0.0,0.8585052396835654,0.7726547157152088,1.0,16.5,3.5,0.81,95.0,0.0,0.0,1.0,-2.97,-2.97
EVT_01064,20.29167,86.6621,0,INDUSTRIAL_ROUTINE_FLARE,Paradip Refinery (Odisha),HELD_OUT_TEST,IOCL Flare Stack Monitoring,0.98,False,False,18.52,375.06,300.89,1500.0,55.64,74.17,8.18,1.0,0.0,372.92,0.0,0.0,0.0,0.0,0.8045166313014366,0.724064968171293,0.0,16.5,3.5,0.58,107.0,0.0,0.0,1.0,-2.97,-2.97
EVT_01065,20.27319,86.63354,0,INDUSTRIAL_ROUTINE_FLARE,Paradip Refinery (Odisha),HELD_OUT_TEST,IOCL Flare Stack Monitoring,0.98,False,False,17.75,359.17,301.92,1500.0,34.0,57.25,4.56,1.0,0.0,375.4,0.0,0.0,0.0,0.0,0.7829617722265251,0.7046655950038726,0.0,16.5,3.5,0.36,106.0,0.0,0.0,1.0,-2.97,-2.97
EVT_01066,20.25757,86.73622,0,INDUSTRIAL_ROUTINE_FLARE,Paradip Refinery (Odisha),HELD_OUT_TEST,IOCL Flare Stack Monitoring,0.98,False,False,18.19,364.84,305.59,1500.0,40.86,59.25,14.49,1.0,0.0,375.65,0.0,0.0,0.0,0.0,0.8198761638021255,0.7378885474219129,0.0,16.5,3.5,0.48,119.0,0.0,0.0,1.0,-2.97,-2.97
EVT_01067,20.21361,86.69464,0,INDUSTRIAL_ROUTINE_FLARE,Paradip Refinery (Odisha),HELD_OUT_TEST,IOCL Flare Stack Monitoring,0.98,False,False,16.77,372.2,300.77,1500.0,51.15,71.43,10.91,1.0,0.0,381.05,0.0,0.0,0.0,0.0,0.8284391784026285,0.7455952605623657,1.0,16.5,3.5,0.08,148.0,0.0,0.0,1.0,-2.97,-2.97
EVT_01068,20.22893,86.63991,0,INDUSTRIAL_ROUTINE_FLARE,Paradip Refinery (Odisha),HELD_OUT_TEST,IOCL Flare Stack Monitoring,0.98,False,False,16.81,362.51,307.44,1500.0,37.95,55.07,5.01,1.0,0.0,380.16,0.0,0.0,0.0,0.0,0.8157325610678207,0.7341593049610387,0.0,16.5,3.5,0.09,142.0,0.0,0.0,1.0,-2.97,-2.97
EVT_01069,20.22324,86.63597,0,INDUSTRIAL_ROUTINE_FLARE,Paradip Refinery (Odisha),HELD_OUT_TEST,IOCL Flare Stack Monitoring,0.98,False,False,16.6,361.85,300.73,1500.0,37.11,61.12,5.0,1.0,0.0,380.85,0.0,0.0,0.0,0.0,0.8843768923854957,0.7959392031469461,0.0,16.5,3.5,0.03,114.0,0.0,0.0,1.0,-2.97,-2.97
EVT_01070,20.26129,86.67426,0,INDUSTRIAL_ROUTINE_FLARE,Paradip Refinery (Odisha),HELD_OUT_TEST,IOCL Flare Stack Monitoring,0.98,False,False,26.21,365.23,305.93,1500.0,41.37,59.3,8.1,1.0,0.0,376.09,0.0,0.0,0.0,0.0,0.9431641046525934,0.8488476941873341,0.0,16.5,3.5,2.78,95.0,0.0,0.0,1.0,-2.97,-2.97
EVT_01071,20.30278,86.72623,0,INDUSTRIAL_ROUTINE_FLARE,Paradip Refinery (Odisha),HELD_OUT_TEST,IOCL Flare Stack Monitoring,0.98,False,False,25.1,380.71,301.26,1500.0,65.41,79.44,14.65,1.0,0.0,370.8,0.0,0.0,0.0,0.0,0.9738075252605106,0.8764267727344596,0.0,16.5,3.5,2.46,92.0,0.0,0.0,1.0,-2.97,-2.97
EVT_01072,20.28167,86.67314,0,INDUSTRIAL_ROUTINE_FLARE,Paradip Refinery (Odisha),HELD_OUT_TEST,IOCL Flare Stack Monitoring,0.98,False,False,18.78,363.1,301.61,1500.0,38.64,61.49,8.64,1.0,0.0,373.86,0.0,0.0,0.0,0.0,0.949306898624681,0.8543762087622129,0.0,16.5,3.5,0.65,121.0,0.0,0.0,1.0,-2.97,-2.97
EVT_01073,20.24557,86.64895,0,INDUSTRIAL_ROUTINE_FLARE,Paradip Refinery (Odisha),HELD_OUT_TEST,IOCL Flare Stack Monitoring,0.98,False,False,17.03,359.79,304.54,1500.0,34.73,55.25,5.39,1.0,0.0,378.19,0.0,0.0,0.0,0.0,0.8329732515627143,0.7496759264064429,0.0,16.5,3.5,0.15,70.0,0.0,0.0,1.0,-2.97,-2.97
EVT_01074,20.29129,86.67426,0,INDUSTRIAL_ROUTINE_FLARE,Paradip Refinery (Odisha),HELD_OUT_TEST,IOCL Flare Stack Monitoring,0.98,False,False,24.78,363.8,310.54,1500.0,39.56,53.26,9.23,1.0,0.0,372.78,0.0,0.0,0.0,0.0,0.9695067701466891,0.8725560931320202,0.0,16.5,3.5,2.37,111.0,0.0,0.0,1.0,-2.97,-2.97
EVT_01075,20.27071,86.66191,0,INDUSTRIAL_ROUTINE_FLARE,Paradip Refinery (Odisha),HELD_OUT_TEST,IOCL Flare Stack Monitoring,0.98,False,False,15.41,356.66,308.83,1500.0,31.29,47.83,7.1,1.0,0.0,375.23,0.0,0.0,0.0,0.0,0.9684601875802413,0.8716141688222172,0.0,16.5,3.5,-0.31,66.0,0.0,0.0,1.0,-2.97,-2.97
EVT_01076,20.21921,86.61712,0,INDUSTRIAL_ROUTINE_FLARE,Paradip Refinery (Odisha),HELD_OUT_TEST,IOCL Flare Stack Monitoring,0.98,False,False,15.04,365.47,305.71,1500.0,41.68,59.76,3.99,1.0,0.0,381.59,0.0,0.0,0.0,0.0,0.8538112318683608,0.7684301086815247,0.0,16.5,3.5,-0.42,119.0,0.0,0.0,1.0,-2.97,-2.97
EVT_01077,20.32935,86.65444,0,INDUSTRIAL_ROUTINE_FLARE,Paradip Refinery (Odisha),HELD_OUT_TEST,IOCL Flare Stack Monitoring,0.98,False,False,24.04,373.44,303.44,1500.0,53.09,70.0,10.64,1.0,0.0,368.9,0.0,0.0,0.0,0.0,0.7916594407724714,0.7124934966952243,0.0,16.5,3.5,2.15,60.0,0.0,0.0,1.0,-2.97,-2.97
EVT_01078,20.22622,86.61292,0,INDUSTRIAL_ROUTINE_FLARE,Paradip Refinery (Odisha),HELD_OUT_TEST,IOCL Flare Stack Monitoring,0.98,False,False,15.82,374.36,296.84,1500.0,54.46,77.52,3.09,1.0,0.0,380.89,0.0,0.0,0.0,0.0,0.9444422310615408,0.8499980079553867,1.0,16.5,3.5,-0.2,112.0,0.0,0.0,1.0,-2.97,-2.97
EVT_01079,20.27861,86.68598,0,INDUSTRIAL_ROUTINE_FLARE,Paradip Refinery (Odisha),HELD_OUT_TEST,IOCL Flare Stack Monitoring,0.98,False,False,22.13,366.49,302.39,1500.0,43.01,64.1,9.76,1.0,0.0,374.01,0.0,0.0,0.0,0.0,0.8840165366433168,0.7956148829789852,0.0,16.5,3.5,1.61,97.0,0.0,0.0,1.0,-2.97,-2.97
EVT_01080,20.2545,86.67256,0,INDUSTRIAL_ROUTINE_FLARE,Paradip Refinery (Odisha),HELD_OUT_TEST,IOCL Flare Stack Monitoring,0.98,False,False,20.69,360.8,305.18,1500.0,35.9,55.62,7.85,1.0,0.0,376.86,0.0,0.0,0.0,0.0,0.868636015028932,0.7817724135260388,0.0,16.5,3.5,1.2,101.0,0.0,0.0,1.0,-2.97,-2.97
EVT_01081,20.25615,86.66356,0,INDUSTRIAL_ROUTINE_FLARE,Paradip Refinery (Odisha),HELD_OUT_TEST,IOCL Flare Stack Monitoring,0.98,False,False,28.63,359.59,308.0,1500.0,34.51,51.6,6.92,1.0,0.0,376.81,0.0,0.0,0.0,0.0,0.8395959589324539,0.7556363630392084,1.0,16.5,3.5,3.47,86.0,0.0,0.0,1.0,-2.97,-2.97
EVT_01082,20.24234,86.67447,0,INDUSTRIAL_ROUTINE_FLARE,Paradip Refinery (Odisha),HELD_OUT_TEST,IOCL Flare Stack Monitoring,0.98,False,False,21.65,366.17,303.61,1500.0,42.58,62.56,8.07,1.0,0.0,378.17,0.0,0.0,0.0,0.0,0.8478261630969406,0.7630435467872465,1.0,16.5,3.5,1.47,146.0,0.0,0.0,1.0,-2.97,-2.97
EVT_01083,20.26869,86.64364,0,INDUSTRIAL_ROUTINE_FLARE,Paradip Refinery (Odisha),HELD_OUT_TEST,IOCL Flare Stack Monitoring,0.98,False,False,19.43,371.77,300.66,1500.0,50.49,71.11,5.24,1.0,0.0,375.73,0.0,0.0,0.0,0.0,0.8058073575620873,0.7252266218058786,0.0,16.5,3.5,0.84,142.0,0.0,0.0,1.0,-2.97,-2.97
EVT_01084,20.2203,86.70602,0,INDUSTRIAL_ROUTINE_FLARE,Paradip Refinery (Odisha),HELD_OUT_TEST,IOCL Flare Stack Monitoring,0.98,False,False,15.28,352.44,304.62,1500.0,27.04,47.82,11.79,1.0,0.0,380.15,0.0,0.0,0.0,0.0,0.861434747719775,0.7752912729477975,1.0,16.5,3.5,-0.35,80.0,0.0,0.0,1.0,-2.97,-2.97
EVT_01085,20.2645,86.64926,0,INDUSTRIAL_ROUTINE_FLARE,Paradip Refinery (Odisha),HELD_OUT_TEST,IOCL Flare Stack Monitoring,0.98,False,False,14.38,366.78,301.44,1500.0,43.38,65.34,5.63,1.0,0.0,376.11,0.0,0.0,0.0,0.0,0.7918617789602194,0.7126756010641975,0.0,16.5,3.5,-0.61,107.0,0.0,0.0,1.0,-2.97,-2.97
EVT_01086,20.26557,86.64565,0,INDUSTRIAL_ROUTINE_FLARE,Paradip Refinery (Odisha),HELD_OUT_TEST,IOCL Flare Stack Monitoring,0.98,False,False,19.1,366.41,297.85,1500.0,42.85,68.55,5.31,1.0,0.0,376.05,0.0,0.0,0.0,0.0,0.9648708692387601,0.8683837823148841,0.0,16.5,3.5,0.74,91.0,0.0,0.0,1.0,-2.97,-2.97
EVT_01087,20.27982,86.66566,0,INDUSTRIAL_ROUTINE_FLARE,Paradip Refinery (Odisha),HELD_OUT_TEST,IOCL Flare Stack Monitoring,0.98,False,False,27.01,359.89,305.83,1500.0,34.85,54.07,7.84,1.0,0.0,374.17,0.0,0.0,0.0,0.0,0.866479272037018,0.7798313448333163,0.0,16.5,3.5,3.0,141.0,0.0,0.0,1.0,-2.97,-2.97
EVT_01088,20.25254,86.69172,0,INDUSTRIAL_ROUTINE_FLARE,Paradip Refinery (Odisha),HELD_OUT_TEST,IOCL Flare Stack Monitoring,0.98,False,False,22.35,368.58,298.23,1500.0,45.82,70.35,9.83,1.0,0.0,376.8,0.0,0.0,0.0,0.0,0.8129254493130831,0.7316329043817748,1.0,16.5,3.5,1.67,65.0,0.0,0.0,1.0,-2.97,-2.97
EVT_01089,20.25118,86.65671,0,INDUSTRIAL_ROUTINE_FLARE,Paradip Refinery (Odisha),HELD_OUT_TEST,IOCL Flare Stack Monitoring,0.98,False,False,14.32,361.73,296.02,1500.0,36.93,65.71,6.18,1.0,0.0,377.46,0.0,0.0,0.0,0.0,0.9741146665254721,0.8767031998729249,0.0,16.5,3.5,-0.62,112.0,0.0,0.0,1.0,-2.97,-2.97
EVT_01090,20.27372,86.65363,0,INDUSTRIAL_ROUTINE_FLARE,Paradip Refinery (Odisha),HELD_OUT_TEST,IOCL Flare Stack Monitoring,0.98,False,False,18.03,362.65,304.8,1500.0,38.1,57.85,6.42,1.0,0.0,375.03,0.0,0.0,0.0,0.0,0.8509990082076707,0.7658991073869037,1.0,16.5,3.5,0.44,69.0,0.0,0.0,1.0,-2.97,-2.97
EVT_01091,20.29319,86.65929,0,INDUSTRIAL_ROUTINE_FLARE,Paradip Refinery (Odisha),HELD_OUT_TEST,IOCL Flare Stack Monitoring,0.98,False,False,22.06,356.34,306.82,1500.0,30.96,49.52,8.04,1.0,0.0,372.8,0.0,0.0,0.0,0.0,0.7839366430762827,0.7055429787686545,0.0,16.5,3.5,1.59,127.0,0.0,0.0,1.0,-2.97,-2.97
EVT_01092,20.20177,86.65978,0,INDUSTRIAL_ROUTINE_FLARE,Paradip Refinery (Odisha),HELD_OUT_TEST,IOCL Flare Stack Monitoring,0.98,False,False,16.32,371.96,305.9,1500.0,50.84,66.06,8.42,1.0,0.0,382.85,0.0,0.0,0.0,0.0,0.94706129217169,0.852355162954521,0.0,16.5,3.5,-0.05,131.0,0.0,0.0,1.0,-2.97,-2.97
EVT_01093,20.28987,86.61139,0,INDUSTRIAL_ROUTINE_FLARE,Paradip Refinery (Odisha),HELD_OUT_TEST,IOCL Flare Stack Monitoring,0.98,False,False,14.57,356.76,307.96,1500.0,31.4,48.8,4.66,1.0,0.0,373.93,0.0,0.0,0.0,0.0,0.8547269304185449,0.7692542373766904,0.0,16.5,3.5,-0.55,126.0,0.0,0.0,1.0,-2.97,-2.97
EVT_01094,20.28894,86.61708,0,INDUSTRIAL_ROUTINE_FLARE,Paradip Refinery (Odisha),HELD_OUT_TEST,IOCL Flare Stack Monitoring,0.98,False,False,14.31,365.16,296.17,1500.0,41.19,68.99,4.79,1.0,0.0,373.94,0.0,0.0,0.0,0.0,0.8496955951591311,0.764726035643218,1.0,16.5,3.5,-0.63,128.0,0.0,0.0,1.0,-2.97,-2.97
EVT_01095,20.21227,86.6838,0,INDUSTRIAL_ROUTINE_FLARE,Paradip Refinery (Odisha),HELD_OUT_TEST,IOCL Flare Stack Monitoring,0.98,False,False,20.69,364.54,300.63,1500.0,40.44,63.91,9.93,1.0,0.0,381.34,0.0,0.0,0.0,0.0,0.7990092917323371,0.7191083625591035,0.0,16.5,3.5,1.2,71.0,0.0,0.0,1.0,-2.97,-2.97
EVT_01096,20.28204,86.67223,0,INDUSTRIAL_ROUTINE_FLARE,Paradip Refinery (Odisha),HELD_OUT_TEST,IOCL Flare Stack Monitoring,0.98,False,False,14.45,365.66,301.5,1500.0,41.9,64.16,8.57,1.0,0.0,373.83,0.0,0.0,0.0,0.0,0.9717091213648174,0.8745382092283356,1.0,16.5,3.5,-0.59,141.0,0.0,0.0,1.0,-2.97,-2.97
EVT_01097,20.29234,86.72178,0,INDUSTRIAL_ROUTINE_FLARE,Paradip Refinery (Odisha),HELD_OUT_TEST,IOCL Flare Stack Monitoring,0.98,False,False,22.92,364.06,298.91,1500.0,39.82,65.16,13.79,1.0,0.0,372.01,0.0,0.0,0.0,0.0,0.8858871481082553,0.7972984332974298,0.0,16.5,3.5,1.83,72.0,0.0,0.0,1.0,-2.97,-2.97
EVT_01098,20.28138,86.67538,0,INDUSTRIAL_ROUTINE_FLARE,Paradip Refinery (Odisha),HELD_OUT_TEST,IOCL Flare Stack Monitoring,0.98,False,False,18.32,361.18,303.66,1500.0,36.34,57.52,8.84,1.0,0.0,373.86,0.0,0.0,0.0,0.0,0.9581648263021255,0.8623483436719129,1.0,16.5,3.5,0.52,116.0,0.0,0.0,1.0,-2.97,-2.97
EVT_01099,20.25349,86.69062,0,INDUSTRIAL_ROUTINE_FLARE,Paradip Refinery (Odisha),HELD_OUT_TEST,IOCL Flare Stack Monitoring,0.98,False,False,18.07,363.11,306.43,1500.0,38.68,56.68,9.72,1.0,0.0,376.71,0.0,0.0,0.0,0.0,0.9068486181955085,0.8161637563759577,0.0,16.5,3.5,0.45,107.0,0.0,0.0,1.0,-2.97,-2.97
EVT_01100,20.21625,86.68301,0,INDUSTRIAL_ROUTINE_FLARE,Paradip Refinery (Odisha),HELD_OUT_TEST,IOCL Flare Stack Monitoring,0.98,False,False,18.43,356.0,299.09,1500.0,30.56,56.91,9.68,1.0,0.0,380.92,0.0,0.0,0.0,0.0,0.8468272823752346,0.7621445541377112,1.0,16.5,3.5,0.55,146.0,0.0,0.0,1.0,-2.97,-2.97
EVT_01101,20.2146,86.59269,0,INDUSTRIAL_ROUTINE_FLARE,Paradip Refinery (Odisha),HELD_OUT_TEST,IOCL Flare Stack Monitoring,0.98,False,False,16.6,357.97,306.79,1500.0,32.69,51.17,3.97,1.0,0.0,382.5,0.0,0.0,0.0,0.0,0.9665086252171959,0.8698577626954763,1.0,16.5,3.5,0.03,101.0,0.0,0.0,1.0,-2.97,-2.97
EVT_01102,20.26199,86.60748,0,INDUSTRIAL_ROUTINE_FLARE,Paradip Refinery (Odisha),HELD_OUT_TEST,IOCL Flare Stack Monitoring,0.98,False,False,26.77,367.42,303.78,1500.0,44.28,63.64,1.69,1.0,0.0,377.06,0.0,0.0,0.0,0.0,0.896436147228928,0.8067925325060352,1.0,16.5,3.5,2.93,121.0,0.0,0.0,1.0,-2.97,-2.97
EVT_01103,20.3014,86.66267,0,INDUSTRIAL_ROUTINE_FLARE,Paradip Refinery (Odisha),HELD_OUT_TEST,IOCL Flare Stack Monitoring,0.98,False,False,28.38,351.21,302.67,1500.0,25.88,48.54,8.88,1.0,0.0,371.85,0.0,0.0,0.0,0.0,0.8111761395059611,0.730058525555365,1.0,16.5,3.5,3.39,103.0,0.0,0.0,1.0,-2.97,-2.97
EVT_01104,20.20636,86.6305,0,INDUSTRIAL_ROUTINE_FLARE,Paradip Refinery (Odisha),HELD_OUT_TEST,IOCL Flare Stack Monitoring,0.98,False,False,14.37,371.81,305.62,1500.0,50.6,66.19,5.95,1.0,0.0,382.79,0.0,0.0,0.0,0.0,0.824224652577803,0.7418021873200227,1.0,16.5,3.5,-0.61,65.0,0.0,0.0,1.0,-2.97,-2.97
EVT_01105,20.25093,86.63013,0,INDUSTRIAL_ROUTINE_FLARE,Paradip Refinery (Odisha),HELD_OUT_TEST,IOCL Flare Stack Monitoring,0.98,False,False,18.25,365.13,300.7,1500.0,41.2,64.43,3.4,1.0,0.0,377.9,0.0,0.0,0.0,0.0,0.9334336280688704,0.8400902652619834,0.0,16.5,3.5,0.5,125.0,0.0,0.0,1.0,-2.97,-2.97
EVT_01106,20.27325,86.64937,0,INDUSTRIAL_ROUTINE_FLARE,Paradip Refinery (Odisha),HELD_OUT_TEST,IOCL Flare Stack Monitoring,0.98,False,False,17.3,354.57,301.06,1500.0,29.11,53.52,6.0,1.0,0.0,375.14,0.0,0.0,0.0,0.0,0.8795513127213793,0.7915961814492414,0.0,16.5,3.5,0.23,72.0,0.0,0.0,1.0,-2.97,-2.97
EVT_01107,20.26152,86.70116,0,INDUSTRIAL_ROUTINE_FLARE,Paradip Refinery (Odisha),HELD_OUT_TEST,IOCL Flare Stack Monitoring,0.98,False,False,18.72,360.36,305.1,1500.0,35.38,55.26,10.89,1.0,0.0,375.68,0.0,0.0,0.0,0.0,0.8516578927247764,0.7664921034522988,0.0,16.5,3.5,0.63,63.0,0.0,0.0,1.0,-2.97,-2.97
EVT_01108,20.20912,86.66888,0,INDUSTRIAL_ROUTINE_FLARE,Paradip Refinery (Odisha),HELD_OUT_TEST,IOCL Flare Stack Monitoring,0.98,False,False,15.98,371.23,306.17,1500.0,49.74,65.06,8.72,1.0,0.0,381.91,0.0,0.0,0.0,0.0,0.9606815511725586,0.8646133960553027,1.0,16.5,3.5,-0.15,124.0,0.0,0.0,1.0,-2.97,-2.97
EVT_01109,20.27616,86.69743,0,INDUSTRIAL_ROUTINE_FLARE,Paradip Refinery (Odisha),HELD_OUT_TEST,IOCL Flare Stack Monitoring,0.98,False,False,31.81,359.24,301.45,1500.0,34.08,57.78,10.82,1.0,0.0,374.12,0.0,0.0,0.0,0.0,0.8646151045592966,0.7781535941033669,1.0,16.5,3.5,4.37,107.0,0.0,0.0,1.0,-2.97,-2.97
EVT_01110,20.25306,86.69566,0,INDUSTRIAL_ROUTINE_FLARE,Paradip Refinery (Odisha),HELD_OUT_TEST,IOCL Flare Stack Monitoring,0.98,False,False,17.9,374.5,303.84,1500.0,54.78,70.66,10.25,1.0,0.0,376.69,0.0,0.0,0.0,0.0,0.8267083603852737,0.7440375243467464,0.0,16.5,3.5,0.4,78.0,0.0,0.0,1.0,-2.97,-2.97
EVT_01111,20.27663,86.70032,0,INDUSTRIAL_ROUTINE_FLARE,Paradip Refinery (Odisha),HELD_OUT_TEST,IOCL Flare Stack Monitoring,0.98,False,False,16.26,368.55,302.25,1500.0,45.82,66.3,11.13,1.0,0.0,374.03,0.0,0.0,0.0,0.0,0.9401618989353665,0.8461457090418298,0.0,16.5,3.5,-0.07,101.0,0.0,0.0,1.0,-2.97,-2.97
EVT_01112,20.24686,86.66829,0,INDUSTRIAL_ROUTINE_FLARE,Paradip Refinery (Odisha),HELD_OUT_TEST,IOCL Flare Stack Monitoring,0.98,False,False,16.72,366.65,291.93,1500.0,43.1,74.71,7.39,1.0,0.0,377.76,0.0,0.0,0.0,0.0,0.8064323555050048,0.7257891199545043,0.0,16.5,3.5,0.06,80.0,0.0,0.0,1.0,-2.97,-2.97
EVT_01113,20.30163,86.65954,0,INDUSTRIAL_ROUTINE_FLARE,Paradip Refinery (Odisha),HELD_OUT_TEST,IOCL Flare Stack Monitoring,0.98,False,False,35.62,372.66,312.28,1500.0,51.96,60.38,8.65,1.0,0.0,371.87,0.0,0.0,0.0,0.0,0.8757167464865547,0.7881450718378993,0.0,16.5,3.5,5.46,83.0,0.0,0.0,1.0,-2.97,-2.97
EVT_01114,20.28266,86.67319,0,INDUSTRIAL_ROUTINE_FLARE,Paradip Refinery (Odisha),HELD_OUT_TEST,IOCL Flare Stack Monitoring,0.98,False,False,25.9,368.73,299.57,1500.0,46.05,69.16,8.69,1.0,0.0,373.75,0.0,0.0,0.0,0.0,0.8920482927566105,0.8028434634809495,1.0,16.5,3.5,2.69,62.0,0.0,0.0,1.0,-2.97,-2.97
EVT_01115,20.28492,86.63608,0,INDUSTRIAL_ROUTINE_FLARE,Paradip Refinery (Odisha),HELD_OUT_TEST,IOCL Flare Stack Monitoring,0.98,False,False,22.38,363.37,307.43,1500.0,39.0,55.94,5.59,1.0,0.0,374.07,0.0,0.0,0.0,0.0,0.8575904337309784,0.7718313903578806,1.0,16.5,3.5,1.68,80.0,0.0,0.0,1.0,-2.97,-2.97
EVT_01116,20.22189,86.66204,0,INDUSTRIAL_ROUTINE_FLARE,Paradip Refinery (Odisha),HELD_OUT_TEST,IOCL Flare Stack Monitoring,0.98,False,False,18.53,383.23,304.19,1500.0,70.23,79.05,7.42,1.0,0.0,380.6,0.0,0.0,0.0,0.0,0.8451414670173998,0.7606273203156598,0.0,16.5,3.5,0.58,63.0,0.0,0.0,1.0,-2.97,-2.97
EVT_01117,20.29309,86.65066,0,INDUSTRIAL_ROUTINE_FLARE,Paradip Refinery (Odisha),HELD_OUT_TEST,IOCL Flare Stack Monitoring,0.98,False,False,16.35,351.89,309.13,1500.0,26.53,42.76,7.33,1.0,0.0,372.94,0.0,0.0,0.0,0.0,0.8396085045582712,0.755647654102444,0.0,16.5,3.5,-0.04,149.0,0.0,0.0,1.0,-2.97,-2.97
EVT_01118,20.2405,86.65876,0,INDUSTRIAL_ROUTINE_FLARE,Paradip Refinery (Odisha),HELD_OUT_TEST,IOCL Flare Stack Monitoring,0.98,False,False,24.2,356.05,306.39,1500.0,30.64,49.66,6.48,1.0,0.0,378.6,0.0,0.0,0.0,0.0,0.8213832374692234,0.7392449137223011,0.0,16.5,3.5,2.2,127.0,0.0,0.0,1.0,-2.97,-2.97
EVT_01119,20.26769,86.72852,0,INDUSTRIAL_ROUTINE_FLARE,Paradip Refinery (Odisha),HELD_OUT_TEST,IOCL Flare Stack Monitoring,0.98,False,False,15.69,369.0,304.89,1500.0,46.48,64.11,13.81,1.0,0.0,374.64,0.0,0.0,0.0,0.0,0.9231271101115525,0.8308143991003972,0.0,16.5,3.5,-0.23,73.0,0.0,0.0,1.0,-2.97,-2.97
EVT_01120,20.18822,86.64612,0,INDUSTRIAL_ROUTINE_FLARE,Paradip Refinery (Odisha),HELD_OUT_TEST,IOCL Flare Stack Monitoring,0.98,False,False,27.75,355.68,303.7,1500.0,30.26,51.98,8.54,1.0,0.0,384.54,0.0,0.0,0.0,0.0,0.8315510431256219,0.7483959388130598,1.0,16.5,3.5,3.21,72.0,0.0,0.0,1.0,-2.97,-2.97
EVT_01121,20.247,86.66943,0,INDUSTRIAL_ROUTINE_FLARE,Paradip Refinery (Odisha),HELD_OUT_TEST,IOCL Flare Stack Monitoring,0.98,False,False,20.94,362.96,303.48,1500.0,38.47,59.48,7.51,1.0,0.0,377.73,0.0,0.0,0.0,0.0,0.9386020615251198,0.8447418553726078,1.0,16.5,3.5,1.27,133.0,0.0,0.0,1.0,-2.97,-2.97
EVT_01122,20.2948,86.70158,0,INDUSTRIAL_ROUTINE_FLARE,Paradip Refinery (Odisha),HELD_OUT_TEST,IOCL Flare Stack Monitoring,0.98,False,False,15.44,361.5,304.63,1500.0,36.72,56.87,11.94,1.0,0.0,372.01,0.0,0.0,0.0,0.0,0.8051322291159165,0.7246190062043248,1.0,16.5,3.5,-0.3,62.0,0.0,0.0,1.0,-2.97,-2.97
EVT_01123,20.24326,86.70071,0,INDUSTRIAL_ROUTINE_FLARE,Paradip Refinery (Odisha),HELD_OUT_TEST,IOCL Flare Stack Monitoring,0.98,False,False,23.08,363.25,306.56,1500.0,38.85,56.69,10.79,1.0,0.0,377.7,0.0,0.0,0.0,0.0,0.8820120457088287,0.7938108411379459,0.0,16.5,3.5,1.88,62.0,0.0,0.0,1.0,-2.97,-2.97
EVT_01124,20.2204,86.70106,0,INDUSTRIAL_ROUTINE_FLARE,Paradip Refinery (Odisha),HELD_OUT_TEST,IOCL Flare Stack Monitoring,0.98,False,False,16.56,372.1,304.96,1500.0,51.04,67.14,11.29,1.0,0.0,380.21,0.0,0.0,0.0,0.0,0.7872074754998375,0.7084867279498538,0.0,16.5,3.5,0.02,96.0,0.0,0.0,1.0,-2.97,-2.97
EVT_01125,20.21311,86.71362,0,INDUSTRIAL_ROUTINE_FLARE,Paradip Refinery (Odisha),HELD_OUT_TEST,IOCL Flare Stack Monitoring,0.98,False,False,43.53,367.69,307.28,1500.0,44.67,60.41,12.79,1.0,0.0,380.85,0.0,0.0,0.0,0.0,0.8295012257139608,0.7465511031425647,1.0,16.5,3.5,7.72,76.0,0.0,0.0,1.0,-2.97,-2.97
EVT_01126,20.27165,86.62334,0,INDUSTRIAL_ROUTINE_FLARE,Paradip Refinery (Odisha),HELD_OUT_TEST,IOCL Flare Stack Monitoring,0.98,False,False,21.04,363.27,304.0,1500.0,38.86,59.27,3.61,1.0,0.0,375.73,0.0,0.0,0.0,0.0,0.932178294592248,0.8389604651330232,0.0,16.5,3.5,1.3,131.0,0.0,0.0,1.0,-2.97,-2.97
EVT_01127,20.23501,86.71124,0,INDUSTRIAL_ROUTINE_FLARE,Paradip Refinery (Odisha),HELD_OUT_TEST,IOCL Flare Stack Monitoring,0.98,False,False,25.05,362.9,299.29,1500.0,38.38,63.61,11.98,1.0,0.0,378.46,0.0,0.0,0.0,0.0,0.8729699607408105,0.7856729646667294,0.0,16.5,3.5,2.44,140.0,0.0,0.0,1.0,-2.97,-2.97
EVT_01128,20.23824,86.66668,0,INDUSTRIAL_ROUTINE_FLARE,Paradip Refinery (Odisha),HELD_OUT_TEST,IOCL Flare Stack Monitoring,0.98,False,False,21.29,366.92,300.91,1500.0,43.56,66.01,7.33,1.0,0.0,378.73,0.0,0.0,0.0,0.0,0.786610438975888,0.7079493950782992,1.0,16.5,3.5,1.37,68.0,0.0,0.0,1.0,-2.97,-2.97
EVT_01129,20.27651,86.72133,0,INDUSTRIAL_ROUTINE_FLARE,Paradip Refinery (Odisha),HELD_OUT_TEST,IOCL Flare Stack Monitoring,0.98,False,False,22.71,364.9,301.31,1500.0,40.9,63.58,13.25,1.0,0.0,373.76,0.0,0.0,0.0,0.0,0.9537902789201612,0.8584112510281451,0.0,16.5,3.5,1.78,64.0,0.0,0.0,1.0,-2.97,-2.97
EVT_01130,20.28483,86.66508,0,INDUSTRIAL_ROUTINE_FLARE,Paradip Refinery (Odisha),HELD_OUT_TEST,IOCL Flare Stack Monitoring,0.98,False,False,14.98,360.58,304.8,1500.0,35.64,55.78,8.04,1.0,0.0,373.63,0.0,0.0,0.0,0.0,0.9151623271485466,0.823646094433692,0.0,16.5,3.5,-0.43,133.0,0.0,0.0,1.0,-2.97,-2.97
EVT_01131,29.6425,76.94994,3,AGRICULTURAL_CROP_BURNING,Karnal & Kurukshetra (Haryana),HELD_OUT_TEST,Haryana Remote Sensing Stubble Survey,0.98,True,False,10.23,328.86,314.18,541.8,1063.48,14.68,20.77,1.0,0.0,876.41,0.018,0.888,0.048,0.0,0.056296745449149234,0.050667070904234314,0.0,8.0,3.0,0.74,5.0,0.0,0.0,1.0,-2.97,-2.97
EVT_01132,29.70789,77.03716,3,AGRICULTURAL_CROP_BURNING,Karnal & Kurukshetra (Haryana),HELD_OUT_TEST,Haryana Remote Sensing Stubble Survey,0.98,True,False,12.47,319.21,311.48,545.3,604.88,7.73,30.99,1.0,0.0,874.48,0.052,0.948,0.0,0.0,0.054546089399671344,0.04909148045970421,1.0,8.0,3.0,1.49,6.0,0.0,0.0,1.0,-2.97,-2.97
EVT_01133,29.67901,76.93025,3,AGRICULTURAL_CROP_BURNING,Karnal & Kurukshetra (Haryana),HELD_OUT_TEST,Haryana Remote Sensing Stubble Survey,0.98,True,False,16.88,329.39,319.83,844.5,83.76,9.56,24.13,1.0,0.0,880.79,0.001,0.999,0.0,0.0,0.06397952337195756,0.0575815710347618,1.0,8.0,3.0,2.96,8.0,0.0,0.0,1.0,-2.97,-2.97
EVT_01134,29.70935,76.94635,3,AGRICULTURAL_CROP_BURNING,Karnal & Kurukshetra (Haryana),HELD_OUT_TEST,Haryana Remote Sensing Stubble Survey,0.98,True,False,5.2,333.79,314.76,846.1,101.57,19.04,27.77,1.0,0.0,881.83,0.024,0.859,0.114,0.0,0.020869362222413142,0.01878242600017183,1.0,8.0,3.0,-0.93,9.0,0.0,0.0,1.0,-2.97,-2.97
EVT_01135,29.70855,77.00109,3,AGRICULTURAL_CROP_BURNING,Karnal & Kurukshetra (Haryana),HELD_OUT_TEST,Haryana Remote Sensing Stubble Survey,0.98,True,False,6.77,335.2,309.92,846.6,107.71,25.28,29.45,1.0,0.0,877.4,0.015,0.792,0.19,0.0,0.03847665039497946,0.03462898535548151,1.0,8.0,3.0,-0.41,7.0,0.0,0.0,1.0,-2.97,-2.97
EVT_01136,29.68378,77.07124,3,AGRICULTURAL_CROP_BURNING,Karnal & Kurukshetra (Haryana),HELD_OUT_TEST,Haryana Remote Sensing Stubble Survey,0.98,True,False,5.34,330.97,314.24,845.1,89.83,16.73,30.63,1.0,0.0,869.9,0.122,0.878,0.001,0.0,0.050177306225114085,0.045159575602602677,1.0,8.0,3.0,-0.89,6.0,0.0,0.0,1.0,-2.97,-2.97
EVT_01137,29.67826,77.01842,3,AGRICULTURAL_CROP_BURNING,Karnal & Kurukshetra (Haryana),HELD_OUT_TEST,Haryana Remote Sensing Stubble Survey,0.98,True,False,13.61,325.32,312.22,500.0,1620.64,13.1,27.23,1.0,0.0,873.67,0.0,0.0,1.0,0.0,0.03565455054128144,0.0320890954871533,1.0,8.0,3.0,1.87,6.0,0.0,0.0,1.0,-2.97,-2.97
EVT_01138,29.70124,77.01368,3,AGRICULTURAL_CROP_BURNING,Karnal & Kurukshetra (Haryana),HELD_OUT_TEST,Haryana Remote Sensing Stubble Survey,0.98,True,False,16.4,327.25,310.66,843.4,75.85,16.6,29.25,1.0,0.0,875.83,0.079,0.036,0.874,0.0,0.02843545332986555,0.025591907996878997,1.0,8.0,3.0,2.8,2.0,0.0,0.0,1.0,-2.97,-2.97
EVT_01139,29.67907,76.91976,3,AGRICULTURAL_CROP_BURNING,Karnal & Kurukshetra (Haryana),HELD_OUT_TEST,Haryana Remote Sensing Stubble Survey,0.98,True,False,21.63,337.08,312.34,847.0,116.46,24.74,23.93,1.0,0.0,881.63,0.073,0.784,0.119,0.002,0.0502202152431112,0.045198193718800087,1.0,8.0,3.0,4.54,6.0,0.0,0.0,1.0,-2.97,-2.97
EVT_01140,29.7002,76.97377,3,AGRICULTURAL_CROP_BURNING,Karnal & Kurukshetra (Haryana),HELD_OUT_TEST,Haryana Remote Sensing Stubble Survey,0.98,True,True,25.39,330.78,312.41,845.1,89.05,18.37,27.59,1.0,0.0,878.93,0.596,0.115,0.2,0.015,0.06627192961146774,0.059644736650320974,0.0,8.0,3.0,5.8,7.0,0.6679,0.4875,0.5899,-2.97,-2.97
EVT_01141,29.65784,76.95895,3,AGRICULTURAL_CROP_BURNING,Karnal & Kurukshetra (Haryana),HELD_OUT_TEST,Haryana Remote Sensing Stubble Survey,0.98,True,True,27.25,333.91,316.64,846.2,102.09,17.27,22.67,1.0,0.0,876.86,0.022,0.946,0.004,0.0,0.05012936821272425,0.04511643139145183,1.0,8.0,3.0,6.42,9.0,0.7587,0.5334,0.5785,-2.97,-2.97
EVT_01142,29.64444,76.96714,3,AGRICULTURAL_CROP_BURNING,Karnal & Kurukshetra (Haryana),HELD_OUT_TEST,Haryana Remote Sensing Stubble Survey,0.98,True,False,13.4,334.1,314.46,846.2,102.88,19.64,21.6,1.0,0.0,875.17,0.0,1.0,0.0,0.0,0.0691465264090823,0.062231873768174066,0.0,8.0,3.0,1.8,4.0,0.0,0.0,1.0,-2.97,-2.97
EVT_01143,29.67679,76.97913,3,AGRICULTURAL_CROP_BURNING,Karnal & Kurukshetra (Haryana),HELD_OUT_TEST,Haryana Remote Sensing Stubble Survey,0.98,True,True,15.32,331.81,311.88,845.5,93.21,19.94,25.36,1.0,0.0,876.7,0.001,0.034,0.941,0.001,0.020488669393157768,0.01843980245384199,1.0,8.0,3.0,2.44,1.0,0.2241,0.0147,0.8449,-2.97,-2.97
EVT_01144,29.70609,76.9715,3,AGRICULTURAL_CROP_BURNING,Karnal & Kurukshetra (Haryana),HELD_OUT_TEST,Haryana Remote Sensing Stubble Survey,0.98,True,False,4.49,332.07,306.52,845.6,94.17,25.54,28.13,1.0,0.0,879.57,0.246,0.733,0.02,0.0,0.04653125772615039,0.041878131953535354,1.0,8.0,3.0,-1.17,3.0,0.0,0.0,1.0,-2.97,-2.97
EVT_01145,29.7446,77.01465,3,AGRICULTURAL_CROP_BURNING,Karnal & Kurukshetra (Haryana),HELD_OUT_TEST,Haryana Remote Sensing Stubble Survey,0.98,True,False,11.47,335.27,316.85,500.0,2602.21,18.42,33.64,1.0,0.0,879.11,0.028,0.931,0.037,0.0,0.04974438695023148,0.04476994825520833,1.0,8.0,3.0,1.16,2.0,0.0,0.0,1.0,-2.97,-2.97
EVT_01146,29.67761,76.94561,3,AGRICULTURAL_CROP_BURNING,Karnal & Kurukshetra (Haryana),HELD_OUT_TEST,Haryana Remote Sensing Stubble Survey,0.98,True,False,21.98,333.92,315.48,846.2,102.13,18.44,24.35,1.0,0.0,879.45,0.057,0.848,0.079,0.004,0.07570099170449537,0.06813089253404583,0.0,8.0,3.0,4.66,8.0,0.0,0.0,1.0,-2.97,-2.97
EVT_01147,29.67472,76.95026,3,AGRICULTURAL_CROP_BURNING,Karnal & Kurukshetra (Haryana),HELD_OUT_TEST,Haryana Remote Sensing Stubble Survey,0.98,True,False,26.27,342.64,309.65,848.1,145.15,32.99,24.17,1.0,0.0,878.85,0.0,1.0,0.0,0.0,0.04711842579468441,0.04240658321521597,1.0,8.0,3.0,6.09,8.0,0.0,0.0,1.0,-2.97,-2.97
EVT_01148,29.72458,76.95225,3,AGRICULTURAL_CROP_BURNING,Karnal & Kurukshetra (Haryana),HELD_OUT_TEST,Haryana Remote Sensing Stubble Survey,0.98,True,False,9.62,333.82,318.7,846.2,101.71,15.12,29.56,1.0,0.0,882.53,0.0,0.984,0.0,0.005,0.051166037209828846,0.046049433488845964,1.0,8.0,3.0,0.54,6.0,0.0,0.0,1.0,-2.97,-2.97
EVT_01149,29.7269,76.95284,3,AGRICULTURAL_CROP_BURNING,Karnal & Kurukshetra (Haryana),HELD_OUT_TEST,Haryana Remote Sensing Stubble Survey,0.98,True,False,11.29,324.01,315.48,841.3,64.97,8.53,29.82,1.0,0.0,882.66,0.0,1.0,0.0,0.0,0.03357548277574748,0.03021793449817273,1.0,8.0,3.0,1.1,2.0,0.0,0.0,1.0,-2.97,-2.97
EVT_01150,29.681,76.98172,3,AGRICULTURAL_CROP_BURNING,Karnal & Kurukshetra (Haryana),HELD_OUT_TEST,Haryana Remote Sensing Stubble Survey,0.98,True,True,13.35,329.47,318.87,844.5,84.05,10.6,25.89,1.0,0.0,876.81,0.007,0.017,0.974,0.001,0.037489597250095194,0.03374063752508567,1.0,8.0,3.0,1.78,3.0,0.1367,-0.0725,0.9073,-2.97,-2.97
EVT_01151,29.72097,76.92207,3,AGRICULTURAL_CROP_BURNING,Karnal & Kurukshetra (Haryana),HELD_OUT_TEST,Haryana Remote Sensing Stubble Survey,0.98,True,False,24.89,332.92,312.93,500.0,2337.62,20.0,28.56,1.0,0.0,884.66,0.138,0.848,0.011,0.002,0.049076222519576274,0.044168600267618645,1.0,8.0,3.0,5.63,7.0,0.0,0.0,1.0,-2.97,-2.97
EVT_01152,29.61226,76.96078,3,AGRICULTURAL_CROP_BURNING,Karnal & Kurukshetra (Haryana),HELD_OUT_TEST,Haryana Remote Sensing Stubble Survey,0.98,True,False,6.99,336.65,313.52,509.9,2368.4,23.13,18.11,1.0,0.0,873.22,0.002,0.988,0.008,0.0,0.07003591917692792,0.06303232725923513,1.0,8.0,3.0,-0.34,2.0,0.0,0.0,1.0,-2.97,-2.97
EVT_01153,29.62486,76.96575,3,AGRICULTURAL_CROP_BURNING,Karnal & Kurukshetra (Haryana),HELD_OUT_TEST,Haryana Remote Sensing Stubble Survey,0.98,True,False,8.32,335.55,317.42,500.0,2634.87,18.13,19.58,1.0,0.0,873.79,0.017,0.942,0.0,0.0,0.07401112774393459,0.06661001496954114,1.0,8.0,3.0,0.11,3.0,0.0,0.0,1.0,-2.97,-2.97
EVT_01154,29.72393,77.00403,3,AGRICULTURAL_CROP_BURNING,Karnal & Kurukshetra (Haryana),HELD_OUT_TEST,Haryana Remote Sensing Stubble Survey,0.98,True,False,21.5,332.23,315.2,845.6,94.96,17.03,31.13,1.0,0.0,878.35,0.159,0.334,0.087,0.183,0.07494670431533874,0.06745203388380487,1.0,8.0,3.0,4.5,8.0,0.0,0.0,1.0,-2.97,-2.97
EVT_01155,29.67039,76.964,3,AGRICULTURAL_CROP_BURNING,Karnal & Kurukshetra (Haryana),HELD_OUT_TEST,Haryana Remote Sensing Stubble Survey,0.98,True,True,25.89,326.55,315.87,843.0,73.44,10.68,24.15,1.0,0.0,877.42,0.016,0.513,0.438,0.003,0.072495715771292,0.0652461441941628,1.0,8.0,3.0,5.96,6.0,0.8146,0.5994,0.5529,-2.97,-2.97
EVT_01156,29.68125,76.91829,3,AGRICULTURAL_CROP_BURNING,Karnal & Kurukshetra (Haryana),HELD_OUT_TEST,Haryana Remote Sensing Stubble Survey,0.98,True,False,26.47,330.34,315.13,844.9,87.39,15.22,24.15,1.0,0.0,881.92,0.016,0.977,0.007,0.0,0.07715658980708633,0.0694409308263777,1.0,8.0,3.0,6.16,5.0,0.0,0.0,1.0,-2.97,-2.97
EVT_01157,29.69839,76.91888,3,AGRICULTURAL_CROP_BURNING,Karnal & Kurukshetra (Haryana),HELD_OUT_TEST,Haryana Remote Sensing Stubble Survey,0.98,True,False,17.4,328.08,311.99,843.8,78.82,16.09,26.04,1.0,0.0,883.18,0.001,0.999,0.0,0.0,0.06348651001490871,0.05713785901341784,1.0,8.0,3.0,3.13,8.0,0.0,0.0,1.0,-2.97,-2.97
EVT_01158,29.67178,76.97771,3,AGRICULTURAL_CROP_BURNING,Karnal & Kurukshetra (Haryana),HELD_OUT_TEST,Haryana Remote Sensing Stubble Survey,0.98,True,True,25.24,333.98,315.16,846.2,102.39,18.82,24.79,1.0,0.0,876.43,0.015,0.383,0.528,0.0,0.058968113163588264,0.05307130184722944,1.0,8.0,3.0,5.75,4.0,0.072,0.0522,0.8384,-2.97,-2.97
EVT_01159,29.60235,77.06466,3,AGRICULTURAL_CROP_BURNING,Karnal & Kurukshetra (Haryana),HELD_OUT_TEST,Haryana Remote Sensing Stubble Survey,0.98,True,False,16.64,337.48,312.86,583.8,935.86,24.62,23.68,1.0,0.0,864.13,0.141,0.637,0.168,0.002,0.03217019854176513,0.028953178687588618,1.0,8.0,3.0,2.88,7.0,0.0,0.0,1.0,-2.97,-2.97
EVT_01160,29.62946,76.99557,3,AGRICULTURAL_CROP_BURNING,Karnal & Kurukshetra (Haryana),HELD_OUT_TEST,Haryana Remote Sensing Stubble Survey,0.98,True,False,20.35,332.06,310.23,845.6,94.19,21.82,21.45,1.0,0.0,871.74,0.005,0.95,0.033,0.0,0.06265084245803662,0.05638575821223296,1.0,8.0,3.0,4.12,7.0,0.0,0.0,1.0,-2.97,-2.97
EVT_01161,29.63046,77.01423,3,AGRICULTURAL_CROP_BURNING,Karnal & Kurukshetra (Haryana),HELD_OUT_TEST,Haryana Remote Sensing Stubble Survey,0.98,True,False,5.36,328.65,308.44,844.1,80.87,20.21,22.57,1.0,0.0,870.33,0.0,1.0,0.0,0.0,0.07849461252702536,0.07064515127432283,1.0,8.0,3.0,-0.88,9.0,0.0,0.0,1.0,-2.97,-2.97
EVT_01162,29.72561,76.94835,3,AGRICULTURAL_CROP_BURNING,Karnal & Kurukshetra (Haryana),HELD_OUT_TEST,Haryana Remote Sensing Stubble Survey,0.98,True,False,4.41,327.72,319.82,843.6,77.57,7.9,29.57,1.0,0.0,882.92,0.001,0.998,0.0,0.0,0.05326305753866162,0.04793675178479546,0.0,8.0,3.0,-1.2,1.0,0.0,0.0,1.0,-2.97,-2.97
EVT_01163,29.63324,77.01747,3,AGRICULTURAL_CROP_BURNING,Karnal & Kurukshetra (Haryana),HELD_OUT_TEST,Haryana Remote Sensing Stubble Survey,0.98,True,False,27.49,329.06,305.32,844.3,82.35,23.74,23.0,1.0,0.0,870.28,0.0,1.0,0.0,0.0,0.07758095545170973,0.06982285990653876,1.0,8.0,3.0,6.5,1.0,0.0,0.0,1.0,-2.97,-2.97
EVT_01164,29.64245,76.94794,3,AGRICULTURAL_CROP_BURNING,Karnal & Kurukshetra (Haryana),HELD_OUT_TEST,Haryana Remote Sensing Stubble Survey,0.98,True,False,15.73,341.72,316.83,848.0,140.25,24.89,20.7,1.0,0.0,876.56,0.007,0.692,0.042,0.166,0.038559605357370665,0.0347036448216336,1.0,8.0,3.0,2.58,4.0,0.0,0.0,1.0,-2.97,-2.97
EVT_01165,29.65449,76.95037,3,AGRICULTURAL_CROP_BURNING,Karnal & Kurukshetra (Haryana),HELD_OUT_TEST,Haryana Remote Sensing Stubble Survey,0.98,True,False,8.02,319.94,314.53,837.6,52.78,5.4,22.04,1.0,0.0,877.29,0.0,0.865,0.0,0.091,0.028401649139252822,0.02556148422532754,0.0,8.0,3.0,0.01,7.0,0.0,0.0,1.0,-2.97,-2.97
EVT_01166,29.68227,76.97135,3,AGRICULTURAL_CROP_BURNING,Karnal & Kurukshetra (Haryana),HELD_OUT_TEST,Haryana Remote Sensing Stubble Survey,0.98,True,True,21.93,334.04,309.27,846.2,102.54,24.76,25.64,1.0,0.0,877.74,0.0,0.0,0.979,0.001,0.07411494222726468,0.06670344800453822,1.0,8.0,3.0,4.64,2.0,0.1756,0.0629,0.8411,-2.97,-2.97
EVT_01167,29.69607,76.96969,3,AGRICULTURAL_CROP_BURNING,Karnal & Kurukshetra (Haryana),HELD_OUT_TEST,Haryana Remote Sensing Stubble Survey,0.98,True,True,23.71,328.19,314.74,843.9,79.24,13.45,27.02,1.0,0.0,878.94,0.042,0.026,0.931,0.001,0.04451245850781434,0.040061212657032906,1.0,8.0,3.0,5.24,6.0,0.274,-0.0883,0.9102,-2.97,-2.97
EVT_01168,29.64951,77.04825,3,AGRICULTURAL_CROP_BURNING,Karnal & Kurukshetra (Haryana),HELD_OUT_TEST,Haryana Remote Sensing Stubble Survey,0.98,True,False,14.56,329.09,313.45,844.3,82.57,15.65,26.26,1.0,0.0,869.08,0.029,0.971,0.0,0.0,0.018631406372499736,0.01676826573524976,1.0,8.0,3.0,2.19,9.0,0.0,0.0,1.0,-2.97,-2.97
EVT_01169,29.69144,76.95077,3,AGRICULTURAL_CROP_BURNING,Karnal & Kurukshetra (Haryana),HELD_OUT_TEST,Haryana Remote Sensing Stubble Survey,0.98,True,False,4.76,338.26,322.31,598.0,831.67,15.95,25.97,1.0,0.0,880.09,0.046,0.783,0.088,0.001,0.0428512097452005,0.03856608877068045,1.0,8.0,3.0,-1.08,4.0,0.0,0.0,1.0,-2.97,-2.97
EVT_01170,29.70373,77.00339,3,AGRICULTURAL_CROP_BURNING,Karnal & Kurukshetra (Haryana),HELD_OUT_TEST,Haryana Remote Sensing Stubble Survey,0.98,True,False,13.39,335.76,314.25,500.0,2651.7,21.51,29.05,1.0,0.0,876.84,0.078,0.0,0.922,0.0,0.0722085250349359,0.0649876725314423,1.0,8.0,3.0,1.8,6.0,0.0,0.0,1.0,-2.97,-2.97
EVT_01171,29.5601,76.91566,3,AGRICULTURAL_CROP_BURNING,Karnal & Kurukshetra (Haryana),HELD_OUT_TEST,Haryana Remote Sensing Stubble Survey,0.98,True,False,12.79,321.67,315.07,839.3,57.78,6.6,11.03,1.0,0.0,872.91,0.0,1.0,0.0,0.0,0.04039306143744287,0.03635375529369858,0.0,8.0,3.0,1.6,3.0,0.0,0.0,1.0,-2.97,-2.97
EVT_01172,29.75423,77.01422,3,AGRICULTURAL_CROP_BURNING,Karnal & Kurukshetra (Haryana),HELD_OUT_TEST,Haryana Remote Sensing Stubble Survey,0.98,True,False,25.97,318.07,311.74,835.4,47.72,6.34,34.61,1.0,0.0,879.9,0.002,0.998,0.0,0.0,0.018792889246421147,0.016913600321779035,1.0,8.0,3.0,5.99,1.0,0.0,0.0,1.0,-2.97,-2.97
EVT_01173,29.7167,76.97465,3,AGRICULTURAL_CROP_BURNING,Karnal & Kurukshetra (Haryana),HELD_OUT_TEST,Haryana Remote Sensing Stubble Survey,0.98,True,False,9.46,328.0,313.87,843.8,78.56,14.13,29.34,1.0,0.0,880.13,0.295,0.705,0.0,0.0,0.043293443001578134,0.03896409870142032,1.0,8.0,3.0,0.49,3.0,0.0,0.0,1.0,-2.97,-2.97
EVT_01174,29.7474,76.94139,3,AGRICULTURAL_CROP_BURNING,Karnal & Kurukshetra (Haryana),HELD_OUT_TEST,Haryana Remote Sensing Stubble Survey,0.98,True,False,15.29,334.57,318.64,846.4,105.02,15.93,31.79,1.0,0.0,885.16,0.136,0.864,0.0,0.0,0.03715289702662109,0.033437607323958986,1.0,8.0,3.0,2.43,8.0,0.0,0.0,1.0,-2.97,-2.97
EVT_01175,29.64846,76.96507,3,AGRICULTURAL_CROP_BURNING,Karnal & Kurukshetra (Haryana),HELD_OUT_TEST,Haryana Remote Sensing Stubble Survey,0.98,True,False,4.52,323.55,312.73,841.0,63.51,10.83,21.93,1.0,0.0,875.65,0.021,0.73,0.17,0.006,0.046401368240266666,0.041761231416240004,1.0,8.0,3.0,-1.16,4.0,0.0,0.0,1.0,-2.97,-2.97
EVT_01176,29.71336,77.00762,3,AGRICULTURAL_CROP_BURNING,Karnal & Kurukshetra (Haryana),HELD_OUT_TEST,Haryana Remote Sensing Stubble Survey,0.98,True,False,16.51,326.85,311.17,843.2,74.45,15.68,30.2,1.0,0.0,877.25,0.167,0.179,0.651,0.0,0.02204698968549035,0.019842290716941317,1.0,8.0,3.0,2.84,5.0,0.0,0.0,1.0,-2.97,-2.97
EVT_01177,29.72639,77.00937,3,AGRICULTURAL_CROP_BURNING,Karnal & Kurukshetra (Haryana),HELD_OUT_TEST,Haryana Remote Sensing Stubble Survey,0.98,True,False,24.43,334.09,300.3,846.2,102.57,33.79,31.58,1.0,0.0,878.12,0.043,0.639,0.309,0.002,0.0576649975650452,0.05189849780854068,1.0,8.0,3.0,5.48,7.0,0.0,0.0,1.0,-2.97,-2.97
EVT_01178,29.68077,77.04696,3,AGRICULTURAL_CROP_BURNING,Karnal & Kurukshetra (Haryana),HELD_OUT_TEST,Haryana Remote Sensing Stubble Survey,0.98,True,False,11.0,332.59,310.64,500.0,2297.25,21.95,28.96,1.0,0.0,871.6,0.0,1.0,0.0,0.0,0.029806329762613187,0.02682569678635187,1.0,8.0,3.0,1.0,8.0,0.0,0.0,1.0,-2.97,-2.97
EVT_01179,29.6812,76.96731,3,AGRICULTURAL_CROP_BURNING,Karnal & Kurukshetra (Haryana),HELD_OUT_TEST,Haryana Remote Sensing Stubble Survey,0.98,True,True,8.65,334.74,316.7,846.4,105.74,18.04,25.39,1.0,0.0,877.98,0.0,0.0,0.964,0.01,0.028322700832591658,0.025490430749332493,1.0,8.0,3.0,0.22,5.0,0.1869,0.0693,0.7883,-2.97,-2.97
EVT_01180,29.74183,77.01732,3,AGRICULTURAL_CROP_BURNING,Karnal & Kurukshetra (Haryana),HELD_OUT_TEST,Haryana Remote Sensing Stubble Survey,0.98,True,False,6.01,332.42,313.8,845.7,95.75,18.62,33.46,1.0,0.0,878.69,0.155,0.755,0.071,0.0,0.034293291816764396,0.030863962635087956,1.0,8.0,3.0,-0.66,9.0,0.0,0.0,1.0,-2.97,-2.97
EVT_01181,29.69236,76.91958,3,AGRICULTURAL_CROP_BURNING,Karnal & Kurukshetra (Haryana),HELD_OUT_TEST,Haryana Remote Sensing Stubble Survey,0.98,True,False,11.64,329.36,308.06,556.8,895.83,21.3,25.39,1.0,0.0,882.66,0.0,0.98,0.002,0.0,0.028669240144605,0.0258023161301445,1.0,8.0,3.0,1.21,4.0,0.0,0.0,1.0,-2.97,-2.97
EVT_01182,29.66584,76.98883,3,AGRICULTURAL_CROP_BURNING,Karnal & Kurukshetra (Haryana),HELD_OUT_TEST,Haryana Remote Sensing Stubble Survey,0.98,True,True,23.03,332.61,313.13,588.4,721.48,19.48,24.65,1.0,0.0,875.08,0.124,0.058,0.817,0.0,0.0745704927702639,0.06711344349323752,1.0,8.0,3.0,5.01,7.0,0.5567,0.2227,0.7284,-2.97,-2.97
EVT_01183,29.68147,77.07228,3,AGRICULTURAL_CROP_BURNING,Karnal & Kurukshetra (Haryana),HELD_OUT_TEST,Haryana Remote Sensing Stubble Survey,0.98,True,False,20.06,335.77,318.65,846.7,110.42,17.12,30.49,1.0,0.0,869.64,0.007,0.993,0.0,0.0,0.07596341464545259,0.06836707318090733,1.0,8.0,3.0,4.02,3.0,0.0,0.0,1.0,-2.97,-2.97
EVT_01184,29.67456,76.96264,3,AGRICULTURAL_CROP_BURNING,Karnal & Kurukshetra (Haryana),HELD_OUT_TEST,Haryana Remote Sensing Stubble Survey,0.98,True,True,22.7,332.14,318.81,845.6,94.64,13.33,24.54,1.0,0.0,877.85,0.025,0.569,0.266,0.003,0.06033233371529213,0.054299100343762924,1.0,8.0,3.0,4.9,4.0,0.6274,0.4221,0.5903,-2.97,-2.97
EVT_01185,29.68433,76.96114,3,AGRICULTURAL_CROP_BURNING,Karnal & Kurukshetra (Haryana),HELD_OUT_TEST,Haryana Remote Sensing Stubble Survey,0.98,True,True,27.93,331.87,319.28,845.5,93.51,12.59,25.52,1.0,0.0,878.72,0.002,0.0,0.996,0.001,0.04191065501263032,0.03771958951136729,1.0,8.0,3.0,6.64,9.0,0.2703,0.0452,0.8401,-2.97,-2.97
EVT_01186,29.64889,76.97441,3,AGRICULTURAL_CROP_BURNING,Karnal & Kurukshetra (Haryana),HELD_OUT_TEST,Haryana Remote Sensing Stubble Survey,0.98,True,False,16.54,324.93,315.36,842.0,67.95,9.57,22.34,1.0,0.0,874.93,0.032,0.536,0.316,0.08,0.010505396290260243,0.00945485666123422,1.0,8.0,3.0,2.85,6.0,0.0,0.0,1.0,-2.97,-2.97
EVT_01187,29.69465,76.97951,3,AGRICULTURAL_CROP_BURNING,Karnal & Kurukshetra (Haryana),HELD_OUT_TEST,Haryana Remote Sensing Stubble Survey,0.98,True,True,5.09,328.33,317.54,844.0,79.8,10.79,27.21,1.0,0.0,878.04,0.323,0.006,0.638,0.0,0.06919384100805133,0.0622744569072462,1.0,8.0,3.0,-0.97,8.0,0.4575,0.2036,0.7648,-2.97,-2.97
EVT_01188,29.65071,76.93102,3,AGRICULTURAL_CROP_BURNING,Karnal & Kurukshetra (Haryana),HELD_OUT_TEST,Haryana Remote Sensing Stubble Survey,0.98,True,False,4.09,331.06,312.33,845.2,90.17,18.73,21.09,1.0,0.0,878.56,0.001,0.99,0.002,0.003,0.013257906485334765,0.01193211583680129,0.0,8.0,3.0,-1.3,2.0,0.0,0.0,1.0,-2.97,-2.97
EVT_01189,29.68351,76.97251,3,AGRICULTURAL_CROP_BURNING,Karnal & Kurukshetra (Haryana),HELD_OUT_TEST,Haryana Remote Sensing Stubble Survey,0.98,True,True,9.36,320.94,324.52,500.0,1284.57,-3.58,25.81,1.0,0.0,877.74,0.0,0.0,0.995,0.0,0.05939170528435444,0.053452534755919,0.0,8.0,3.0,0.45,6.0,0.5292,0.2313,0.7655,-2.97,-2.97
EVT_01190,29.65772,77.0072,3,AGRICULTURAL_CROP_BURNING,Karnal & Kurukshetra (Haryana),HELD_OUT_TEST,Haryana Remote Sensing Stubble Survey,0.98,True,False,27.37,336.97,312.49,847.0,115.95,24.48,24.71,1.0,0.0,872.98,0.026,0.449,0.27,0.059,0.014173786707108822,0.01275640803639794,1.0,8.0,3.0,6.46,9.0,0.0,0.0,1.0,-2.97,-2.97
EVT_01191,29.71796,76.97912,3,AGRICULTURAL_CROP_BURNING,Karnal & Kurukshetra (Haryana),HELD_OUT_TEST,Haryana Remote Sensing Stubble Survey,0.98,True,False,6.14,333.14,320.66,580.7,806.24,12.48,29.62,1.0,0.0,879.87,0.131,0.869,0.0,0.0,0.0585794475872493,0.05272150282852437,0.0,8.0,3.0,-0.62,9.0,0.0,0.0,1.0,-2.97,-2.97
EVT_01192,29.66235,76.9268,3,AGRICULTURAL_CROP_BURNING,Karnal & Kurukshetra (Haryana),HELD_OUT_TEST,Haryana Remote Sensing Stubble Survey,0.98,True,False,7.04,334.63,312.46,846.4,105.21,22.18,22.25,1.0,0.0,879.79,0.086,0.51,0.388,0.001,0.049595141766935205,0.044635627590241686,0.0,8.0,3.0,-0.32,4.0,0.0,0.0,1.0,-2.97,-2.97
EVT_01193,29.67504,77.01072,3,AGRICULTURAL_CROP_BURNING,Karnal & Kurukshetra (Haryana),HELD_OUT_TEST,Haryana Remote Sensing Stubble Survey,0.98,True,False,16.5,333.95,313.91,846.2,102.25,20.04,26.55,1.0,0.0,874.04,0.204,0.032,0.763,0.0,0.044131890663469266,0.03971870159712234,1.0,8.0,3.0,2.83,7.0,0.0,0.0,1.0,-2.97,-2.97
EVT_01194,29.71354,76.95276,3,AGRICULTURAL_CROP_BURNING,Karnal & Kurukshetra (Haryana),HELD_OUT_TEST,Haryana Remote Sensing Stubble Survey,0.98,True,False,18.94,320.16,312.72,837.9,53.4,7.44,28.38,1.0,0.0,881.64,0.18,0.787,0.029,0.0,0.05569318291832878,0.05012386462649591,1.0,8.0,3.0,3.65,6.0,0.0,0.0,1.0,-2.97,-2.97
EVT_01195,29.71067,76.99079,3,AGRICULTURAL_CROP_BURNING,Karnal & Kurukshetra (Haryana),HELD_OUT_TEST,Haryana Remote Sensing Stubble Survey,0.98,True,False,12.79,335.81,312.25,846.7,110.51,23.55,29.27,1.0,0.0,878.38,0.101,0.887,0.0,0.0,0.052108395446579435,0.04689755590192149,1.0,8.0,3.0,1.6,1.0,0.0,0.0,1.0,-2.97,-2.97
EVT_01196,29.63421,76.98793,3,AGRICULTURAL_CROP_BURNING,Karnal & Kurukshetra (Haryana),HELD_OUT_TEST,Haryana Remote Sensing Stubble Survey,0.98,True,False,19.19,331.26,309.93,845.3,90.95,21.33,21.51,1.0,0.0,872.72,0.142,0.801,0.022,0.001,0.013711803972086755,0.01234062357487808,1.0,8.0,3.0,3.73,3.0,0.0,0.0,1.0,-2.97,-2.97
EVT_01197,29.70387,77.0029,3,AGRICULTURAL_CROP_BURNING,Karnal & Kurukshetra (Haryana),HELD_OUT_TEST,Haryana Remote Sensing Stubble Survey,0.98,True,False,24.69,324.94,317.43,842.0,67.99,7.51,29.05,1.0,0.0,876.89,0.029,0.0,0.971,0.0,0.07254104257633856,0.0652869383187047,0.0,8.0,3.0,5.56,5.0,0.0,0.0,1.0,-2.97,-2.97
EVT_01198,29.75342,77.00091,3,AGRICULTURAL_CROP_BURNING,Karnal & Kurukshetra (Haryana),HELD_OUT_TEST,Haryana Remote Sensing Stubble Survey,0.98,True,False,21.89,326.81,314.26,843.1,74.31,12.55,34.05,1.0,0.0,880.89,0.0,0.895,0.0,0.005,0.04537324233351162,0.04083591810016046,1.0,8.0,3.0,4.63,8.0,0.0,0.0,1.0,-2.97,-2.97
EVT_01199,29.62952,77.00988,3,AGRICULTURAL_CROP_BURNING,Karnal & Kurukshetra (Haryana),HELD_OUT_TEST,Haryana Remote Sensing Stubble Survey,0.98,True,False,13.59,330.44,315.51,844.9,87.75,14.93,22.24,1.0,0.0,870.6,0.034,0.955,0.01,0.0,0.05515068708440972,0.04963561837596875,1.0,8.0,3.0,1.86,2.0,0.0,0.0,1.0,-2.97,-2.97
EVT_01200,29.70143,76.92542,3,AGRICULTURAL_CROP_BURNING,Karnal & Kurukshetra (Haryana),HELD_OUT_TEST,Haryana Remote Sensing Stubble Survey,0.98,True,False,23.05,324.61,315.37,841.7,66.91,9.24,26.48,1.0,0.0,882.89,0.0,1.0,0.0,0.0,0.06496420075389775,0.058467780678507976,1.0,8.0,3.0,5.02,4.0,0.0,0.0,1.0,-2.97,-2.97
EVT_01201,29.64785,76.95852,3,AGRICULTURAL_CROP_BURNING,Karnal & Kurukshetra (Haryana),HELD_OUT_TEST,Haryana Remote Sensing Stubble Survey,0.98,True,False,7.77,319.42,317.89,500.0,1171.86,1.54,21.62,1.0,0.0,876.13,0.072,0.883,0.045,0.0,0.05499263397716829,0.04949337057945146,1.0,8.0,3.0,-0.08,7.0,0.0,0.0,1.0,-2.97,-2.97
EVT_01202,29.75585,76.94113,3,AGRICULTURAL_CROP_BURNING,Karnal & Kurukshetra (Haryana),HELD_OUT_TEST,Haryana Remote Sensing Stubble Survey,0.98,True,False,24.17,335.5,311.3,500.0,2613.56,24.2,32.71,1.0,0.0,885.83,0.001,0.984,0.011,0.0,0.03265266286038496,0.029387396574346462,1.0,8.0,3.0,5.39,2.0,0.0,0.0,1.0,-2.97,-2.97
EVT_01203,29.62846,76.94868,3,AGRICULTURAL_CROP_BURNING,Karnal & Kurukshetra (Haryana),HELD_OUT_TEST,Haryana Remote Sensing Stubble Survey,0.98,True,False,13.33,336.22,317.41,500.0,2712.92,18.81,19.27,1.0,0.0,875.44,0.04,0.96,0.0,0.0,0.040307728289933745,0.03627695546094037,0.0,8.0,3.0,1.78,6.0,0.0,0.0,1.0,-2.97,-2.97
EVT_01204,29.62729,77.02161,3,AGRICULTURAL_CROP_BURNING,Karnal & Kurukshetra (Haryana),HELD_OUT_TEST,Haryana Remote Sensing Stubble Survey,0.98,True,False,10.13,327.63,311.2,843.6,77.18,16.42,22.72,1.0,0.0,869.49,0.034,0.964,0.002,0.0,0.05294695189145012,0.04765225670230511,1.0,8.0,3.0,0.71,9.0,0.0,0.0,1.0,-2.97,-2.97
EVT_01205,29.70224,76.96738,3,AGRICULTURAL_CROP_BURNING,Karnal & Kurukshetra (Haryana),HELD_OUT_TEST,Haryana Remote Sensing Stubble Survey,0.98,True,True,10.47,323.97,310.04,562.9,633.53,13.93,27.59,1.0,0.0,879.6,0.009,0.991,0.0,0.0,0.02013969790877709,0.018125728117899382,1.0,8.0,3.0,0.82,9.0,0.463,0.1671,0.651,-2.97,-2.97
EVT_01206,29.63713,76.89722,3,AGRICULTURAL_CROP_BURNING,Karnal & Kurukshetra (Haryana),HELD_OUT_TEST,Haryana Remote Sensing Stubble Survey,0.98,True,False,26.61,339.6,314.79,847.6,128.98,24.81,19.0,1.0,0.0,880.25,0.0,1.0,0.0,0.0,0.02253834989098686,0.020284514901888175,0.0,8.0,3.0,6.2,3.0,0.0,0.0,1.0,-2.97,-2.97
EVT_01207,29.77115,77.01039,3,AGRICULTURAL_CROP_BURNING,Karnal & Kurukshetra (Haryana),HELD_OUT_TEST,Haryana Remote Sensing Stubble Survey,0.98,True,False,7.17,331.71,315.58,845.4,92.82,16.13,36.22,1.0,0.0,881.52,0.056,0.944,0.0,0.0,0.05997402088585441,0.05397661879726897,1.0,8.0,3.0,-0.28,1.0,0.0,0.0,1.0,-2.97,-2.97
EVT_01208,29.67947,76.90794,3,AGRICULTURAL_CROP_BURNING,Karnal & Kurukshetra (Haryana),HELD_OUT_TEST,Haryana Remote Sensing Stubble Survey,0.98,True,False,13.95,325.78,317.37,550.9,812.26,8.41,23.8,1.0,0.0,882.61,0.06,0.886,0.053,0.0,0.01576395141677052,0.014187556275093468,1.0,8.0,3.0,1.98,8.0,0.0,0.0,1.0,-2.97,-2.97
EVT_01209,29.62832,77.01702,3,AGRICULTURAL_CROP_BURNING,Karnal & Kurukshetra (Haryana),HELD_OUT_TEST,Haryana Remote Sensing Stubble Survey,0.98,True,False,18.69,327.34,312.45,555.1,830.8,14.89,22.54,1.0,0.0,869.94,0.016,0.951,0.033,0.0,0.021658191201566094,0.019492372081409484,1.0,8.0,3.0,3.56,6.0,0.0,0.0,1.0,-2.97,-2.97
EVT_01210,29.64975,77.01975,3,AGRICULTURAL_CROP_BURNING,Karnal & Kurukshetra (Haryana),HELD_OUT_TEST,Haryana Remote Sensing Stubble Survey,0.98,True,False,14.87,328.42,319.5,553.6,896.57,8.92,24.62,1.0,0.0,871.37,0.05,0.933,0.01,0.002,0.04590178217567017,0.041311603958103155,1.0,8.0,3.0,2.29,8.0,0.0,0.0,1.0,-2.97,-2.97
EVT_01211,29.70657,76.9587,3,AGRICULTURAL_CROP_BURNING,Karnal & Kurukshetra (Haryana),HELD_OUT_TEST,Haryana Remote Sensing Stubble Survey,0.98,True,False,22.73,332.58,310.53,500.0,2296.67,22.05,27.8,1.0,0.0,880.62,0.08,0.687,0.0,0.077,0.033107825849866886,0.029797043264880196,1.0,8.0,3.0,4.91,9.0,0.0,0.0,1.0,-2.97,-2.97
EVT_01212,29.73834,76.99075,3,AGRICULTURAL_CROP_BURNING,Karnal & Kurukshetra (Haryana),HELD_OUT_TEST,Haryana Remote Sensing Stubble Survey,0.98,True,False,20.29,331.53,321.38,845.4,92.15,10.15,32.13,1.0,0.0,880.52,0.019,0.942,0.034,0.0,0.0711491721590829,0.0640342549431746,1.0,8.0,3.0,4.1,2.0,0.0,0.0,1.0,-2.97,-2.97
EVT_01213,29.67429,77.01819,3,AGRICULTURAL_CROP_BURNING,Karnal & Kurukshetra (Haryana),HELD_OUT_TEST,Haryana Remote Sensing Stubble Survey,0.98,True,False,5.04,333.47,315.62,846.0,100.2,17.86,26.84,1.0,0.0,873.39,0.011,0.083,0.789,0.069,0.050176529609528106,0.0451588766485753,1.0,8.0,3.0,-0.99,2.0,0.0,0.0,1.0,-2.97,-2.97
EVT_01214,29.6845,76.9593,3,AGRICULTURAL_CROP_BURNING,Karnal & Kurukshetra (Haryana),HELD_OUT_TEST,Haryana Remote Sensing Stubble Survey,0.98,True,True,6.17,320.8,310.87,500.0,1265.31,9.94,25.48,1.0,0.0,878.88,0.042,0.038,0.895,0.022,0.049385788376991646,0.04444720953929248,1.0,8.0,3.0,-0.61,6.0,0.3795,0.1536,0.8038,-2.97,-2.97
EVT_01215,29.6617,76.94812,3,AGRICULTURAL_CROP_BURNING,Karnal & Kurukshetra (Haryana),HELD_OUT_TEST,Haryana Remote Sensing Stubble Survey,0.98,True,False,18.96,335.69,308.86,679.2,340.74,26.83,22.73,1.0,0.0,878.02,0.0,1.0,0.0,0.0,0.044621284460686965,0.040159156014618266,1.0,8.0,3.0,3.65,7.0,0.0,0.0,1.0,-2.97,-2.97
EVT_01216,29.60964,76.93366,3,AGRICULTURAL_CROP_BURNING,Karnal & Kurukshetra (Haryana),HELD_OUT_TEST,Haryana Remote Sensing Stubble Survey,0.98,True,False,22.0,339.04,320.57,847.5,126.21,18.47,16.8,1.0,0.0,875.21,0.06,0.825,0.109,0.001,0.04569229637439272,0.04112306673695345,0.0,8.0,3.0,4.67,2.0,0.0,0.0,1.0,-2.97,-2.97
EVT_01217,29.68176,76.96793,3,AGRICULTURAL_CROP_BURNING,Karnal & Kurukshetra (Haryana),HELD_OUT_TEST,Haryana Remote Sensing Stubble Survey,0.98,True,True,16.6,330.68,314.02,845.0,88.7,16.66,25.47,1.0,0.0,877.98,0.0,0.0,0.966,0.01,0.04807554886031878,0.0432679939742869,1.0,8.0,3.0,2.87,6.0,0.6447,0.4191,0.6988,-2.97,-2.97
EVT_01218,29.74166,77.02283,3,AGRICULTURAL_CROP_BURNING,Karnal & Kurukshetra (Haryana),HELD_OUT_TEST,Haryana Remote Sensing Stubble Survey,0.98,True,False,12.5,327.61,317.24,843.6,77.19,10.37,33.67,1.0,0.0,878.24,0.244,0.688,0.065,0.003,0.07341663434362511,0.0660749709092626,1.0,8.0,3.0,1.5,8.0,0.0,0.0,1.0,-2.97,-2.97
EVT_01219,29.71247,76.99393,3,AGRICULTURAL_CROP_BURNING,Karnal & Kurukshetra (Haryana),HELD_OUT_TEST,Haryana Remote Sensing Stubble Survey,0.98,True,False,13.09,325.68,311.67,842.4,70.43,14.01,29.57,1.0,0.0,878.27,0.351,0.404,0.235,0.001,0.0726068153460299,0.06534613381142691,0.0,8.0,3.0,1.7,4.0,0.0,0.0,1.0,-2.97,-2.97
EVT_01220,29.61035,76.99163,3,AGRICULTURAL_CROP_BURNING,Karnal & Kurukshetra (Haryana),HELD_OUT_TEST,Haryana Remote Sensing Stubble Survey,0.98,True,False,22.64,328.12,315.26,843.9,79.0,12.85,19.48,1.0,0.0,870.59,0.0,0.998,0.002,0.0,0.053809266623542705,0.048428339961188435,1.0,8.0,3.0,4.88,9.0,0.0,0.0,1.0,-2.97,-2.97
EVT_01221,29.66665,76.97988,3,AGRICULTURAL_CROP_BURNING,Karnal & Kurukshetra (Haryana),HELD_OUT_TEST,Haryana Remote Sensing Stubble Survey,0.98,True,True,20.32,324.85,311.85,841.9,67.67,13.0,24.36,1.0,0.0,875.86,0.029,0.072,0.593,0.104,0.013969325595903267,0.01257239303631294,1.0,8.0,3.0,4.11,2.0,0.1861,0.1968,0.7577,-2.97,-2.97
EVT_01222,29.67489,76.99393,3,AGRICULTURAL_CROP_BURNING,Karnal & Kurukshetra (Haryana),HELD_OUT_TEST,Haryana Remote Sensing Stubble Survey,0.98,True,True,14.02,332.74,313.1,500.0,2318.5,19.64,25.77,1.0,0.0,875.37,0.001,0.0,0.996,0.0,0.07740036339300196,0.06966032705370177,0.0,8.0,3.0,2.01,7.0,0.1097,-0.0372,0.8101,-2.97,-2.97
EVT_01223,29.73693,76.98826,3,AGRICULTURAL_CROP_BURNING,Karnal & Kurukshetra (Haryana),HELD_OUT_TEST,Haryana Remote Sensing Stubble Survey,0.98,True,False,13.35,328.07,310.34,843.8,78.77,17.73,31.9,1.0,0.0,880.61,0.114,0.858,0.019,0.001,0.045790702237222425,0.041211632013500185,1.0,8.0,3.0,1.78,4.0,0.0,0.0,1.0,-2.97,-2.97
EVT_01224,29.672,76.97996,3,AGRICULTURAL_CROP_BURNING,Karnal & Kurukshetra (Haryana),HELD_OUT_TEST,Haryana Remote Sensing Stubble Survey,0.98,True,True,4.57,330.88,310.22,845.1,89.45,20.66,24.9,1.0,0.0,876.26,0.005,0.002,0.91,0.028,0.03778383467906867,0.0340054512111618,1.0,8.0,3.0,-1.14,6.0,0.2267,0.1779,0.8284,-2.97,-2.97
EVT_01225,29.62898,76.98441,3,AGRICULTURAL_CROP_BURNING,Karnal & Kurukshetra (Haryana),HELD_OUT_TEST,Haryana Remote Sensing Stubble Survey,0.98,True,False,21.82,343.27,318.76,848.2,148.89,24.51,20.84,1.0,0.0,872.6,0.165,0.835,0.0,0.0,0.025391809279514437,0.022852628351562994,1.0,8.0,3.0,4.61,4.0,0.0,0.0,1.0,-2.97,-2.97
EVT_01226,29.67764,76.99931,3,AGRICULTURAL_CROP_BURNING,Karnal & Kurukshetra (Haryana),HELD_OUT_TEST,Haryana Remote Sensing Stubble Survey,0.98,True,True,10.37,334.06,317.3,846.2,102.74,16.76,26.28,1.0,0.0,875.15,0.006,0.011,0.962,0.0,0.050030878256021254,0.04502779043041913,1.0,8.0,3.0,0.79,8.0,0.1912,0.0345,0.7981,-2.97,-2.97
EVT_01227,29.68687,76.92134,3,AGRICULTURAL_CROP_BURNING,Karnal & Kurukshetra (Haryana),HELD_OUT_TEST,Haryana Remote Sensing Stubble Survey,0.98,True,False,15.29,335.07,309.48,846.5,107.11,25.59,24.81,1.0,0.0,882.1,0.374,0.178,0.36,0.003,0.042116486798832495,0.03790483811894925,1.0,8.0,3.0,2.43,2.0,0.0,0.0,1.0,-2.97,-2.97
EVT_01228,29.63056,76.94247,3,AGRICULTURAL_CROP_BURNING,Karnal & Kurukshetra (Haryana),HELD_OUT_TEST,Haryana Remote Sensing Stubble Survey,0.98,True,False,18.4,329.96,317.89,844.7,85.92,12.07,19.28,1.0,0.0,876.1,0.034,0.894,0.065,0.0,0.02265729353016765,0.020391564177150885,1.0,8.0,3.0,3.47,8.0,0.0,0.0,1.0,-2.97,-2.97
EVT_01229,29.75182,76.92029,3,AGRICULTURAL_CROP_BURNING,Karnal & Kurukshetra (Haryana),HELD_OUT_TEST,Haryana Remote Sensing Stubble Survey,0.98,True,False,25.17,326.86,313.84,843.2,74.51,13.03,31.93,1.0,0.0,887.18,0.17,0.83,0.0,0.0,0.04110756732410389,0.0369968105916935,1.0,8.0,3.0,5.72,9.0,0.0,0.0,1.0,-2.97,-2.97
EVT_01230,29.63552,77.00797,3,AGRICULTURAL_CROP_BURNING,Karnal & Kurukshetra (Haryana),HELD_OUT_TEST,Haryana Remote Sensing Stubble Survey,0.98,True,False,15.08,329.29,311.17,844.4,83.29,18.12,22.67,1.0,0.0,871.22,0.0,1.0,0.0,0.0,0.0279485010732083,0.02515365096588747,1.0,8.0,3.0,2.36,1.0,0.0,0.0,1.0,-2.97,-2.97
EVT_01231,29.69568,76.99136,3,AGRICULTURAL_CROP_BURNING,Karnal & Kurukshetra (Haryana),HELD_OUT_TEST,Haryana Remote Sensing Stubble Survey,0.98,True,True,10.85,323.99,315.76,500.0,1514.92,8.23,27.76,1.0,0.0,877.18,0.106,0.0,0.893,0.001,0.043314868815547435,0.03898338193399269,1.0,8.0,3.0,0.95,7.0,0.4795,0.1832,0.7526,-2.97,-2.97
EVT_01232,29.67158,76.9503,3,AGRICULTURAL_CROP_BURNING,Karnal & Kurukshetra (Haryana),HELD_OUT_TEST,Haryana Remote Sensing Stubble Survey,0.98,True,False,11.41,332.76,312.26,500.0,2318.93,20.5,23.84,1.0,0.0,878.61,0.004,0.989,0.007,0.0,0.07943254381998516,0.07148928943798664,0.0,8.0,3.0,1.14,2.0,0.0,0.0,1.0,-2.97,-2.97
EVT_01233,29.68552,76.98682,3,AGRICULTURAL_CROP_BURNING,Karnal & Kurukshetra (Haryana),HELD_OUT_TEST,Haryana Remote Sensing Stubble Survey,0.98,True,True,21.46,329.88,316.04,844.7,85.59,13.84,26.55,1.0,0.0,876.76,0.017,0.0,0.972,0.011,0.03594974599264489,0.0323547713933804,0.0,8.0,3.0,4.49,2.0,0.1685,-0.0719,0.8789,-2.97,-2.97
EVT_01234,29.67375,76.95926,3,AGRICULTURAL_CROP_BURNING,Karnal & Kurukshetra (Haryana),HELD_OUT_TEST,Haryana Remote Sensing Stubble Survey,0.98,True,True,21.47,327.52,317.8,843.5,76.87,9.73,24.34,1.0,0.0,878.05,0.006,0.942,0.042,0.0,0.016573697538172106,0.014916327784354895,1.0,8.0,3.0,4.49,7.0,0.7511,0.4984,0.5649,-2.97,-2.97
EVT_01235,29.68944,76.97544,3,AGRICULTURAL_CROP_BURNING,Karnal & Kurukshetra (Haryana),HELD_OUT_TEST,Haryana Remote Sensing Stubble Survey,0.98,True,True,9.55,333.89,309.51,846.2,101.92,24.38,26.52,1.0,0.0,877.97,0.0,0.0,0.999,0.001,0.04563024118378328,0.041067217065404955,1.0,8.0,3.0,0.52,8.0,0.1134,-0.0264,0.8726,-2.97,-2.97
EVT_01236,29.62325,76.93311,3,AGRICULTURAL_CROP_BURNING,Karnal & Kurukshetra (Haryana),HELD_OUT_TEST,Haryana Remote Sensing Stubble Survey,0.98,True,False,19.22,323.52,313.29,840.9,63.41,10.23,18.21,1.0,0.0,876.29,0.085,0.266,0.64,0.003,0.03549069733732239,0.03194162760359015,1.0,8.0,3.0,3.74,7.0,0.0,0.0,1.0,-2.97,-2.97
EVT_01237,29.62438,77.02526,3,AGRICULTURAL_CROP_BURNING,Karnal & Kurukshetra (Haryana),HELD_OUT_TEST,Haryana Remote Sensing Stubble Survey,0.98,True,False,15.67,333.25,311.27,575.3,858.62,21.98,22.7,1.0,0.0,868.97,0.008,0.985,0.005,0.0,0.025732502672415027,0.023159252405173525,0.0,8.0,3.0,2.56,4.0,0.0,0.0,1.0,-2.97,-2.97
EVT_01238,29.688,76.95848,3,AGRICULTURAL_CROP_BURNING,Karnal & Kurukshetra (Haryana),HELD_OUT_TEST,Haryana Remote Sensing Stubble Survey,0.98,True,True,10.28,330.31,308.77,844.9,87.18,21.54,25.82,1.0,0.0,879.21,0.002,0.017,0.614,0.331,0.0605853041442748,0.05452677372984732,1.0,8.0,3.0,0.76,4.0,0.2926,0.0316,0.8962,-2.97,-2.97
EVT_01239,29.64601,76.99487,3,AGRICULTURAL_CROP_BURNING,Karnal & Kurukshetra (Haryana),HELD_OUT_TEST,Haryana Remote Sensing Stubble Survey,0.98,True,False,22.01,324.57,316.01,841.7,66.77,8.56,22.98,1.0,0.0,873.07,0.01,0.41,0.105,0.026,0.033736132928387605,0.030362519635548844,1.0,8.0,3.0,4.67,8.0,0.0,0.0,1.0,-2.97,-2.97
EVT_01240,29.64933,77.00967,3,AGRICULTURAL_CROP_BURNING,Karnal & Kurukshetra (Haryana),HELD_OUT_TEST,Haryana Remote Sensing Stubble Survey,0.98,True,False,6.82,333.96,308.8,846.2,102.18,25.15,24.05,1.0,0.0,872.14,0.003,0.989,0.0,0.0,0.07638165663012567,0.0687434909671131,1.0,8.0,3.0,-0.39,9.0,0.0,0.0,1.0,-2.97,-2.97
EVT_01241,29.7347,76.97914,3,AGRICULTURAL_CROP_BURNING,Karnal & Kurukshetra (Haryana),HELD_OUT_TEST,Haryana Remote Sensing Stubble Survey,0.98,True,False,23.35,334.42,309.15,846.3,104.24,25.27,31.38,1.0,0.0,881.17,0.019,0.976,0.004,0.0,0.021490341839130143,0.01934130765521713,1.0,8.0,3.0,5.12,2.0,0.0,0.0,1.0,-2.97,-2.97
EVT_01242,29.70983,76.98017,3,AGRICULTURAL_CROP_BURNING,Karnal & Kurukshetra (Haryana),HELD_OUT_TEST,Haryana Remote Sensing Stubble Survey,0.98,True,False,6.04,335.17,317.85,846.6,107.7,17.33,28.81,1.0,0.0,879.16,0.048,0.948,0.004,0.0,0.02539937888278515,0.022859440994506635,0.0,8.0,3.0,-0.65,5.0,0.0,0.0,1.0,-2.97,-2.97
EVT_01243,29.68099,77.01961,3,AGRICULTURAL_CROP_BURNING,Karnal & Kurukshetra (Haryana),HELD_OUT_TEST,Haryana Remote Sensing Stubble Survey,0.98,True,False,20.97,320.08,309.7,837.8,53.17,10.38,27.55,1.0,0.0,873.79,0.002,0.01,0.982,0.002,0.05701662400466294,0.05131496160419664,0.0,8.0,3.0,4.32,6.0,0.0,0.0,1.0,-2.97,-2.97
EVT_01244,29.72283,76.95542,3,AGRICULTURAL_CROP_BURNING,Karnal & Kurukshetra (Haryana),HELD_OUT_TEST,Haryana Remote Sensing Stubble Survey,0.98,True,False,24.09,328.65,311.08,844.1,80.91,17.57,29.45,1.0,0.0,882.14,0.001,0.992,0.007,0.0,0.01467579540835204,0.013208215867516837,1.0,8.0,3.0,5.36,7.0,0.0,0.0,1.0,-2.97,-2.97
EVT_01245,29.66195,76.98653,3,AGRICULTURAL_CROP_BURNING,Karnal & Kurukshetra (Haryana),HELD_OUT_TEST,Haryana Remote Sensing Stubble Survey,0.98,True,True,16.95,327.43,310.55,653.6,291.28,16.88,24.16,1.0,0.0,874.96,0.036,0.011,0.907,0.031,0.06436136271883248,0.05792522644694924,1.0,8.0,3.0,2.98,9.0,0.1378,0.0745,0.7439,-2.97,-2.97
EVT_01246,29.70235,77.03942,3,AGRICULTURAL_CROP_BURNING,Karnal & Kurukshetra (Haryana),HELD_OUT_TEST,Haryana Remote Sensing Stubble Survey,0.98,True,False,8.84,331.66,316.58,845.4,92.64,15.08,30.57,1.0,0.0,873.87,0.053,0.927,0.02,0.0,0.04008217667529668,0.03607395900776701,1.0,8.0,3.0,0.28,2.0,0.0,0.0,1.0,-2.97,-2.97
EVT_01247,29.6485,76.97263,3,AGRICULTURAL_CROP_BURNING,Karnal & Kurukshetra (Haryana),HELD_OUT_TEST,Haryana Remote Sensing Stubble Survey,0.98,True,False,16.17,332.6,318.25,697.4,257.09,14.36,22.23,1.0,0.0,875.04,0.076,0.467,0.327,0.089,0.034011083355041764,0.030609975019537588,0.0,8.0,3.0,2.72,6.0,0.0,0.0,1.0,-2.97,-2.97
EVT_01248,29.62562,76.98487,3,AGRICULTURAL_CROP_BURNING,Karnal & Kurukshetra (Haryana),HELD_OUT_TEST,Haryana Remote Sensing Stubble Survey,0.98,True,False,10.13,328.42,310.49,615.0,443.93,17.93,20.54,1.0,0.0,872.31,0.174,0.56,0.147,0.018,0.04546838407044091,0.04092154566339682,1.0,8.0,3.0,0.71,7.0,0.0,0.0,1.0,-2.97,-2.97
EVT_01249,29.69068,77.00761,3,AGRICULTURAL_CROP_BURNING,Karnal & Kurukshetra (Haryana),HELD_OUT_TEST,Haryana Remote Sensing Stubble Survey,0.98,True,False,15.31,335.83,313.67,846.7,110.63,22.15,27.93,1.0,0.0,875.5,0.237,0.016,0.746,0.0,0.07080397193572528,0.06372357474215276,1.0,8.0,3.0,2.44,6.0,0.0,0.0,1.0,-2.97,-2.97
EVT_01250,29.68934,77.01798,3,AGRICULTURAL_CROP_BURNING,Karnal & Kurukshetra (Haryana),HELD_OUT_TEST,Haryana Remote Sensing Stubble Survey,0.98,True,False,13.0,330.01,311.31,844.7,86.04,18.7,28.28,1.0,0.0,874.57,0.088,0.531,0.241,0.001,0.0538100877949082,0.04842907901541738,1.0,8.0,3.0,1.67,5.0,0.0,0.0,1.0,-2.97,-2.97
EVT_01251,29.65478,76.9944,3,AGRICULTURAL_CROP_BURNING,Karnal & Kurukshetra (Haryana),HELD_OUT_TEST,Haryana Remote Sensing Stubble Survey,0.98,True,False,26.79,332.05,318.86,845.6,94.26,13.19,23.81,1.0,0.0,873.78,0.484,0.269,0.077,0.016,0.03376702433914853,0.030390321905233678,0.0,8.0,3.0,6.26,1.0,0.0,0.0,1.0,-2.97,-2.97
EVT_01252,29.72511,76.97038,3,AGRICULTURAL_CROP_BURNING,Karnal & Kurukshetra (Haryana),HELD_OUT_TEST,Haryana Remote Sensing Stubble Survey,0.98,True,False,19.5,327.16,311.66,500.0,1778.05,15.5,30.1,1.0,0.0,881.12,0.286,0.609,0.067,0.001,0.06922023963781779,0.06229821567403601,1.0,8.0,3.0,3.83,2.0,0.0,0.0,1.0,-2.97,-2.97
EVT_01253,29.72407,77.04318,3,AGRICULTURAL_CROP_BURNING,Karnal & Kurukshetra (Haryana),HELD_OUT_TEST,Haryana Remote Sensing Stubble Survey,0.98,True,False,11.3,332.37,312.99,845.7,95.53,19.39,32.84,1.0,0.0,875.26,0.03,0.634,0.132,0.007,0.041480778741447434,0.03733270086730269,1.0,8.0,3.0,1.1,6.0,0.0,0.0,1.0,-2.97,-2.97
EVT_01254,29.74116,76.90973,3,AGRICULTURAL_CROP_BURNING,Karnal & Kurukshetra (Haryana),HELD_OUT_TEST,Haryana Remote Sensing Stubble Survey,0.98,True,False,18.23,323.31,312.25,840.8,62.74,11.06,30.63,1.0,0.0,887.2,0.001,0.992,0.006,0.0,0.06291425402375964,0.056622828621383674,1.0,8.0,3.0,3.41,1.0,0.0,0.0,1.0,-2.97,-2.97
EVT_01255,29.66473,77.01668,3,AGRICULTURAL_CROP_BURNING,Karnal & Kurukshetra (Haryana),HELD_OUT_TEST,Haryana Remote Sensing Stubble Survey,0.98,True,False,5.59,324.66,315.38,841.8,67.06,9.28,25.86,1.0,0.0,872.77,0.044,0.385,0.553,0.0,0.025115674281409456,0.02260410685326851,0.0,8.0,3.0,-0.8,9.0,0.0,0.0,1.0,-2.97,-2.97
EVT_01256,29.70088,77.01734,3,AGRICULTURAL_CROP_BURNING,Karnal & Kurukshetra (Haryana),HELD_OUT_TEST,Haryana Remote Sensing Stubble Survey,0.98,True,False,15.87,337.21,314.75,847.1,117.14,22.46,29.37,1.0,0.0,875.51,0.321,0.278,0.349,0.0,0.03099817357081728,0.027898356213735553,0.0,8.0,3.0,2.62,7.0,0.0,0.0,1.0,-2.97,-2.97
EVT_01257,29.72012,76.96998,3,AGRICULTURAL_CROP_BURNING,Karnal & Kurukshetra (Haryana),HELD_OUT_TEST,Haryana Remote Sensing Stubble Survey,0.98,True,False,25.36,324.33,316.31,500.0,1543.26,8.03,29.56,1.0,0.0,880.77,0.095,0.905,0.0,0.0,0.07013324307946593,0.06311991877151935,0.0,8.0,3.0,5.79,2.0,0.0,0.0,1.0,-2.97,-2.97
EVT_01258,29.66166,77.0552,3,AGRICULTURAL_CROP_BURNING,Karnal & Kurukshetra (Haryana),HELD_OUT_TEST,Haryana Remote Sensing Stubble Survey,0.98,True,False,13.95,329.95,312.88,844.7,85.82,17.07,27.74,1.0,0.0,869.46,0.044,0.956,0.0,0.0,0.01746997019956381,0.01572297317960743,1.0,8.0,3.0,1.98,1.0,0.0,0.0,1.0,-2.97,-2.97
EVT_01259,29.71577,76.98739,3,AGRICULTURAL_CROP_BURNING,Karnal & Kurukshetra (Haryana),HELD_OUT_TEST,Haryana Remote Sensing Stubble Survey,0.98,True,False,9.01,328.3,317.84,661.8,283.08,10.46,29.67,1.0,0.0,879.05,0.082,0.317,0.481,0.014,0.06426022544100163,0.057834202896901464,1.0,8.0,3.0,0.34,7.0,0.0,0.0,1.0,-2.97,-2.97
EVT_01260,29.68442,76.95852,3,AGRICULTURAL_CROP_BURNING,Karnal & Kurukshetra (Haryana),HELD_OUT_TEST,Haryana Remote Sensing Stubble Survey,0.98,True,True,4.07,329.69,318.6,598.1,565.13,11.09,25.44,1.0,0.0,878.93,0.052,0.038,0.692,0.207,0.026996104987839265,0.02429649448905534,1.0,8.0,3.0,-1.31,7.0,0.8362,0.6031,0.5405,-2.97,-2.97
EVT_01261,29.49022,78.72539,2,NATURAL_FOREST_WILDFIRE,Jim Corbett National Park (Uttarakhand),HELD_OUT_TEST,Uttarakhand Forest Fire Audit,0.98,False,False,151.14,338.4,318.82,847.3,122.98,19.58,4.29,2.0,0.0,732.49,0.0,0.0,0.0,0.0,0.04225210441774464,0.03802689397597018,1.0,25.0,10.0,12.61,13.0,0.0,0.0,1.0,-2.97,-2.97
EVT_01262,29.5414,78.71181,2,NATURAL_FOREST_WILDFIRE,Jim Corbett National Park (Uttarakhand),HELD_OUT_TEST,Uttarakhand Forest Fire Audit,0.98,False,False,138.88,339.16,312.23,847.5,126.7,26.93,5.18,2.0,0.0,737.94,0.0,0.0,0.0,0.0,0.08610002988208529,0.07749002689387677,1.0,25.0,10.0,11.39,6.0,0.0,0.0,1.0,-2.97,-2.97
EVT_01263,29.4529,78.76228,2,NATURAL_FOREST_WILDFIRE,Jim Corbett National Park (Uttarakhand),HELD_OUT_TEST,Uttarakhand Forest Fire Audit,0.98,False,False,117.19,344.22,312.37,848.3,154.24,31.85,7.13,2.0,0.0,726.72,0.0,0.0,0.0,0.0,0.03946192543245652,0.035515732889210866,1.0,25.0,10.0,9.22,7.0,0.0,0.0,1.0,-2.97,-2.97
EVT_01264,29.48994,78.75962,2,NATURAL_FOREST_WILDFIRE,Jim Corbett National Park (Uttarakhand),HELD_OUT_TEST,Uttarakhand Forest Fire Audit,0.98,False,False,66.6,352.39,312.83,849.1,207.54,39.56,3.01,2.0,0.0,730.2,0.0,0.0,0.0,0.0,0.09587735622539384,0.08628962060285446,1.0,25.0,10.0,4.16,13.0,0.0,0.0,1.0,-2.97,-2.97
EVT_01265,29.48205,78.73571,2,NATURAL_FOREST_WILDFIRE,Jim Corbett National Park (Uttarakhand),HELD_OUT_TEST,Uttarakhand Forest Fire Audit,0.98,False,False,111.83,352.32,324.37,849.1,207.41,27.95,4.41,2.0,0.0,731.07,0.0,0.0,0.0,0.0,0.10492191446941047,0.09442972302246942,1.0,25.0,10.0,8.68,10.0,0.0,0.0,1.0,-2.97,-2.97
EVT_01266,29.54749,78.79302,2,NATURAL_FOREST_WILDFIRE,Jim Corbett National Park (Uttarakhand),HELD_OUT_TEST,Uttarakhand Forest Fire Audit,0.98,False,False,146.34,343.04,326.22,848.2,147.73,16.82,4.84,2.0,0.0,733.16,0.0,0.0,0.0,0.0,0.07881051982419979,0.07092946784177981,1.0,25.0,10.0,12.13,2.0,0.0,0.0,1.0,-2.97,-2.97
EVT_01267,29.47095,78.79909,2,NATURAL_FOREST_WILDFIRE,Jim Corbett National Park (Uttarakhand),HELD_OUT_TEST,Uttarakhand Forest Fire Audit,0.98,False,False,119.51,349.84,319.64,848.9,189.91,30.21,6.51,2.0,0.0,725.9,0.0,0.0,0.0,0.0,0.05569836921401129,0.05012853229261016,1.0,25.0,10.0,9.45,14.0,0.0,0.0,1.0,-2.97,-2.97
EVT_01268,29.52073,78.80337,2,NATURAL_FOREST_WILDFIRE,Jim Corbett National Park (Uttarakhand),HELD_OUT_TEST,Uttarakhand Forest Fire Audit,0.98,False,False,100.23,352.18,317.47,849.1,206.19,34.7,4.47,2.0,0.0,730.08,0.0,0.0,0.0,0.0,0.03934758494143681,0.03541282644729313,1.0,25.0,10.0,7.52,14.0,0.0,0.0,1.0,-2.97,-2.97
EVT_01269,29.53245,78.77548,2,NATURAL_FOREST_WILDFIRE,Jim Corbett National Park (Uttarakhand),HELD_OUT_TEST,Uttarakhand Forest Fire Audit,0.98,False,False,105.81,315.7,312.28,500.0,922.53,3.42,2.46,2.0,0.0,732.96,0.0,0.0,0.0,0.0,0.03493845467712279,0.03144460920941051,1.0,25.0,10.0,8.08,7.0,0.0,0.0,1.0,-2.97,-2.97
EVT_01270,29.5266,78.83563,2,NATURAL_FOREST_WILDFIRE,Jim Corbett National Park (Uttarakhand),HELD_OUT_TEST,Uttarakhand Forest Fire Audit,0.98,False,False,46.77,334.75,317.2,846.4,105.79,17.55,7.65,2.0,0.0,728.51,0.0,0.0,0.0,0.0,0.04673295483626769,0.04205965935264092,1.0,25.0,10.0,2.18,13.0,0.0,0.0,1.0,-2.97,-2.97
EVT_01271,29.59105,78.79323,2,NATURAL_FOREST_WILDFIRE,Jim Corbett National Park (Uttarakhand),HELD_OUT_TEST,Uttarakhand Forest Fire Audit,0.98,False,False,81.05,343.84,320.05,848.3,152.21,23.8,8.94,2.0,0.0,737.07,0.0,0.0,0.0,0.0,0.09130282022890966,0.08217253820601869,0.0,25.0,10.0,5.6,2.0,0.0,0.0,1.0,-2.97,-2.97
EVT_01272,29.5089,78.78735,2,NATURAL_FOREST_WILDFIRE,Jim Corbett National Park (Uttarakhand),HELD_OUT_TEST,Uttarakhand Forest Fire Audit,0.98,False,False,102.42,348.86,322.09,564.0,1860.71,26.77,3.03,2.0,0.0,730.07,0.0,0.0,0.0,0.0,0.10658422887495816,0.09592580598746235,0.0,25.0,10.0,7.74,11.0,0.0,0.0,1.0,-2.97,-2.97
EVT_01273,29.56812,78.71107,2,NATURAL_FOREST_WILDFIRE,Jim Corbett National Park (Uttarakhand),HELD_OUT_TEST,Uttarakhand Forest Fire Audit,0.98,False,False,46.12,350.66,322.1,849.0,195.56,28.55,7.25,2.0,0.0,740.38,0.0,0.0,0.0,0.0,0.1061249385183065,0.09551244466647585,1.0,25.0,10.0,2.11,6.0,0.0,0.0,1.0,-2.97,-2.97
EVT_01274,29.48846,78.79254,2,NATURAL_FOREST_WILDFIRE,Jim Corbett National Park (Uttarakhand),HELD_OUT_TEST,Uttarakhand Forest Fire Audit,0.98,False,False,63.06,339.86,315.5,847.6,130.33,24.36,4.64,2.0,0.0,727.9,0.0,0.0,0.0,0.0,0.07520323758398499,0.0676829138255865,1.0,25.0,10.0,3.81,13.0,0.0,0.0,1.0,-2.97,-2.97
EVT_01275,29.51421,78.76542,2,NATURAL_FOREST_WILDFIRE,Jim Corbett National Park (Uttarakhand),HELD_OUT_TEST,Uttarakhand Forest Fire Audit,0.98,False,False,86.03,344.64,308.6,848.4,156.54,36.04,0.83,2.0,0.0,731.98,0.0,0.0,0.0,0.0,0.047384251909925915,0.04264582671893333,0.0,25.0,10.0,6.1,12.0,0.0,0.0,1.0,-2.97,-2.97
EVT_01276,29.54117,78.66808,2,NATURAL_FOREST_WILDFIRE,Jim Corbett National Park (Uttarakhand),HELD_OUT_TEST,Uttarakhand Forest Fire Audit,0.98,False,False,93.78,332.69,307.73,500.0,2299.85,24.95,9.05,2.0,0.0,740.82,0.0,0.0,0.0,0.0,0.09694366616010962,0.08724929954409866,0.0,25.0,10.0,6.88,8.0,0.0,0.0,1.0,-2.97,-2.97
EVT_01277,29.54478,78.77479,2,NATURAL_FOREST_WILDFIRE,Jim Corbett National Park (Uttarakhand),HELD_OUT_TEST,Uttarakhand Forest Fire Audit,0.98,False,False,74.31,338.77,307.78,847.4,124.62,30.99,3.53,2.0,0.0,734.11,0.0,0.0,0.0,0.0,0.09001875608304565,0.08101688047474108,1.0,25.0,10.0,4.93,4.0,0.0,0.0,1.0,-2.97,-2.97
EVT_01278,29.5417,78.78645,2,NATURAL_FOREST_WILDFIRE,Jim Corbett National Park (Uttarakhand),HELD_OUT_TEST,Uttarakhand Forest Fire Audit,0.98,False,False,48.01,354.12,314.04,1500.0,28.7,40.08,3.94,2.0,0.0,733.07,0.0,0.0,0.0,0.0,0.09893334823405522,0.08904001341064971,1.0,25.0,10.0,2.3,11.0,0.0,0.0,1.0,-2.97,-2.97
EVT_01279,29.53163,78.80335,2,NATURAL_FOREST_WILDFIRE,Jim Corbett National Park (Uttarakhand),HELD_OUT_TEST,Uttarakhand Forest Fire Audit,0.98,False,False,154.13,352.18,317.48,849.1,206.19,34.7,4.74,2.0,0.0,731.06,0.0,0.0,0.0,0.0,0.06234252316468347,0.056108270848215125,0.0,25.0,10.0,12.91,9.0,0.0,0.0,1.0,-2.97,-2.97
EVT_01280,29.53184,78.79729,2,NATURAL_FOREST_WILDFIRE,Jim Corbett National Park (Uttarakhand),HELD_OUT_TEST,Uttarakhand Forest Fire Audit,0.98,False,False,128.26,338.62,325.84,847.4,124.19,12.78,4.2,2.0,0.0,731.48,0.0,0.0,0.0,0.0,0.04048015249391669,0.03643213724452502,1.0,25.0,10.0,10.33,13.0,0.0,0.0,1.0,-2.97,-2.97
EVT_01281,29.57749,78.81684,2,NATURAL_FOREST_WILDFIRE,Jim Corbett National Park (Uttarakhand),HELD_OUT_TEST,Uttarakhand Forest Fire Audit,0.98,False,False,86.31,342.17,322.66,848.0,142.82,19.51,8.86,2.0,0.0,734.32,0.0,0.0,0.0,0.0,0.10661287522923162,0.09595158770630846,1.0,25.0,10.0,6.13,11.0,0.0,0.0,1.0,-2.97,-2.97
EVT_01282,29.55296,78.83497,2,NATURAL_FOREST_WILDFIRE,Jim Corbett National Park (Uttarakhand),HELD_OUT_TEST,Uttarakhand Forest Fire Audit,0.98,False,False,147.5,337.55,313.6,847.2,118.73,23.94,8.51,2.0,0.0,730.93,0.0,0.0,0.0,0.0,0.08881744367222634,0.0799356993050037,1.0,25.0,10.0,12.25,11.0,0.0,0.0,1.0,-2.97,-2.97
EVT_01283,29.49405,78.78224,2,NATURAL_FOREST_WILDFIRE,Jim Corbett National Park (Uttarakhand),HELD_OUT_TEST,Uttarakhand Forest Fire Audit,0.98,False,False,55.25,347.55,320.78,848.7,174.77,26.76,3.5,2.0,0.0,729.07,0.0,0.0,0.0,0.0,0.09395244342672245,0.0845571990840502,1.0,25.0,10.0,3.03,4.0,0.0,0.0,1.0,-2.97,-2.97
EVT_01284,29.51201,78.80142,2,NATURAL_FOREST_WILDFIRE,Jim Corbett National Park (Uttarakhand),HELD_OUT_TEST,Uttarakhand Forest Fire Audit,0.98,False,False,66.52,353.31,323.94,849.2,214.69,29.37,4.29,2.0,0.0,729.43,0.0,0.0,0.0,0.0,0.052475060896720195,0.047227554807048176,1.0,25.0,10.0,4.15,11.0,0.0,0.0,1.0,-2.97,-2.97
EVT_01285,29.54401,78.69951,2,NATURAL_FOREST_WILDFIRE,Jim Corbett National Park (Uttarakhand),HELD_OUT_TEST,Uttarakhand Forest Fire Audit,0.98,False,False,140.42,334.2,317.85,846.3,103.37,16.35,6.36,2.0,0.0,738.99,0.0,0.0,0.0,0.0,0.09180062101076478,0.08262055890968831,1.0,25.0,10.0,11.54,11.0,0.0,0.0,1.0,-2.97,-2.97
EVT_01286,29.60145,78.81733,2,NATURAL_FOREST_WILDFIRE,Jim Corbett National Park (Uttarakhand),HELD_OUT_TEST,Uttarakhand Forest Fire Audit,0.98,False,False,69.21,329.2,313.87,844.4,82.99,15.33,11.04,2.0,0.0,736.45,0.0,0.0,0.0,0.0,0.03746993514208984,0.03372294162788086,0.0,25.0,10.0,4.42,10.0,0.0,0.0,1.0,-2.97,-2.97
EVT_01287,29.56517,78.83814,2,NATURAL_FOREST_WILDFIRE,Jim Corbett National Park (Uttarakhand),HELD_OUT_TEST,Uttarakhand Forest Fire Audit,0.98,False,False,64.7,328.1,312.79,843.8,78.91,15.31,9.48,2.0,0.0,731.83,0.0,0.0,0.0,0.0,0.07354583089593411,0.0661912478063407,1.0,25.0,10.0,3.97,8.0,0.0,0.0,1.0,-2.97,-2.97
EVT_01288,29.5735,78.82662,2,NATURAL_FOREST_WILDFIRE,Jim Corbett National Park (Uttarakhand),HELD_OUT_TEST,Uttarakhand Forest Fire Audit,0.98,False,False,112.7,338.39,315.63,847.3,122.88,22.76,9.19,2.0,0.0,733.32,0.0,0.0,0.0,0.0,0.03282299473037741,0.029540695257339673,0.0,25.0,10.0,8.77,5.0,0.0,0.0,1.0,-2.97,-2.97
EVT_01289,29.55918,78.79464,2,NATURAL_FOREST_WILDFIRE,Jim Corbett National Park (Uttarakhand),HELD_OUT_TEST,Uttarakhand Forest Fire Audit,0.98,False,False,112.62,343.08,308.41,848.2,147.58,34.67,5.92,2.0,0.0,734.11,0.0,0.0,0.0,0.0,0.10194807217006219,0.09175326495305597,1.0,25.0,10.0,8.76,3.0,0.0,0.0,1.0,-2.97,-2.97
EVT_01290,29.50527,78.79519,2,NATURAL_FOREST_WILDFIRE,Jim Corbett National Park (Uttarakhand),HELD_OUT_TEST,Uttarakhand Forest Fire Audit,0.98,False,False,52.69,341.37,316.56,847.9,138.32,24.8,3.88,2.0,0.0,729.23,0.0,0.0,0.0,0.0,0.0910387647438298,0.08193488826944682,1.0,25.0,10.0,2.77,6.0,0.0,0.0,1.0,-2.97,-2.97
EVT_01291,29.51201,78.79922,2,NATURAL_FOREST_WILDFIRE,Jim Corbett National Park (Uttarakhand),HELD_OUT_TEST,Uttarakhand Forest Fire Audit,0.98,False,False,70.74,348.47,317.4,654.9,703.19,31.07,4.08,2.0,0.0,729.57,0.0,0.0,0.0,0.0,0.06271576807010437,0.05644419126309393,0.0,25.0,10.0,4.57,8.0,0.0,0.0,1.0,-2.97,-2.97
EVT_01292,29.52421,78.79781,2,NATURAL_FOREST_WILDFIRE,Jim Corbett National Park (Uttarakhand),HELD_OUT_TEST,Uttarakhand Forest Fire Audit,0.98,False,False,152.85,357.41,314.77,1500.0,32.11,42.63,3.99,2.0,0.0,730.76,0.0,0.0,0.0,0.0,0.04670609402393602,0.04203548462154242,1.0,25.0,10.0,12.78,11.0,0.0,0.0,1.0,-2.97,-2.97
EVT_01293,29.56528,78.72486,2,NATURAL_FOREST_WILDFIRE,Jim Corbett National Park (Uttarakhand),HELD_OUT_TEST,Uttarakhand Forest Fire Audit,0.98,False,False,38.89,343.92,324.12,848.3,152.74,19.8,6.23,2.0,0.0,739.22,0.0,0.0,0.0,0.0,0.0661401190825576,0.05952610717430184,1.0,25.0,10.0,1.39,7.0,0.0,0.0,1.0,-2.97,-2.97
EVT_01294,29.46811,78.75948,2,NATURAL_FOREST_WILDFIRE,Jim Corbett National Park (Uttarakhand),HELD_OUT_TEST,Uttarakhand Forest Fire Audit,0.98,False,False,56.38,346.17,316.33,848.6,166.02,29.83,5.43,2.0,0.0,728.26,0.0,0.0,0.0,0.0,0.06258685608831437,0.05632817047948293,0.0,25.0,10.0,3.14,14.0,0.0,0.0,1.0,-2.97,-2.97
EVT_01295,29.53462,78.76818,2,NATURAL_FOREST_WILDFIRE,Jim Corbett National Park (Uttarakhand),HELD_OUT_TEST,Uttarakhand Forest Fire Audit,0.98,False,False,109.46,330.28,311.55,844.9,87.09,18.72,2.23,2.0,0.0,733.63,0.0,0.0,0.0,0.0,0.11709753298600602,0.10538777968740541,1.0,25.0,10.0,8.45,2.0,0.0,0.0,1.0,-2.97,-2.97
EVT_01296,29.5199,78.79366,2,NATURAL_FOREST_WILDFIRE,Jim Corbett National Park (Uttarakhand),HELD_OUT_TEST,Uttarakhand Forest Fire Audit,0.98,False,False,69.33,349.44,316.71,848.9,187.1,32.73,3.52,2.0,0.0,730.64,0.0,0.0,0.0,0.0,0.047308145032131835,0.042577330528918655,0.0,25.0,10.0,4.43,13.0,0.0,0.0,1.0,-2.97,-2.97
EVT_01297,29.48765,78.74248,2,NATURAL_FOREST_WILDFIRE,Jim Corbett National Park (Uttarakhand),HELD_OUT_TEST,Uttarakhand Forest Fire Audit,0.98,False,False,75.48,330.02,320.14,844.7,86.16,9.88,3.56,2.0,0.0,731.12,0.0,0.0,0.0,0.0,0.08365303094139835,0.07528772784725851,1.0,25.0,10.0,5.05,8.0,0.0,0.0,1.0,-2.97,-2.97
EVT_01298,29.49582,78.77561,2,NATURAL_FOREST_WILDFIRE,Jim Corbett National Park (Uttarakhand),HELD_OUT_TEST,Uttarakhand Forest Fire Audit,0.98,False,False,70.21,338.19,314.17,847.3,121.86,24.01,2.93,2.0,0.0,729.67,0.0,0.0,0.0,0.0,0.08042395103321423,0.07238155592989282,1.0,25.0,10.0,4.52,3.0,0.0,0.0,1.0,-2.97,-2.97
EVT_01299,29.49921,78.74129,2,NATURAL_FOREST_WILDFIRE,Jim Corbett National Park (Uttarakhand),HELD_OUT_TEST,Uttarakhand Forest Fire Audit,0.98,False,False,153.41,339.99,319.41,847.7,131.09,20.58,2.51,2.0,0.0,732.23,0.0,0.0,0.0,0.0,0.05423072848275197,0.048807655634476775,1.0,25.0,10.0,12.84,7.0,0.0,0.0,1.0,-2.97,-2.97
EVT_01300,29.53867,78.76412,2,NATURAL_FOREST_WILDFIRE,Jim Corbett National Park (Uttarakhand),HELD_OUT_TEST,Uttarakhand Forest Fire Audit,0.98,False,False,141.64,328.23,317.31,843.9,79.42,10.92,2.51,2.0,0.0,734.26,0.0,0.0,0.0,0.0,0.04540353984475083,0.04086318586027575,0.0,25.0,10.0,11.66,10.0,0.0,0.0,1.0,-2.97,-2.97
EVT_01301,29.54324,78.74035,2,NATURAL_FOREST_WILDFIRE,Jim Corbett National Park (Uttarakhand),HELD_OUT_TEST,Uttarakhand Forest Fire Audit,0.98,False,False,59.71,339.0,310.9,847.5,125.85,28.1,3.36,2.0,0.0,736.23,0.0,0.0,0.0,0.0,0.07484835857491244,0.0673635227174212,0.0,25.0,10.0,3.47,5.0,0.0,0.0,1.0,-2.97,-2.97
EVT_01302,29.53918,78.76579,2,NATURAL_FOREST_WILDFIRE,Jim Corbett National Park (Uttarakhand),HELD_OUT_TEST,Uttarakhand Forest Fire Audit,0.98,False,False,135.31,341.85,319.53,500.0,3427.68,22.32,2.61,2.0,0.0,734.19,0.0,0.0,0.0,0.0,0.09366858758693654,0.08430172882824288,0.0,25.0,10.0,11.03,9.0,0.0,0.0,1.0,-2.97,-2.97
EVT_01303,29.54729,78.81735,2,NATURAL_FOREST_WILDFIRE,Jim Corbett National Park (Uttarakhand),HELD_OUT_TEST,Uttarakhand Forest Fire Audit,0.98,False,False,153.39,323.19,314.73,840.7,62.38,8.46,6.71,2.0,0.0,731.56,0.0,0.0,0.0,0.0,0.08029088114246855,0.0722617930282217,1.0,25.0,10.0,12.84,14.0,0.0,0.0,1.0,-2.97,-2.97
EVT_01304,29.5622,78.81911,2,NATURAL_FOREST_WILDFIRE,Jim Corbett National Park (Uttarakhand),HELD_OUT_TEST,Uttarakhand Forest Fire Audit,0.98,False,False,43.54,345.85,315.17,848.5,164.03,30.67,7.81,2.0,0.0,732.79,0.0,0.0,0.0,0.0,0.10263987737446334,0.09237588963701701,0.0,25.0,10.0,1.85,14.0,0.0,0.0,1.0,-2.97,-2.97
EVT_01305,29.52222,78.79058,2,NATURAL_FOREST_WILDFIRE,Jim Corbett National Park (Uttarakhand),HELD_OUT_TEST,Uttarakhand Forest Fire Audit,0.98,False,False,54.7,313.04,319.26,534.4,465.69,-6.22,3.26,2.0,0.0,731.05,0.0,0.0,0.0,0.0,0.07903120104907616,0.07112808094416855,1.0,25.0,10.0,2.97,11.0,0.0,0.0,1.0,-2.97,-2.97
EVT_01306,29.53119,78.81163,2,NATURAL_FOREST_WILDFIRE,Jim Corbett National Park (Uttarakhand),HELD_OUT_TEST,Uttarakhand Forest Fire Audit,0.98,False,False,96.69,349.91,321.2,848.9,190.4,28.71,5.48,2.0,0.0,730.48,0.0,0.0,0.0,0.0,0.031542756070426774,0.028388480463384096,1.0,25.0,10.0,7.17,10.0,0.0,0.0,1.0,-2.97,-2.97
EVT_01307,29.53899,78.762,2,NATURAL_FOREST_WILDFIRE,Jim Corbett National Park (Uttarakhand),HELD_OUT_TEST,Uttarakhand Forest Fire Audit,0.98,False,False,134.91,348.0,310.27,848.7,177.39,37.73,2.5,2.0,0.0,734.42,0.0,0.0,0.0,0.0,0.033338861709325956,0.03000497553839336,0.0,25.0,10.0,10.99,8.0,0.0,0.0,1.0,-2.97,-2.97
EVT_01308,29.54868,78.82225,2,NATURAL_FOREST_WILDFIRE,Jim Corbett National Park (Uttarakhand),HELD_OUT_TEST,Uttarakhand Forest Fire Audit,0.98,False,False,129.81,338.48,325.4,847.4,123.47,13.08,7.2,2.0,0.0,731.37,0.0,0.0,0.0,0.0,0.05718029912745357,0.051462269214708214,0.0,25.0,10.0,10.48,7.0,0.0,0.0,1.0,-2.97,-2.97
EVT_01309,29.54075,78.76821,2,NATURAL_FOREST_WILDFIRE,Jim Corbett National Park (Uttarakhand),HELD_OUT_TEST,Uttarakhand Forest Fire Audit,0.98,False,False,151.62,347.63,316.88,848.7,175.21,30.75,2.85,2.0,0.0,734.18,0.0,0.0,0.0,0.0,0.044185294706474615,0.03976676523582715,1.0,25.0,10.0,12.66,11.0,0.0,0.0,1.0,-2.97,-2.97
EVT_01310,29.5156,78.74689,2,NATURAL_FOREST_WILDFIRE,Jim Corbett National Park (Uttarakhand),HELD_OUT_TEST,Uttarakhand Forest Fire Audit,0.98,False,False,123.5,343.75,317.21,848.3,151.63,26.54,1.03,2.0,0.0,733.33,0.0,0.0,0.0,0.0,0.10684625789474704,0.09616163210527234,1.0,25.0,10.0,9.85,12.0,0.0,0.0,1.0,-2.97,-2.97
EVT_01311,29.55051,78.81987,2,NATURAL_FOREST_WILDFIRE,Jim Corbett National Park (Uttarakhand),HELD_OUT_TEST,Uttarakhand Forest Fire Audit,0.98,False,False,95.18,331.9,322.86,845.5,93.66,9.03,7.11,2.0,0.0,731.69,0.0,0.0,0.0,0.0,0.0244395264969327,0.02199557384723943,1.0,25.0,10.0,7.02,3.0,0.0,0.0,1.0,-2.97,-2.97
EVT_01312,29.57085,78.8256,2,NATURAL_FOREST_WILDFIRE,Jim Corbett National Park (Uttarakhand),HELD_OUT_TEST,Uttarakhand Forest Fire Audit,0.98,False,False,130.45,335.84,322.01,846.7,110.77,13.83,8.92,2.0,0.0,733.15,0.0,0.0,0.0,0.0,0.08879840215236698,0.07991856193713029,0.0,25.0,10.0,10.55,14.0,0.0,0.0,1.0,-2.97,-2.97
EVT_01313,29.57189,78.76056,2,NATURAL_FOREST_WILDFIRE,Jim Corbett National Park (Uttarakhand),HELD_OUT_TEST,Uttarakhand Forest Fire Audit,0.98,False,False,146.25,340.19,329.56,847.7,132.2,10.62,6.12,2.0,0.0,737.47,0.0,0.0,0.0,0.0,0.10453372225064138,0.09408035002557724,0.0,25.0,10.0,12.12,11.0,0.0,0.0,1.0,-2.97,-2.97
EVT_01314,29.50442,78.76501,2,NATURAL_FOREST_WILDFIRE,Jim Corbett National Park (Uttarakhand),HELD_OUT_TEST,Uttarakhand Forest Fire Audit,0.98,False,False,73.17,340.35,313.64,847.7,132.88,26.72,1.57,2.0,0.0,731.13,0.0,0.0,0.0,0.0,0.11255443258622234,0.1012989893276001,1.0,25.0,10.0,4.82,11.0,0.0,0.0,1.0,-2.97,-2.97
EVT_01315,29.49437,78.73809,2,NATURAL_FOREST_WILDFIRE,Jim Corbett National Park (Uttarakhand),HELD_OUT_TEST,Uttarakhand Forest Fire Audit,0.98,False,False,90.78,334.93,322.24,846.5,106.64,12.68,3.13,2.0,0.0,732.01,0.0,0.0,0.0,0.0,0.08947889985987847,0.08053100987389063,0.0,25.0,10.0,6.58,9.0,0.0,0.0,1.0,-2.97,-2.97
EVT_01316,29.54033,78.74622,2,NATURAL_FOREST_WILDFIRE,Jim Corbett National Park (Uttarakhand),HELD_OUT_TEST,Uttarakhand Forest Fire Audit,0.98,False,False,59.1,341.89,316.8,500.0,3423.89,25.09,2.82,2.0,0.0,735.58,0.0,0.0,0.0,0.0,0.08273755044353621,0.07446379539918259,1.0,25.0,10.0,3.41,3.0,0.0,0.0,1.0,-2.97,-2.97
EVT_01317,29.53373,78.7828,2,NATURAL_FOREST_WILDFIRE,Jim Corbett National Park (Uttarakhand),HELD_OUT_TEST,Uttarakhand Forest Fire Audit,0.98,False,False,76.53,340.35,322.8,847.7,133.02,17.56,3.09,2.0,0.0,732.59,0.0,0.0,0.0,0.0,0.11007258101239834,0.09906532291115851,0.0,25.0,10.0,5.15,7.0,0.0,0.0,1.0,-2.97,-2.97
EVT_01318,29.47735,78.77858,2,NATURAL_FOREST_WILDFIRE,Jim Corbett National Park (Uttarakhand),HELD_OUT_TEST,Uttarakhand Forest Fire Audit,0.98,False,False,138.96,334.85,303.89,846.5,106.01,30.96,4.85,2.0,0.0,727.82,0.0,0.0,0.0,0.0,0.1096028365324993,0.09864255287924938,1.0,25.0,10.0,11.4,4.0,0.0,0.0,1.0,-2.97,-2.97
EVT_01319,29.57078,78.75666,2,NATURAL_FOREST_WILDFIRE,Jim Corbett National Park (Uttarakhand),HELD_OUT_TEST,Uttarakhand Forest Fire Audit,0.98,False,False,100.3,333.75,313.2,846.1,101.35,20.54,5.99,2.0,0.0,737.62,0.0,0.0,0.0,0.0,0.06307611583617351,0.05676850425255616,1.0,25.0,10.0,7.53,5.0,0.0,0.0,1.0,-2.97,-2.97
EVT_01320,29.5239,78.71558,2,NATURAL_FOREST_WILDFIRE,Jim Corbett National Park (Uttarakhand),HELD_OUT_TEST,Uttarakhand Forest Fire Audit,0.98,False,False,104.59,331.94,318.95,845.5,93.8,12.99,4.12,2.0,0.0,736.13,0.0,0.0,0.0,0.0,0.051925670524789684,0.046733103472310716,1.0,25.0,10.0,7.96,13.0,0.0,0.0,1.0,-2.97,-2.97
EVT_01321,29.52643,78.77131,2,NATURAL_FOREST_WILDFIRE,Jim Corbett National Park (Uttarakhand),HELD_OUT_TEST,Uttarakhand Forest Fire Audit,0.98,False,False,61.55,345.61,314.06,848.5,162.52,31.55,1.71,2.0,0.0,732.69,0.0,0.0,0.0,0.0,0.10575876757624016,0.09518289081861614,0.0,25.0,10.0,3.65,4.0,0.0,0.0,1.0,-2.97,-2.97
EVT_01322,29.54128,78.75792,2,NATURAL_FOREST_WILDFIRE,Jim Corbett National Park (Uttarakhand),HELD_OUT_TEST,Uttarakhand Forest Fire Audit,0.98,False,False,85.89,328.43,319.1,844.0,80.18,9.34,2.71,2.0,0.0,734.9,0.0,0.0,0.0,0.0,0.11879929924466166,0.1069193693201955,1.0,25.0,10.0,6.09,14.0,0.0,0.0,1.0,-2.97,-2.97
EVT_01323,29.5428,78.81071,2,NATURAL_FOREST_WILDFIRE,Jim Corbett National Park (Uttarakhand),HELD_OUT_TEST,Uttarakhand Forest Fire Audit,0.98,False,False,107.1,351.78,307.55,1500.0,26.42,44.22,5.91,2.0,0.0,731.59,0.0,0.0,0.0,0.0,0.036553529269386605,0.032898176342447946,1.0,25.0,10.0,8.21,5.0,0.0,0.0,1.0,-2.97,-2.97
EVT_01324,29.54592,78.71584,2,NATURAL_FOREST_WILDFIRE,Jim Corbett National Park (Uttarakhand),HELD_OUT_TEST,Uttarakhand Forest Fire Audit,0.98,False,False,121.18,342.71,318.79,716.6,338.92,23.93,5.16,2.0,0.0,738.08,0.0,0.0,0.0,0.0,0.11681581662275162,0.10513423496047646,1.0,25.0,10.0,9.62,12.0,0.0,0.0,1.0,-2.97,-2.97
EVT_01325,29.60124,78.83972,2,NATURAL_FOREST_WILDFIRE,Jim Corbett National Park (Uttarakhand),HELD_OUT_TEST,Uttarakhand Forest Fire Audit,0.98,False,False,68.84,340.82,315.11,847.8,135.36,25.71,12.3,2.0,0.0,734.99,0.0,0.0,0.0,0.0,0.11993351228311153,0.10794016105480038,0.0,25.0,10.0,4.38,12.0,0.0,0.0,1.0,-2.97,-2.97
EVT_01326,29.53569,78.69883,2,NATURAL_FOREST_WILDFIRE,Jim Corbett National Park (Uttarakhand),HELD_OUT_TEST,Uttarakhand Forest Fire Audit,0.98,False,False,48.66,339.08,322.26,847.5,126.44,16.82,6.04,2.0,0.0,738.29,0.0,0.0,0.0,0.0,0.1148935875001504,0.10340422875013536,1.0,25.0,10.0,2.37,12.0,0.0,0.0,1.0,-2.97,-2.97
EVT_01327,29.51918,78.76611,2,NATURAL_FOREST_WILDFIRE,Jim Corbett National Park (Uttarakhand),HELD_OUT_TEST,Uttarakhand Forest Fire Audit,0.98,False,False,82.7,351.6,319.48,849.0,202.11,32.12,0.88,2.0,0.0,732.38,0.0,0.0,0.0,0.0,0.09400359449841769,0.08460323504857592,1.0,25.0,10.0,5.77,8.0,0.0,0.0,1.0,-2.97,-2.97
EVT_01328,29.54953,78.78978,2,NATURAL_FOREST_WILDFIRE,Jim Corbett National Park (Uttarakhand),HELD_OUT_TEST,Uttarakhand Forest Fire Audit,0.98,False,False,123.59,340.69,321.29,847.8,134.75,19.4,4.79,2.0,0.0,733.55,0.0,0.0,0.0,0.0,0.0707237555207557,0.06365137996868013,1.0,25.0,10.0,9.86,3.0,0.0,0.0,1.0,-2.97,-2.97
EVT_01329,29.58363,78.78472,2,NATURAL_FOREST_WILDFIRE,Jim Corbett National Park (Uttarakhand),HELD_OUT_TEST,Uttarakhand Forest Fire Audit,0.98,False,False,156.43,358.63,320.7,500.0,6288.26,37.93,7.88,2.0,0.0,736.95,0.0,0.0,0.0,0.0,0.028368098824769733,0.02553128894229276,1.0,25.0,10.0,13.14,3.0,0.0,0.0,1.0,-2.97,-2.97
EVT_01330,29.48802,78.74717,2,NATURAL_FOREST_WILDFIRE,Jim Corbett National Park (Uttarakhand),HELD_OUT_TEST,Uttarakhand Forest Fire Audit,0.98,False,False,103.35,353.88,311.32,1500.0,28.46,42.57,3.36,2.0,0.0,730.85,0.0,0.0,0.0,0.0,0.0943589406521226,0.08492304658691034,0.0,25.0,10.0,7.83,10.0,0.0,0.0,1.0,-2.97,-2.97
EVT_01331,29.53653,78.76203,2,NATURAL_FOREST_WILDFIRE,Jim Corbett National Park (Uttarakhand),HELD_OUT_TEST,Uttarakhand Forest Fire Audit,0.98,False,False,87.99,316.77,312.68,833.6,44.37,4.08,2.23,2.0,0.0,734.2,0.0,0.0,0.0,0.0,0.07092115852460426,0.06382904267214384,1.0,25.0,10.0,6.3,7.0,0.0,0.0,1.0,-2.97,-2.97
EVT_01332,29.53683,78.8076,2,NATURAL_FOREST_WILDFIRE,Jim Corbett National Park (Uttarakhand),HELD_OUT_TEST,Uttarakhand Forest Fire Audit,0.98,False,False,92.98,349.13,320.46,500.0,4525.09,28.67,5.34,2.0,0.0,731.25,0.0,0.0,0.0,0.0,0.0961060383967476,0.08649543455707284,1.0,25.0,10.0,6.8,6.0,0.0,0.0,1.0,-2.97,-2.97
EVT_01333,29.53854,78.77959,2,NATURAL_FOREST_WILDFIRE,Jim Corbett National Park (Uttarakhand),HELD_OUT_TEST,Uttarakhand Forest Fire Audit,0.98,False,False,143.72,328.29,315.34,604.2,494.5,12.95,3.22,2.0,0.0,733.23,0.0,0.0,0.0,0.0,0.06320247996337416,0.05688223196703675,1.0,25.0,10.0,11.87,14.0,0.0,0.0,1.0,-2.97,-2.97
EVT_01334,29.5662,78.70973,2,NATURAL_FOREST_WILDFIRE,Jim Corbett National Park (Uttarakhand),HELD_OUT_TEST,Uttarakhand Forest Fire Audit,0.98,False,False,136.05,342.93,317.58,848.1,146.96,25.35,7.16,2.0,0.0,740.29,0.0,0.0,0.0,0.0,0.07205271128091637,0.06484744015282473,1.0,25.0,10.0,11.1,4.0,0.0,0.0,1.0,-2.97,-2.97
EVT_01335,29.56289,78.74507,2,NATURAL_FOREST_WILDFIRE,Jim Corbett National Park (Uttarakhand),HELD_OUT_TEST,Uttarakhand Forest Fire Audit,0.98,False,False,149.68,345.7,313.13,500.0,3947.1,32.57,5.25,2.0,0.0,737.68,0.0,0.0,0.0,0.0,0.08798367597577203,0.07918530837819483,1.0,25.0,10.0,12.47,13.0,0.0,0.0,1.0,-2.97,-2.97
EVT_01336,29.51471,78.77005,2,NATURAL_FOREST_WILDFIRE,Jim Corbett National Park (Uttarakhand),HELD_OUT_TEST,Uttarakhand Forest Fire Audit,0.98,False,False,98.76,353.74,314.07,849.2,217.56,39.67,1.25,2.0,0.0,731.72,0.0,0.0,0.0,0.0,0.044423011700958415,0.03998071053086257,0.0,25.0,10.0,7.38,14.0,0.0,0.0,1.0,-2.97,-2.97
EVT_01337,29.55349,78.80738,2,NATURAL_FOREST_WILDFIRE,Jim Corbett National Park (Uttarakhand),HELD_OUT_TEST,Uttarakhand Forest Fire Audit,0.98,False,False,77.02,350.45,317.68,849.0,194.01,32.77,6.32,2.0,0.0,732.77,0.0,0.0,0.0,0.0,0.04943217442312359,0.04448895698081123,1.0,25.0,10.0,5.2,5.0,0.0,0.0,1.0,-2.97,-2.97
EVT_01338,29.50577,78.75373,2,NATURAL_FOREST_WILDFIRE,Jim Corbett National Park (Uttarakhand),HELD_OUT_TEST,Uttarakhand Forest Fire Audit,0.98,False,False,150.33,332.57,322.34,602.0,620.57,10.23,1.29,2.0,0.0,732.0,0.0,0.0,0.0,0.0,0.03292476939892261,0.02963229245903035,0.0,25.0,10.0,12.53,12.0,0.0,0.0,1.0,-2.97,-2.97
EVT_01339,29.51317,78.812,2,NATURAL_FOREST_WILDFIRE,Jim Corbett National Park (Uttarakhand),HELD_OUT_TEST,Uttarakhand Forest Fire Audit,0.98,False,False,55.89,336.59,323.84,846.9,114.29,12.74,5.3,2.0,0.0,728.84,0.0,0.0,0.0,0.0,0.02333932048658574,0.021005388437927167,1.0,25.0,10.0,3.09,7.0,0.0,0.0,1.0,-2.97,-2.97
EVT_01340,29.5381,78.7787,2,NATURAL_FOREST_WILDFIRE,Jim Corbett National Park (Uttarakhand),HELD_OUT_TEST,Uttarakhand Forest Fire Audit,0.98,False,False,62.18,337.13,323.87,847.1,116.86,13.26,3.13,2.0,0.0,733.25,0.0,0.0,0.0,0.0,0.112880401999779,0.1015923617998011,0.0,25.0,10.0,3.72,3.0,0.0,0.0,1.0,-2.97,-2.97
EVT_01341,29.49252,78.8062,2,NATURAL_FOREST_WILDFIRE,Jim Corbett National Park (Uttarakhand),HELD_OUT_TEST,Uttarakhand Forest Fire Audit,0.98,False,False,106.62,346.13,324.56,848.5,165.95,21.57,5.45,2.0,0.0,727.36,0.0,0.0,0.0,0.0,0.06583770391386606,0.05925393352247946,0.0,25.0,10.0,8.16,2.0,0.0,0.0,1.0,-2.97,-2.97
EVT_01342,29.49712,78.70671,2,NATURAL_FOREST_WILDFIRE,Jim Corbett National Park (Uttarakhand),HELD_OUT_TEST,Uttarakhand Forest Fire Audit,0.98,False,False,74.96,347.56,319.73,500.0,4268.3,27.83,5.38,2.0,0.0,734.34,0.0,0.0,0.0,0.0,0.05811093260082828,0.05229983934074545,1.0,25.0,10.0,5.0,7.0,0.0,0.0,1.0,-2.97,-2.97
EVT_01343,29.55128,78.78698,2,NATURAL_FOREST_WILDFIRE,Jim Corbett National Park (Uttarakhand),HELD_OUT_TEST,Uttarakhand Forest Fire Audit,0.98,False,False,98.08,343.01,317.35,848.1,147.38,25.66,4.77,2.0,0.0,733.89,0.0,0.0,0.0,0.0,0.1085523838753197,0.09769714548778773,1.0,25.0,10.0,7.31,11.0,0.0,0.0,1.0,-2.97,-2.97
EVT_01344,29.52031,78.74376,2,NATURAL_FOREST_WILDFIRE,Jim Corbett National Park (Uttarakhand),HELD_OUT_TEST,Uttarakhand Forest Fire Audit,0.98,False,False,136.85,339.92,317.77,847.6,130.69,22.15,1.37,2.0,0.0,733.95,0.0,0.0,0.0,0.0,0.05591934023891815,0.050327406215026335,1.0,25.0,10.0,11.18,3.0,0.0,0.0,1.0,-2.97,-2.97
EVT_01345,29.51576,78.82282,2,NATURAL_FOREST_WILDFIRE,Jim Corbett National Park (Uttarakhand),HELD_OUT_TEST,Uttarakhand Forest Fire Audit,0.98,False,False,82.59,354.04,317.06,849.2,219.95,36.98,6.33,2.0,0.0,728.37,0.0,0.0,0.0,0.0,0.07384966507450597,0.06646469856705538,1.0,25.0,10.0,5.76,11.0,0.0,0.0,1.0,-2.97,-2.97
EVT_01346,29.55179,78.79283,2,NATURAL_FOREST_WILDFIRE,Jim Corbett National Park (Uttarakhand),HELD_OUT_TEST,Uttarakhand Forest Fire Audit,0.98,False,False,139.13,350.71,308.57,1500.0,25.44,42.14,5.18,2.0,0.0,733.56,0.0,0.0,0.0,0.0,0.08881138762610555,0.079930248863495,0.0,25.0,10.0,11.41,2.0,0.0,0.0,1.0,-2.97,-2.97
EVT_01347,29.54134,78.78756,2,NATURAL_FOREST_WILDFIRE,Jim Corbett National Park (Uttarakhand),HELD_OUT_TEST,Uttarakhand Forest Fire Audit,0.98,False,False,49.48,331.1,316.45,845.2,90.38,14.65,3.99,2.0,0.0,732.96,0.0,0.0,0.0,0.0,0.07787180105902379,0.07008462095312142,1.0,25.0,10.0,2.45,14.0,0.0,0.0,1.0,-2.97,-2.97
EVT_01348,29.5128,78.74805,2,NATURAL_FOREST_WILDFIRE,Jim Corbett National Park (Uttarakhand),HELD_OUT_TEST,Uttarakhand Forest Fire Audit,0.98,False,False,153.45,326.09,318.1,842.7,71.85,7.99,1.01,2.0,0.0,733.0,0.0,0.0,0.0,0.0,0.06638652214288475,0.05974786992859628,0.0,25.0,10.0,12.85,10.0,0.0,0.0,1.0,-2.97,-2.97
EVT_01349,29.5258,78.73821,2,NATURAL_FOREST_WILDFIRE,Jim Corbett National Park (Uttarakhand),HELD_OUT_TEST,Uttarakhand Forest Fire Audit,0.98,False,False,70.71,335.16,320.72,846.6,107.68,14.44,2.1,2.0,0.0,734.81,0.0,0.0,0.0,0.0,0.10647669920921976,0.09582902928829778,1.0,25.0,10.0,4.57,8.0,0.0,0.0,1.0,-2.97,-2.97
EVT_01350,29.51458,78.69874,2,NATURAL_FOREST_WILDFIRE,Jim Corbett National Park (Uttarakhand),HELD_OUT_TEST,Uttarakhand Forest Fire Audit,0.98,False,False,78.2,333.19,317.94,533.6,1457.56,15.24,5.68,2.0,0.0,736.42,0.0,0.0,0.0,0.0,0.03483853782174776,0.031354684039572984,1.0,25.0,10.0,5.32,13.0,0.0,0.0,1.0,-2.97,-2.97
EVT_01351,24.17565,82.67534,4,MINING_COAL_SEAM_FIRE,Singrauli Coalfield (MP),HELD_OUT_TEST,NCL Open-cast Thermal Survey,0.98,False,False,12.41,329.1,313.49,500.0,1958.53,15.61,7.22,2.0,0.0,2.77,0.0,0.0,0.0,0.0,0.7879154446821476,0.7091239002139328,0.0,22.0,5.0,-1.92,154.0,0.0,0.0,1.0,-2.97,-2.97
EVT_01352,24.18477,82.62398,4,MINING_COAL_SEAM_FIRE,Singrauli Coalfield (MP),HELD_OUT_TEST,NCL Open-cast Thermal Survey,0.98,False,False,18.57,334.1,314.1,846.2,102.87,20.0,7.58,2.0,0.0,5.38,0.0,0.0,0.0,0.0,0.7089919757657073,0.6380927781891366,1.0,22.0,5.0,-0.69,140.0,0.0,0.0,1.0,-2.97,-2.97
EVT_01353,24.21735,82.65348,4,MINING_COAL_SEAM_FIRE,Singrauli Coalfield (MP),HELD_OUT_TEST,NCL Open-cast Thermal Survey,0.98,False,False,15.38,324.8,317.72,500.0,1582.68,7.07,11.06,2.0,0.0,2.66,0.0,0.0,0.0,0.0,0.7738370457522046,0.6964533411769841,0.0,22.0,5.0,-1.32,164.0,0.0,0.0,1.0,-2.97,-2.97
EVT_01354,24.1071,82.62456,4,MINING_COAL_SEAM_FIRE,Singrauli Coalfield (MP),HELD_OUT_TEST,NCL Open-cast Thermal Survey,0.98,False,False,28.75,337.33,321.86,847.1,117.82,15.48,2.14,2.0,0.0,11.48,0.0,0.0,0.0,0.0,0.84991901572941,0.764927114156469,1.0,22.0,5.0,1.35,106.0,0.0,0.0,1.0,-2.97,-2.97
EVT_01355,24.21702,82.71986,4,MINING_COAL_SEAM_FIRE,Singrauli Coalfield (MP),HELD_OUT_TEST,NCL Open-cast Thermal Survey,0.98,False,False,12.95,334.7,318.44,846.4,105.58,16.26,7.24,2.0,0.0,5.85,0.0,0.0,0.0,0.0,0.7502620149989617,0.6752358134990656,0.0,22.0,5.0,-1.81,176.0,0.0,0.0,1.0,-2.97,-2.97
EVT_01356,24.20692,82.58174,4,MINING_COAL_SEAM_FIRE,Singrauli Coalfield (MP),HELD_OUT_TEST,NCL Open-cast Thermal Survey,0.98,False,False,35.65,335.14,317.57,846.5,107.56,17.57,11.55,2.0,0.0,9.83,0.0,0.0,0.0,0.0,0.7782358376760062,0.7004122539084057,0.0,22.0,5.0,2.73,197.0,0.0,0.0,1.0,-2.97,-2.97
EVT_01357,24.20901,82.67774,4,MINING_COAL_SEAM_FIRE,Singrauli Coalfield (MP),HELD_OUT_TEST,NCL Open-cast Thermal Survey,0.98,False,False,29.22,329.12,324.24,844.3,82.77,4.88,10.71,2.0,0.0,1.32,0.0,0.0,0.0,0.0,0.8473392934967933,0.762605364147114,0.0,22.0,5.0,1.44,160.0,0.0,0.0,1.0,-2.97,-2.97
EVT_01358,24.25016,82.67241,4,MINING_COAL_SEAM_FIRE,Singrauli Coalfield (MP),HELD_OUT_TEST,NCL Open-cast Thermal Survey,0.98,False,False,17.7,331.14,311.64,845.2,90.5,19.5,13.03,2.0,0.0,5.57,0.0,0.0,0.0,0.0,0.7068387701851551,0.6361548931666395,0.0,22.0,5.0,-0.86,171.0,0.0,0.0,1.0,-2.97,-2.97
EVT_01359,24.18152,82.67968,4,MINING_COAL_SEAM_FIRE,Singrauli Coalfield (MP),HELD_OUT_TEST,NCL Open-cast Thermal Survey,0.98,False,False,29.15,337.57,319.55,847.2,118.94,18.02,8.01,2.0,0.0,2.32,0.0,0.0,0.0,0.0,0.6799527035992563,0.6119574332393307,0.0,22.0,5.0,1.43,192.0,0.0,0.0,1.0,-2.97,-2.97
EVT_01360,24.19561,82.6232,4,MINING_COAL_SEAM_FIRE,Singrauli Coalfield (MP),HELD_OUT_TEST,NCL Open-cast Thermal Survey,0.98,False,False,24.4,331.34,317.79,845.3,91.37,13.55,8.77,2.0,0.0,5.22,0.0,0.0,0.0,0.0,0.6464037630634127,0.5817633867570715,1.0,22.0,5.0,0.48,160.0,0.0,0.0,1.0,-2.97,-2.97
EVT_01361,24.16423,82.63628,4,MINING_COAL_SEAM_FIRE,Singrauli Coalfield (MP),HELD_OUT_TEST,NCL Open-cast Thermal Survey,0.98,False,False,27.03,336.59,317.21,846.9,114.2,19.37,5.11,2.0,0.0,5.46,0.0,0.0,0.0,0.0,0.7845908005095203,0.7061317204585683,1.0,22.0,5.0,1.01,199.0,0.0,0.0,1.0,-2.97,-2.97
EVT_01362,24.18429,82.65579,4,MINING_COAL_SEAM_FIRE,Singrauli Coalfield (MP),HELD_OUT_TEST,NCL Open-cast Thermal Survey,0.98,False,False,26.81,333.48,309.54,846.0,100.16,23.94,7.46,2.0,0.0,2.35,0.0,0.0,0.0,0.0,0.6775577006538065,0.6098019305884259,0.0,22.0,5.0,0.96,179.0,0.0,0.0,1.0,-2.97,-2.97
EVT_01363,24.19485,82.63993,4,MINING_COAL_SEAM_FIRE,Singrauli Coalfield (MP),HELD_OUT_TEST,NCL Open-cast Thermal Survey,0.98,False,False,16.9,337.12,316.7,847.1,116.76,20.43,8.49,2.0,0.0,3.39,0.0,0.0,0.0,0.0,0.882083538932119,0.7938751850389071,1.0,22.0,5.0,-1.02,183.0,0.0,0.0,1.0,-2.97,-2.97
EVT_01364,24.19799,82.64993,4,MINING_COAL_SEAM_FIRE,Singrauli Coalfield (MP),HELD_OUT_TEST,NCL Open-cast Thermal Survey,0.98,False,False,35.91,336.06,318.72,846.8,111.79,17.35,8.88,2.0,0.0,2.24,0.0,0.0,0.0,0.0,0.786620232529164,0.7079582092762476,1.0,22.0,5.0,2.78,86.0,0.0,0.0,1.0,-2.97,-2.97
EVT_01365,24.23597,82.68403,4,MINING_COAL_SEAM_FIRE,Singrauli Coalfield (MP),HELD_OUT_TEST,NCL Open-cast Thermal Survey,0.98,False,False,28.01,330.78,314.95,845.1,89.11,15.84,11.34,2.0,0.0,4.29,0.0,0.0,0.0,0.0,0.752141637432255,0.6769274736890295,0.0,22.0,5.0,1.2,127.0,0.0,0.0,1.0,-2.97,-2.97
EVT_01366,24.24666,82.61869,4,MINING_COAL_SEAM_FIRE,Singrauli Coalfield (MP),HELD_OUT_TEST,NCL Open-cast Thermal Survey,0.98,False,False,36.81,335.6,307.18,737.5,216.1,28.42,14.44,2.0,0.0,7.7,0.0,0.0,0.0,0.0,0.9158211197496553,0.8242390077746898,0.0,22.0,5.0,2.96,103.0,0.0,0.0,1.0,-2.97,-2.97
EVT_01367,24.12435,82.68689,4,MINING_COAL_SEAM_FIRE,Singrauli Coalfield (MP),HELD_OUT_TEST,NCL Open-cast Thermal Survey,0.98,False,False,35.68,336.3,318.99,846.9,112.9,17.31,3.09,2.0,0.0,8.6,0.0,0.0,0.0,0.0,0.6051905568510977,0.544671501165988,0.0,22.0,5.0,2.74,92.0,0.0,0.0,1.0,-2.97,-2.97
EVT_01368,24.20622,82.67108,4,MINING_COAL_SEAM_FIRE,Singrauli Coalfield (MP),HELD_OUT_TEST,NCL Open-cast Thermal Survey,0.98,False,False,30.89,339.66,317.9,847.6,129.34,21.76,10.21,2.0,0.0,0.7,0.0,0.0,0.0,0.0,0.8455217154352771,0.7609695438917494,0.0,22.0,5.0,1.78,95.0,0.0,0.0,1.0,-2.97,-2.97
EVT_01369,24.14217,82.63493,4,MINING_COAL_SEAM_FIRE,Singrauli Coalfield (MP),HELD_OUT_TEST,NCL Open-cast Thermal Survey,0.98,False,False,36.36,338.61,317.72,847.4,124.03,20.9,2.72,2.0,0.0,7.51,0.0,0.0,0.0,0.0,0.8810934581626635,0.7929841123463972,0.0,22.0,5.0,2.87,160.0,0.0,0.0,1.0,-2.97,-2.97
EVT_01370,24.16382,82.66728,4,MINING_COAL_SEAM_FIRE,Singrauli Coalfield (MP),HELD_OUT_TEST,NCL Open-cast Thermal Survey,0.98,False,False,28.76,332.65,318.22,500.0,2319.32,14.43,5.68,2.0,0.0,4.03,0.0,0.0,0.0,0.0,0.8098964477787606,0.7289068030008845,1.0,22.0,5.0,1.35,178.0,0.0,0.0,1.0,-2.97,-2.97
EVT_01371,24.19992,82.63264,4,MINING_COAL_SEAM_FIRE,Singrauli Coalfield (MP),HELD_OUT_TEST,NCL Open-cast Thermal Survey,0.98,False,False,13.74,326.7,311.98,843.1,73.94,14.73,9.1,2.0,0.0,4.15,0.0,0.0,0.0,0.0,0.9135017111618005,0.8221515400456204,0.0,22.0,5.0,-1.65,105.0,0.0,0.0,1.0,-2.97,-2.97
EVT_01372,24.23754,82.71418,4,MINING_COAL_SEAM_FIRE,Singrauli Coalfield (MP),HELD_OUT_TEST,NCL Open-cast Thermal Survey,0.98,False,False,22.45,328.42,316.24,709.6,192.01,12.18,8.62,2.0,0.0,6.44,0.0,0.0,0.0,0.0,0.9350608979516932,0.841554808156524,0.0,22.0,5.0,0.09,131.0,0.0,0.0,1.0,-2.97,-2.97
EVT_01373,24.10757,82.64084,4,MINING_COAL_SEAM_FIRE,Singrauli Coalfield (MP),HELD_OUT_TEST,NCL Open-cast Thermal Survey,0.98,False,False,35.91,326.57,317.79,843.0,73.49,8.77,1.22,2.0,0.0,10.76,0.0,0.0,0.0,0.0,0.9202261656196037,0.8282035490576434,0.0,22.0,5.0,2.78,170.0,0.0,0.0,1.0,-2.97,-2.97
EVT_01374,24.20308,82.64922,4,MINING_COAL_SEAM_FIRE,Singrauli Coalfield (MP),HELD_OUT_TEST,NCL Open-cast Thermal Survey,0.98,False,False,29.84,337.06,312.44,847.0,116.37,24.62,9.44,2.0,0.0,2.33,0.0,0.0,0.0,0.0,0.711338759842911,0.6402048838586198,1.0,22.0,5.0,1.57,173.0,0.0,0.0,1.0,-2.97,-2.97
EVT_01375,24.22503,82.65623,4,MINING_COAL_SEAM_FIRE,Singrauli Coalfield (MP),HELD_OUT_TEST,NCL Open-cast Thermal Survey,0.98,False,False,29.94,325.06,315.17,842.0,68.4,9.89,11.94,2.0,0.0,3.17,0.0,0.0,0.0,0.0,0.7979475139487839,0.7181527625539056,1.0,22.0,5.0,1.59,86.0,0.0,0.0,1.0,-2.97,-2.97
EVT_01376,24.12823,82.63433,4,MINING_COAL_SEAM_FIRE,Singrauli Coalfield (MP),HELD_OUT_TEST,NCL Open-cast Thermal Survey,0.98,False,False,30.31,333.51,322.22,846.1,100.43,11.29,1.3,2.0,0.0,8.9,0.0,0.0,0.0,0.0,0.9116395761781931,0.8204756185603739,0.0,22.0,5.0,1.66,155.0,0.0,0.0,1.0,-2.97,-2.97
EVT_01377,24.18741,82.65206,4,MINING_COAL_SEAM_FIRE,Singrauli Coalfield (MP),HELD_OUT_TEST,NCL Open-cast Thermal Survey,0.98,False,False,19.08,330.47,319.98,844.9,87.91,10.49,7.74,2.0,0.0,2.43,0.0,0.0,0.0,0.0,0.7922044917765837,0.7129840425989253,0.0,22.0,5.0,-0.58,161.0,0.0,0.0,1.0,-2.97,-2.97
EVT_01378,24.18411,82.70209,4,MINING_COAL_SEAM_FIRE,Singrauli Coalfield (MP),HELD_OUT_TEST,NCL Open-cast Thermal Survey,0.98,False,False,21.36,334.28,313.94,846.3,103.69,20.35,9.0,2.0,0.0,3.97,0.0,0.0,0.0,0.0,0.615912619521724,0.5543213575695517,1.0,22.0,5.0,-0.13,106.0,0.0,0.0,1.0,-2.97,-2.97
EVT_01379,24.16577,82.64857,4,MINING_COAL_SEAM_FIRE,Singrauli Coalfield (MP),HELD_OUT_TEST,NCL Open-cast Thermal Survey,0.98,False,False,34.82,323.1,324.11,500.0,1450.19,-1.0,5.31,2.0,0.0,4.48,0.0,0.0,0.0,0.0,0.6350110848735038,0.5715099763861534,1.0,22.0,5.0,2.56,153.0,0.0,0.0,1.0,-2.97,-2.97
EVT_01380,24.22784,82.63056,4,MINING_COAL_SEAM_FIRE,Singrauli Coalfield (MP),HELD_OUT_TEST,NCL Open-cast Thermal Survey,0.98,False,False,33.88,331.43,319.69,845.3,91.73,11.74,12.21,2.0,0.0,5.36,0.0,0.0,0.0,0.0,0.7508787162692216,0.6757908446422995,0.0,22.0,5.0,2.38,152.0,0.0,0.0,1.0,-2.97,-2.97
EVT_01381,24.19773,82.69949,4,MINING_COAL_SEAM_FIRE,Singrauli Coalfield (MP),HELD_OUT_TEST,NCL Open-cast Thermal Survey,0.98,False,False,12.1,329.54,314.26,844.5,84.26,15.28,9.1,2.0,0.0,3.28,0.0,0.0,0.0,0.0,0.7862551197446924,0.7076296077702232,1.0,22.0,5.0,-1.98,164.0,0.0,0.0,1.0,-2.97,-2.97
EVT_01382,24.21626,82.66754,4,MINING_COAL_SEAM_FIRE,Singrauli Coalfield (MP),HELD_OUT_TEST,NCL Open-cast Thermal Survey,0.98,False,False,12.5,329.87,322.36,844.7,85.59,7.5,11.19,2.0,0.0,1.83,0.0,0.0,0.0,0.0,0.6119334942486445,0.5507401448237801,0.0,22.0,5.0,-1.9,94.0,0.0,0.0,1.0,-2.97,-2.97
EVT_01383,24.18664,82.6959,4,MINING_COAL_SEAM_FIRE,Singrauli Coalfield (MP),HELD_OUT_TEST,NCL Open-cast Thermal Survey,0.98,False,False,29.01,332.13,317.66,845.6,94.58,14.47,9.33,2.0,0.0,3.24,0.0,0.0,0.0,0.0,0.6280113994180778,0.56521025947627,1.0,22.0,5.0,1.4,94.0,0.0,0.0,1.0,-2.97,-2.97
EVT_01384,24.25102,82.67452,4,MINING_COAL_SEAM_FIRE,Singrauli Coalfield (MP),HELD_OUT_TEST,NCL Open-cast Thermal Survey,0.98,False,False,34.73,330.34,318.48,844.9,87.39,11.85,12.88,2.0,0.0,5.69,0.0,0.0,0.0,0.0,0.6922049657888832,0.622984469209995,1.0,22.0,5.0,2.55,102.0,0.0,0.0,1.0,-2.97,-2.97
EVT_01385,24.18755,82.68288,4,MINING_COAL_SEAM_FIRE,Singrauli Coalfield (MP),HELD_OUT_TEST,NCL Open-cast Thermal Survey,0.98,False,False,27.0,332.19,313.23,845.6,94.79,18.97,8.75,2.0,0.0,1.99,0.0,0.0,0.0,0.0,0.8992209354959199,0.8092988419463278,0.0,22.0,5.0,1.0,154.0,0.0,0.0,1.0,-2.97,-2.97
EVT_01386,24.27297,82.67441,4,MINING_COAL_SEAM_FIRE,Singrauli Coalfield (MP),HELD_OUT_TEST,NCL Open-cast Thermal Survey,0.98,False,False,30.09,332.63,314.87,518.3,1756.27,17.76,14.12,2.0,0.0,8.11,0.0,0.0,0.0,0.0,0.6884082825916966,0.619567454332527,0.0,22.0,5.0,1.62,167.0,0.0,0.0,1.0,-2.97,-2.97
EVT_01387,24.20951,82.72568,4,MINING_COAL_SEAM_FIRE,Singrauli Coalfield (MP),HELD_OUT_TEST,NCL Open-cast Thermal Survey,0.98,False,False,18.19,333.6,320.18,846.1,100.8,13.43,6.5,2.0,0.0,6.27,0.0,0.0,0.0,0.0,0.8978821587812506,0.8080939429031255,0.0,22.0,5.0,-0.76,145.0,0.0,0.0,1.0,-2.97,-2.97
EVT_01388,24.21885,82.62992,4,MINING_COAL_SEAM_FIRE,Singrauli Coalfield (MP),HELD_OUT_TEST,NCL Open-cast Thermal Survey,0.98,False,False,12.63,340.18,315.18,847.7,132.01,25.01,11.22,2.0,0.0,4.92,0.0,0.0,0.0,0.0,0.8136441512661998,0.7322797361395799,0.0,22.0,5.0,-1.87,160.0,0.0,0.0,1.0,-2.97,-2.97
EVT_01389,24.18255,82.6433,4,MINING_COAL_SEAM_FIRE,Singrauli Coalfield (MP),HELD_OUT_TEST,NCL Open-cast Thermal Survey,0.98,False,False,31.68,338.88,310.67,847.4,125.26,28.21,7.12,2.0,0.0,3.54,0.0,0.0,0.0,0.0,0.8623343130827684,0.7761008817744915,0.0,22.0,5.0,1.94,154.0,0.0,0.0,1.0,-2.97,-2.97
EVT_01390,24.15121,82.65296,4,MINING_COAL_SEAM_FIRE,Singrauli Coalfield (MP),HELD_OUT_TEST,NCL Open-cast Thermal Survey,0.98,False,False,17.52,333.23,314.79,736.7,196.29,18.44,3.82,2.0,0.0,5.74,0.0,0.0,0.0,0.0,0.6729144212048145,0.605622979084333,1.0,22.0,5.0,-0.9,194.0,0.0,0.0,1.0,-2.97,-2.97
EVT_01391,24.19576,82.69545,4,MINING_COAL_SEAM_FIRE,Singrauli Coalfield (MP),HELD_OUT_TEST,NCL Open-cast Thermal Survey,0.98,False,False,24.06,330.98,319.32,845.2,89.93,11.66,9.52,2.0,0.0,2.86,0.0,0.0,0.0,0.0,0.7452773451527296,0.6707496106374566,1.0,22.0,5.0,0.41,130.0,0.0,0.0,1.0,-2.97,-2.97
EVT_01392,24.22896,82.6684,4,MINING_COAL_SEAM_FIRE,Singrauli Coalfield (MP),HELD_OUT_TEST,NCL Open-cast Thermal Survey,0.98,False,False,23.47,337.51,320.99,847.1,118.67,16.52,12.58,2.0,0.0,3.22,0.0,0.0,0.0,0.0,0.8348893744310525,0.7514004369879472,1.0,22.0,5.0,0.29,160.0,0.0,0.0,1.0,-2.97,-2.97
EVT_01393,24.18199,82.67505,4,MINING_COAL_SEAM_FIRE,Singrauli Coalfield (MP),HELD_OUT_TEST,NCL Open-cast Thermal Survey,0.98,False,False,26.72,337.35,310.24,847.1,117.71,27.1,7.84,2.0,0.0,2.08,0.0,0.0,0.0,0.0,0.8142524375646866,0.7328271938082179,0.0,22.0,5.0,0.94,88.0,0.0,0.0,1.0,-2.97,-2.97
EVT_01394,24.24433,82.69183,4,MINING_COAL_SEAM_FIRE,Singrauli Coalfield (MP),HELD_OUT_TEST,NCL Open-cast Thermal Survey,0.98,False,False,34.42,338.82,312.61,847.4,124.99,26.21,10.98,2.0,0.0,5.48,0.0,0.0,0.0,0.0,0.7208460730465001,0.6487614657418501,1.0,22.0,5.0,2.48,96.0,0.0,0.0,1.0,-2.97,-2.97
EVT_01395,24.22832,82.71313,4,MINING_COAL_SEAM_FIRE,Singrauli Coalfield (MP),HELD_OUT_TEST,NCL Open-cast Thermal Survey,0.98,False,False,37.47,325.37,313.61,842.2,69.41,11.76,8.28,2.0,0.0,5.73,0.0,0.0,0.0,0.0,0.8790338512579801,0.7911304661321821,1.0,22.0,5.0,3.09,139.0,0.0,0.0,1.0,-2.97,-2.97
EVT_01396,24.22699,82.65373,4,MINING_COAL_SEAM_FIRE,Singrauli Coalfield (MP),HELD_OUT_TEST,NCL Open-cast Thermal Survey,0.98,False,False,36.81,335.36,315.75,500.0,2610.4,19.62,12.13,2.0,0.0,3.5,0.0,0.0,0.0,0.0,0.8706466779333852,0.7835820101400467,0.0,22.0,5.0,2.96,109.0,0.0,0.0,1.0,-2.97,-2.97
EVT_01397,24.1982,82.64168,4,MINING_COAL_SEAM_FIRE,Singrauli Coalfield (MP),HELD_OUT_TEST,NCL Open-cast Thermal Survey,0.98,False,False,31.76,335.93,318.45,846.8,111.15,17.48,8.86,2.0,0.0,3.15,0.0,0.0,0.0,0.0,0.7221482273556687,0.6499334046201019,0.0,22.0,5.0,1.95,141.0,0.0,0.0,1.0,-2.97,-2.97
EVT_01398,24.18441,82.63748,4,MINING_COAL_SEAM_FIRE,Singrauli Coalfield (MP),HELD_OUT_TEST,NCL Open-cast Thermal Survey,0.98,False,False,27.06,325.26,316.41,842.2,69.07,8.86,7.34,2.0,0.0,4.0,0.0,0.0,0.0,0.0,0.8025432775511763,0.7222889497960586,1.0,22.0,5.0,1.01,141.0,0.0,0.0,1.0,-2.97,-2.97
EVT_01399,24.14847,82.69569,4,MINING_COAL_SEAM_FIRE,Singrauli Coalfield (MP),HELD_OUT_TEST,NCL Open-cast Thermal Survey,0.98,False,False,14.97,330.13,314.66,844.8,86.54,15.47,5.15,2.0,0.0,6.39,0.0,0.0,0.0,0.0,0.7216851095141189,0.649516598562707,0.0,22.0,5.0,-1.41,89.0,0.0,0.0,1.0,-2.97,-2.97
EVT_01400,24.21625,82.71285,4,MINING_COAL_SEAM_FIRE,Singrauli Coalfield (MP),HELD_OUT_TEST,NCL Open-cast Thermal Survey,0.98,False,False,23.76,333.96,312.49,846.2,102.26,21.47,7.92,2.0,0.0,5.09,0.0,0.0,0.0,0.0,0.871092614615792,0.7839833531542129,1.0,22.0,5.0,0.35,82.0,0.0,0.0,1.0,-2.97,-2.97
EVT_01401,24.19301,82.6722,4,MINING_COAL_SEAM_FIRE,Singrauli Coalfield (MP),HELD_OUT_TEST,NCL Open-cast Thermal Survey,0.98,False,False,24.67,330.78,309.74,845.1,89.04,21.04,8.85,2.0,0.0,0.81,0.0,0.0,0.0,0.0,0.6483096631282639,0.5834786968154375,0.0,22.0,5.0,0.53,106.0,0.0,0.0,1.0,-2.97,-2.97
EVT_01402,24.17669,82.63228,4,MINING_COAL_SEAM_FIRE,Singrauli Coalfield (MP),HELD_OUT_TEST,NCL Open-cast Thermal Survey,0.98,False,False,33.8,340.52,316.41,847.8,133.79,24.11,6.54,2.0,0.0,4.92,0.0,0.0,0.0,0.0,0.8043062875560437,0.7238756588004394,0.0,22.0,5.0,2.36,86.0,0.0,0.0,1.0,-2.97,-2.97
EVT_01403,24.14636,82.67943,4,MINING_COAL_SEAM_FIRE,Singrauli Coalfield (MP),HELD_OUT_TEST,NCL Open-cast Thermal Survey,0.98,False,False,34.38,338.75,309.7,847.4,124.56,29.04,4.94,2.0,0.0,6.05,0.0,0.0,0.0,0.0,0.863624703558607,0.7772622332027463,0.0,22.0,5.0,2.48,181.0,0.0,0.0,1.0,-2.97,-2.97
EVT_01404,24.24132,82.61511,4,MINING_COAL_SEAM_FIRE,Singrauli Coalfield (MP),HELD_OUT_TEST,NCL Open-cast Thermal Survey,0.98,False,False,23.04,331.09,317.63,845.2,90.37,13.47,13.92,2.0,0.0,7.63,0.0,0.0,0.0,0.0,0.7371846490497532,0.6634661841447779,0.0,22.0,5.0,0.21,80.0,0.0,0.0,1.0,-2.97,-2.97
EVT_01405,24.18914,82.65072,4,MINING_COAL_SEAM_FIRE,Singrauli Coalfield (MP),HELD_OUT_TEST,NCL Open-cast Thermal Survey,0.98,False,False,22.75,333.62,319.88,846.1,100.88,13.74,7.91,2.0,0.0,2.46,0.0,0.0,0.0,0.0,0.6254387545442838,0.5628948790898554,0.0,22.0,5.0,0.15,108.0,0.0,0.0,1.0,-2.97,-2.97
EVT_01406,24.2384,82.68666,4,MINING_COAL_SEAM_FIRE,Singrauli Coalfield (MP),HELD_OUT_TEST,NCL Open-cast Thermal Survey,0.98,False,False,13.39,330.01,312.94,844.7,86.06,17.07,11.19,2.0,0.0,4.65,0.0,0.0,0.0,0.0,0.9378900409409207,0.8441010368468286,0.0,22.0,5.0,-1.72,151.0,0.0,0.0,1.0,-2.97,-2.97
EVT_01407,24.18424,82.68424,4,MINING_COAL_SEAM_FIRE,Singrauli Coalfield (MP),HELD_OUT_TEST,NCL Open-cast Thermal Survey,0.98,False,False,20.2,338.08,311.31,847.3,121.28,26.76,8.5,2.0,0.0,2.36,0.0,0.0,0.0,0.0,0.877375588651513,0.7896380297863617,1.0,22.0,5.0,-0.36,107.0,0.0,0.0,1.0,-2.97,-2.97
EVT_01408,24.20787,82.68123,4,MINING_COAL_SEAM_FIRE,Singrauli Coalfield (MP),HELD_OUT_TEST,NCL Open-cast Thermal Survey,0.98,False,False,28.15,328.12,319.62,843.8,79.03,8.49,10.72,2.0,0.0,1.52,0.0,0.0,0.0,0.0,0.7825210175970613,0.7042689158373552,0.0,22.0,5.0,1.23,89.0,0.0,0.0,1.0,-2.97,-2.97
EVT_01409,24.18424,82.5684,4,MINING_COAL_SEAM_FIRE,Singrauli Coalfield (MP),HELD_OUT_TEST,NCL Open-cast Thermal Survey,0.98,False,False,20.54,329.7,317.21,523.1,1433.89,12.49,10.41,2.0,0.0,11.41,0.0,0.0,0.0,0.0,0.6263452843512614,0.5637107559161353,1.0,22.0,5.0,-0.29,161.0,0.0,0.0,1.0,-2.97,-2.97
EVT_01410,24.18985,82.64524,4,MINING_COAL_SEAM_FIRE,Singrauli Coalfield (MP),HELD_OUT_TEST,NCL Open-cast Thermal Survey,0.98,False,False,24.13,329.78,306.96,844.6,85.12,22.83,7.94,2.0,0.0,2.97,0.0,0.0,0.0,0.0,0.689951975215997,0.6209567776943974,0.0,22.0,5.0,0.43,120.0,0.0,0.0,1.0,-2.97,-2.97
EVT_01411,24.20926,82.67223,4,MINING_COAL_SEAM_FIRE,Singrauli Coalfield (MP),HELD_OUT_TEST,NCL Open-cast Thermal Survey,0.98,False,False,24.3,331.92,314.83,845.5,93.66,17.09,10.56,2.0,0.0,1.06,0.0,0.0,0.0,0.0,0.9390148353710753,0.8451133518339679,0.0,22.0,5.0,0.46,117.0,0.0,0.0,1.0,-2.97,-2.97
EVT_01412,24.2556,82.67627,4,MINING_COAL_SEAM_FIRE,Singrauli Coalfield (MP),HELD_OUT_TEST,NCL Open-cast Thermal Survey,0.98,False,False,15.47,334.4,313.39,846.3,104.21,21.01,12.95,2.0,0.0,6.21,0.0,0.0,0.0,0.0,0.9079669016577273,0.8171702114919546,0.0,22.0,5.0,-1.31,80.0,0.0,0.0,1.0,-2.97,-2.97
EVT_01413,24.19434,82.6623,4,MINING_COAL_SEAM_FIRE,Singrauli Coalfield (MP),HELD_OUT_TEST,NCL Open-cast Thermal Survey,0.98,False,False,32.24,333.14,316.31,500.0,2367.6,16.83,8.69,2.0,0.0,1.06,0.0,0.0,0.0,0.0,0.8716487912920327,0.7844839121628294,0.0,22.0,5.0,2.05,175.0,0.0,0.0,1.0,-2.97,-2.97
EVT_01414,24.16207,82.71143,4,MINING_COAL_SEAM_FIRE,Singrauli Coalfield (MP),HELD_OUT_TEST,NCL Open-cast Thermal Survey,0.98,False,False,19.79,335.77,316.35,846.7,110.39,19.42,6.55,2.0,0.0,6.24,0.0,0.0,0.0,0.0,0.9465832594305613,0.8519249334875052,0.0,22.0,5.0,-0.44,158.0,0.0,0.0,1.0,-2.97,-2.97
EVT_01415,24.18793,82.67795,4,MINING_COAL_SEAM_FIRE,Singrauli Coalfield (MP),HELD_OUT_TEST,NCL Open-cast Thermal Survey,0.98,False,False,13.02,330.04,321.1,844.8,86.25,8.94,8.56,2.0,0.0,1.6,0.0,0.0,0.0,0.0,0.727136162496762,0.6544225462470858,0.0,22.0,5.0,-1.8,151.0,0.0,0.0,1.0,-2.97,-2.97
EVT_01416,24.1574,82.67895,4,MINING_COAL_SEAM_FIRE,Singrauli Coalfield (MP),HELD_OUT_TEST,NCL Open-cast Thermal Survey,0.98,False,False,28.07,333.44,316.43,846.0,100.07,17.01,5.76,2.0,0.0,4.83,0.0,0.0,0.0,0.0,0.9307378231451482,0.8376640408306334,0.0,22.0,5.0,1.21,81.0,0.0,0.0,1.0,-2.97,-2.97
EVT_01417,24.14162,82.64696,4,MINING_COAL_SEAM_FIRE,Singrauli Coalfield (MP),HELD_OUT_TEST,NCL Open-cast Thermal Survey,0.98,False,False,19.6,336.8,319.05,644.0,490.34,17.75,2.63,2.0,0.0,6.97,0.0,0.0,0.0,0.0,0.628486610821544,0.5656379497393896,1.0,22.0,5.0,-0.48,186.0,0.0,0.0,1.0,-2.97,-2.97
EVT_01418,24.2597,82.62414,4,MINING_COAL_SEAM_FIRE,Singrauli Coalfield (MP),HELD_OUT_TEST,NCL Open-cast Thermal Survey,0.98,False,False,37.53,331.97,317.1,845.5,93.93,14.87,15.8,2.0,0.0,8.36,0.0,0.0,0.0,0.0,0.845683736889614,0.7611153632006525,0.0,22.0,5.0,3.11,194.0,0.0,0.0,1.0,-2.97,-2.97
EVT_01419,24.19192,82.64211,4,MINING_COAL_SEAM_FIRE,Singrauli Coalfield (MP),HELD_OUT_TEST,NCL Open-cast Thermal Survey,0.98,False,False,20.96,333.62,318.46,846.1,100.86,15.16,8.16,2.0,0.0,3.22,0.0,0.0,0.0,0.0,0.8189835132210576,0.7370851618989518,0.0,22.0,5.0,-0.21,177.0,0.0,0.0,1.0,-2.97,-2.97
EVT_01420,24.18859,82.69578,4,MINING_COAL_SEAM_FIRE,Singrauli Coalfield (MP),HELD_OUT_TEST,NCL Open-cast Thermal Survey,0.98,False,False,12.45,342.05,312.71,500.0,3427.72,29.34,9.54,2.0,0.0,3.13,0.0,0.0,0.0,0.0,0.8870537805399767,0.798348402485979,0.0,22.0,5.0,-1.91,125.0,0.0,0.0,1.0,-2.97,-2.97
EVT_01421,18.5596,75.80999,5,OTHER_THERMAL_ANOMALY,Deccan Bare Plateau,HELD_OUT_TEST,General Anomaly Audit,0.98,False,False,2.69,313.42,305.81,827.9,36.39,7.61,33.12,2.0,0.0,870.94,0.0,0.0,0.0,0.0,0.00041524205616648717,0.0003737178505498385,1.0,4.0,2.0,-0.65,2.0,0.0,0.0,1.0,-2.97,-2.97
EVT_01422,18.51772,75.86569,5,OTHER_THERMAL_ANOMALY,Deccan Bare Plateau,HELD_OUT_TEST,General Anomaly Audit,0.98,False,False,8.11,309.72,311.16,771.2,38.3,-1.44,40.04,2.0,0.0,867.8,0.0,0.0,0.0,0.0,0.039185149438048766,0.035266634494243894,1.0,4.0,2.0,2.06,2.0,0.0,0.0,1.0,-2.97,-2.97
EVT_01423,18.53591,75.807,5,OTHER_THERMAL_ANOMALY,Deccan Bare Plateau,HELD_OUT_TEST,General Anomaly Audit,0.98,False,False,1.95,314.51,311.06,507.2,761.87,3.46,33.87,2.0,0.0,872.5,0.0,0.0,0.0,0.0,0.009417343664472506,0.008475609298025256,1.0,4.0,2.0,-1.02,2.0,0.0,0.0,1.0,-2.97,-2.97
EVT_01424,18.57114,75.85009,5,OTHER_THERMAL_ANOMALY,Deccan Bare Plateau,HELD_OUT_TEST,General Anomaly Audit,0.98,False,False,3.91,316.7,307.2,833.5,44.18,9.5,36.7,2.0,0.0,866.42,0.0,0.0,0.0,0.0,0.017060103619607674,0.015354093257646906,1.0,4.0,2.0,-0.04,2.0,0.0,0.0,1.0,-2.97,-2.97
EVT_01425,18.50529,75.92217,5,OTHER_THERMAL_ANOMALY,Deccan Bare Plateau,HELD_OUT_TEST,General Anomaly Audit,0.98,False,False,8.11,313.39,311.09,827.8,36.34,2.3,34.2,2.0,0.0,863.02,0.0,0.0,0.0,0.0,0.0032117624028710438,0.0028905861625839395,1.0,4.0,2.0,2.05,2.0,0.0,0.0,1.0,-2.97,-2.97
EVT_01426,18.5395,75.8118,5,OTHER_THERMAL_ANOMALY,Deccan Bare Plateau,HELD_OUT_TEST,General Anomaly Audit,0.98,False,False,3.94,313.26,311.87,538.9,443.54,1.39,34.16,2.0,0.0,871.84,0.0,0.0,0.0,0.0,0.026856037414336998,0.024170433672903297,1.0,4.0,2.0,-0.03,2.0,0.0,0.0,1.0,-2.97,-2.97
EVT_01427,18.5408,75.83072,5,OTHER_THERMAL_ANOMALY,Deccan Bare Plateau,HELD_OUT_TEST,General Anomaly Audit,0.98,False,False,5.17,312.9,311.21,550.3,372.05,1.69,35.93,2.0,0.0,869.94,0.0,0.0,0.0,0.0,0.03874138833273107,0.034867249499457964,1.0,4.0,2.0,0.59,2.0,0.0,0.0,1.0,-2.97,-2.97
EVT_01428,18.56127,75.79957,5,OTHER_THERMAL_ANOMALY,Deccan Bare Plateau,HELD_OUT_TEST,General Anomaly Audit,0.98,False,False,2.37,315.52,308.38,551.9,438.49,7.15,32.03,2.0,0.0,871.86,0.0,0.0,0.0,0.0,0.04152916625572257,0.037376249630150314,1.0,4.0,2.0,-0.81,2.0,0.0,0.0,1.0,-2.97,-2.97
EVT_01429,18.47306,75.81894,5,OTHER_THERMAL_ANOMALY,Deccan Bare Plateau,HELD_OUT_TEST,General Anomaly Audit,0.98,False,False,3.56,308.43,306.08,592.5,155.04,2.35,38.45,2.0,0.0,874.75,0.0,0.0,0.0,0.0,0.04558771660007385,0.04102894494006647,1.0,4.0,2.0,-0.22,2.0,0.0,0.0,1.0,-2.97,-2.97
EVT_01430,18.52808,75.91355,5,OTHER_THERMAL_ANOMALY,Deccan Bare Plateau,HELD_OUT_TEST,General Anomaly Audit,0.98,False,False,6.17,313.82,311.9,525.9,551.93,1.91,34.95,2.0,0.0,862.61,0.0,0.0,0.0,0.0,0.0250377637370493,0.02253398736334437,1.0,4.0,2.0,1.08,2.0,0.0,0.0,1.0,-2.97,-2.97
EVT_01431,18.41438,75.82488,5,OTHER_THERMAL_ANOMALY,Deccan Bare Plateau,HELD_OUT_TEST,General Anomaly Audit,0.98,False,False,5.06,317.62,307.74,834.8,46.51,9.87,42.93,2.0,0.0,877.4,0.0,0.0,0.0,0.0,0.04792581375013029,0.043133232375117264,1.0,4.0,2.0,0.53,2.0,0.0,0.0,1.0,-2.97,-2.97
EVT_01432,18.55027,75.81038,5,OTHER_THERMAL_ANOMALY,Deccan Bare Plateau,HELD_OUT_TEST,General Anomaly Audit,0.98,False,False,8.84,315.69,311.4,507.1,827.47,4.29,33.55,2.0,0.0,871.4,0.0,0.0,0.0,0.0,0.041374047987850306,0.03723664318906528,1.0,4.0,2.0,2.42,2.0,0.0,0.0,1.0,-2.97,-2.97
EVT_01433,18.56209,75.7912,5,OTHER_THERMAL_ANOMALY,Deccan Bare Plateau,HELD_OUT_TEST,General Anomaly Audit,0.98,False,False,3.07,315.5,306.37,500.0,906.4,9.13,31.18,2.0,0.0,872.63,0.0,0.0,0.0,0.0,0.03718684074762228,0.03346815667286006,1.0,4.0,2.0,-0.46,2.0,0.0,0.0,1.0,-2.97,-2.97
EVT_01434,18.43346,75.87735,5,OTHER_THERMAL_ANOMALY,Deccan Bare Plateau,HELD_OUT_TEST,General Anomaly Audit,0.98,False,False,9.75,313.93,311.07,828.9,37.56,2.86,40.39,2.0,0.0,871.3,0.0,0.0,0.0,0.0,0.007139242506978233,0.00642531825628041,1.0,4.0,2.0,2.87,2.0,0.0,0.0,1.0,-2.97,-2.97
EVT_01435,18.56995,75.863,5,OTHER_THERMAL_ANOMALY,Deccan Bare Plateau,HELD_OUT_TEST,General Anomaly Audit,0.98,False,False,4.91,315.68,309.86,543.8,492.18,5.82,38.04,2.0,0.0,865.23,0.0,0.0,0.0,0.0,0.007522427538660815,0.006770184784794733,1.0,4.0,2.0,0.45,2.0,0.0,0.0,1.0,-2.97,-2.97
EVT_01436,18.58909,75.83687,5,OTHER_THERMAL_ANOMALY,Deccan Bare Plateau,HELD_OUT_TEST,General Anomaly Audit,0.98,False,False,6.34,314.38,313.77,829.7,38.6,0.6,34.82,2.0,0.0,866.75,0.0,0.0,0.0,0.0,0.013367235607942668,0.012030512047148402,1.0,4.0,2.0,1.17,2.0,0.0,0.0,1.0,-2.97,-2.97
EVT_01437,18.46439,75.86397,5,OTHER_THERMAL_ANOMALY,Deccan Bare Plateau,HELD_OUT_TEST,General Anomaly Audit,0.98,False,False,3.99,314.91,311.84,830.7,39.84,3.07,40.95,2.0,0.0,870.88,0.0,0.0,0.0,0.0,0.009074881413542058,0.008167393272187852,1.0,4.0,2.0,-0.01,2.0,0.0,0.0,1.0,-2.97,-2.97
EVT_01438,18.54324,75.83216,5,OTHER_THERMAL_ANOMALY,Deccan Bare Plateau,HELD_OUT_TEST,General Anomaly Audit,0.98,False,False,3.09,318.02,310.63,835.3,47.58,7.39,35.97,2.0,0.0,869.66,0.0,0.0,0.0,0.0,0.006056928692445074,0.005451235823200566,1.0,4.0,2.0,-0.46,2.0,0.0,0.0,1.0,-2.97,-2.97
EVT_01439,18.52012,75.84229,5,OTHER_THERMAL_ANOMALY,Deccan Bare Plateau,HELD_OUT_TEST,General Anomaly Audit,0.98,False,False,8.04,317.92,308.89,835.2,47.31,9.03,37.99,2.0,0.0,869.93,0.0,0.0,0.0,0.0,0.0007707583038269628,0.0006936824734442666,1.0,4.0,2.0,2.02,2.0,0.0,0.0,1.0,-2.97,-2.97
EVT_01440,18.49994,75.88186,5,OTHER_THERMAL_ANOMALY,Deccan Bare Plateau,HELD_OUT_TEST,General Anomaly Audit,0.98,False,False,5.22,313.31,308.38,555.0,360.93,4.93,38.49,2.0,0.0,867.21,0.0,0.0,0.0,0.0,0.021243396353400553,0.0191190567180605,1.0,4.0,2.0,0.61,2.0,0.0,0.0,1.0,-2.97,-2.97
EVT_01441,18.49065,75.8311,5,OTHER_THERMAL_ANOMALY,Deccan Bare Plateau,HELD_OUT_TEST,General Anomaly Audit,0.98,False,False,3.2,312.11,312.95,825.1,33.53,-0.84,38.49,2.0,0.0,872.62,0.0,0.0,0.0,0.0,0.010883293803296912,0.009794964422967222,1.0,4.0,2.0,-0.4,2.0,0.0,0.0,1.0,-2.97,-2.97
EVT_01442,18.52545,75.81144,5,OTHER_THERMAL_ANOMALY,Deccan Bare Plateau,HELD_OUT_TEST,General Anomaly Audit,0.98,False,False,7.12,321.26,312.41,569.2,506.32,8.85,34.81,2.0,0.0,872.63,0.0,0.0,0.0,0.0,0.014616665564169124,0.013154999007752211,1.0,4.0,2.0,1.56,2.0,0.0,0.0,1.0,-2.97,-2.97
EVT_01443,18.56276,75.81003,5,OTHER_THERMAL_ANOMALY,Deccan Bare Plateau,HELD_OUT_TEST,General Anomaly Audit,0.98,False,False,4.37,310.34,308.17,820.7,29.8,2.17,33.0,2.0,0.0,870.76,0.0,0.0,0.0,0.0,0.013604207878898884,0.012243787091008996,1.0,4.0,2.0,0.18,2.0,0.0,0.0,1.0,-2.97,-2.97
EVT_01444,18.506,75.86765,5,OTHER_THERMAL_ANOMALY,Deccan Bare Plateau,HELD_OUT_TEST,General Anomaly Audit,0.98,False,False,2.9,315.32,309.56,831.4,40.82,5.77,39.92,2.0,0.0,868.25,0.0,0.0,0.0,0.0,0.019671774471843012,0.01770459702465871,1.0,4.0,2.0,-0.55,2.0,0.0,0.0,1.0,-2.97,-2.97
EVT_01445,18.54071,75.86993,5,OTHER_THERMAL_ANOMALY,Deccan Bare Plateau,HELD_OUT_TEST,General Anomaly Audit,0.98,False,False,2.21,312.53,306.7,826.0,34.42,5.84,39.55,2.0,0.0,866.14,0.0,0.0,0.0,0.0,0.003708631514246119,0.0033377683628215073,1.0,4.0,2.0,-0.9,2.0,0.0,0.0,1.0,-2.97,-2.97
EVT_01446,18.57446,75.85864,5,OTHER_THERMAL_ANOMALY,Deccan Bare Plateau,HELD_OUT_TEST,General Anomaly Audit,0.98,False,False,1.15,316.59,311.32,536.1,579.65,5.27,37.46,2.0,0.0,865.41,0.0,0.0,0.0,0.0,0.009340394909524924,0.008406355418572433,1.0,4.0,2.0,-1.43,2.0,0.0,0.0,1.0,-2.97,-2.97
EVT_01447,18.47791,75.90247,5,OTHER_THERMAL_ANOMALY,Deccan Bare Plateau,HELD_OUT_TEST,General Anomaly Audit,0.98,False,False,9.91,313.39,312.47,827.8,36.34,0.92,36.68,2.0,0.0,866.43,0.0,0.0,0.0,0.0,0.007884433603657365,0.007095990243291629,1.0,4.0,2.0,2.95,2.0,0.0,0.0,1.0,-2.97,-2.97
EVT_01448,18.57105,75.85285,5,OTHER_THERMAL_ANOMALY,Deccan Bare Plateau,HELD_OUT_TEST,General Anomaly Audit,0.98,False,False,9.88,310.27,302.52,820.5,29.65,7.75,36.98,2.0,0.0,866.16,0.0,0.0,0.0,0.0,0.021265407515057667,0.0191388667635519,1.0,4.0,2.0,2.94,2.0,0.0,0.0,1.0,-2.97,-2.97
EVT_01449,18.49967,75.85475,5,OTHER_THERMAL_ANOMALY,Deccan Bare Plateau,HELD_OUT_TEST,General Anomaly Audit,0.98,False,False,4.64,316.72,312.98,833.5,44.26,3.74,40.18,2.0,0.0,869.84,0.0,0.0,0.0,0.0,0.0008084769977259876,0.0007276292979533889,1.0,4.0,2.0,0.32,2.0,0.0,0.0,1.0,-2.97,-2.97
EVT_01450,18.51375,75.85118,5,OTHER_THERMAL_ANOMALY,Deccan Bare Plateau,HELD_OUT_TEST,General Anomaly Audit,0.98,False,False,6.88,312.95,308.45,540.7,422.61,4.5,39.14,2.0,0.0,869.42,0.0,0.0,0.0,0.0,0.0026848593969687144,0.002416373457271843,1.0,4.0,2.0,1.44,2.0,0.0,0.0,1.0,-2.97,-2.97
EVT_01451,18.49034,75.83422,5,OTHER_THERMAL_ANOMALY,Deccan Bare Plateau,HELD_OUT_TEST,General Anomaly Audit,0.98,False,False,7.49,322.23,312.69,839.9,59.44,9.55,38.79,2.0,0.0,872.33,0.0,0.0,0.0,0.0,0.012761560845928272,0.011485404761335445,1.0,4.0,2.0,1.75,2.0,0.0,0.0,1.0,-2.97,-2.97
EVT_01452,18.54196,75.84636,5,OTHER_THERMAL_ANOMALY,Deccan Bare Plateau,HELD_OUT_TEST,General Anomaly Audit,0.98,False,False,1.91,312.17,307.54,825.2,33.63,4.63,37.41,2.0,0.0,868.36,0.0,0.0,0.0,0.0,0.030278513694696516,0.027250662325226865,1.0,4.0,2.0,-1.05,2.0,0.0,0.0,1.0,-2.97,-2.97
EVT_01453,18.5584,75.89833,5,OTHER_THERMAL_ANOMALY,Deccan Bare Plateau,HELD_OUT_TEST,General Anomaly Audit,0.98,False,False,2.21,314.83,313.42,733.7,73.56,1.41,36.64,2.0,0.0,862.43,0.0,0.0,0.0,0.0,0.014470256535220632,0.01302323088169857,1.0,4.0,2.0,-0.89,2.0,0.0,0.0,1.0,-2.97,-2.97
EVT_01454,18.55851,75.9053,5,OTHER_THERMAL_ANOMALY,Deccan Bare Plateau,HELD_OUT_TEST,General Anomaly Audit,0.98,False,False,6.74,322.85,311.0,840.4,61.32,11.85,35.9,2.0,0.0,861.75,0.0,0.0,0.0,0.0,0.044066244473247584,0.039659620025922826,1.0,4.0,2.0,1.37,2.0,0.0,0.0,1.0,-2.97,-2.97
EVT_01455,18.56912,75.86516,5,OTHER_THERMAL_ANOMALY,Deccan Bare Plateau,HELD_OUT_TEST,General Anomaly Audit,0.98,False,False,9.12,318.22,306.59,835.6,48.08,11.63,38.29,2.0,0.0,865.07,0.0,0.0,0.0,0.0,0.019286616394991664,0.017357954755492497,1.0,4.0,2.0,2.56,2.0,0.0,0.0,1.0,-2.97,-2.97
EVT_01456,18.54534,75.88146,5,OTHER_THERMAL_ANOMALY,Deccan Bare Plateau,HELD_OUT_TEST,General Anomaly Audit,0.98,False,False,2.17,315.48,308.04,505.1,838.64,7.44,38.34,2.0,0.0,864.77,0.0,0.0,0.0,0.0,0.048365958611529564,0.04352936275037661,1.0,4.0,2.0,-0.91,2.0,0.0,0.0,1.0,-2.97,-2.97
EVT_01457,18.51794,75.85165,5,OTHER_THERMAL_ANOMALY,Deccan Bare Plateau,HELD_OUT_TEST,General Anomaly Audit,0.98,False,False,4.1,315.97,307.1,832.4,42.36,8.87,38.98,2.0,0.0,869.15,0.0,0.0,0.0,0.0,0.0017452929536554641,0.0015707636582899178,1.0,4.0,2.0,0.05,2.0,0.0,0.0,1.0,-2.97,-2.97
EVT_01458,18.44152,75.87914,5,OTHER_THERMAL_ANOMALY,Deccan Bare Plateau,HELD_OUT_TEST,General Anomaly Audit,0.98,False,False,8.4,315.66,310.8,831.9,41.62,4.86,39.97,2.0,0.0,870.68,0.0,0.0,0.0,0.0,0.01082452836330587,0.009742075526975282,1.0,4.0,2.0,2.2,2.0,0.0,0.0,1.0,-2.97,-2.97
EVT_01459,18.49088,75.82638,5,OTHER_THERMAL_ANOMALY,Deccan Bare Plateau,HELD_OUT_TEST,General Anomaly Audit,0.98,False,False,6.75,317.51,311.07,834.7,46.27,6.44,38.05,2.0,0.0,873.06,0.0,0.0,0.0,0.0,0.019382995027939956,0.01744469552514596,1.0,4.0,2.0,1.37,2.0,0.0,0.0,1.0,-2.97,-2.97
EVT_01460,18.49345,75.84536,5,OTHER_THERMAL_ANOMALY,Deccan Bare Plateau,HELD_OUT_TEST,General Anomaly Audit,0.98,False,False,6.02,321.99,303.82,839.6,58.63,18.17,39.64,2.0,0.0,871.09,0.0,0.0,0.0,0.0,0.013868790666665071,0.012481911599998565,1.0,4.0,2.0,1.01,2.0,0.0,0.0,1.0,-2.97,-2.97
