{
  "type": "FeatureCollection",
  "source_metadata": {
    "source_id": "CALFIRE_USFS_INCIDENT_2026",
    "source_name": "CAL FIRE & USFS Official Wildfire Incident Registry",
    "source_type": "GOVERNMENT_FIRE_MANAGEMENT_AGENCY",
    "tier": "TIER_A_AUTHORITATIVE",
    "country": "USA",
    "fire_regime": "forest_natural"
  },
  "features": [
    {
      "type": "Feature",
      "id": "WF_CALFIRE_INCIDENT_2026_0001",
      "geometry": {
        "type": "Point",
        "coordinates": [
          -119.3104,
          38.08
        ]
      },
      "properties": {
        "source_record_id": "CALFIRE_INC_2026_0001",
        "observed_at": "2026-03-01T01:00:00Z",
        "claim_class": "non_industrial",
        "confidence": 1.0,
        "country": "USA",
        "region": "California",
        "fire_regime": "forest_natural",
        "tier": "TIER_A_AUTHORITATIVE",
        "incident_name": "California Wildland Fire Incident #101",
        "agency": "CAL FIRE / USFS InciWeb Interagency Command"
      }
    },
    {
      "type": "Feature",
      "id": "WF_CALFIRE_INCIDENT_2026_0002",
      "geometry": {
        "type": "Point",
        "coordinates": [
          -119.6384,
          37.0816
        ]
      },
      "properties": {
        "source_record_id": "CALFIRE_INC_2026_0002",
        "observed_at": "2026-03-01T19:51:00Z",
        "claim_class": "non_industrial",
        "confidence": 1.0,
        "country": "USA",
        "region": "California",
        "fire_regime": "forest_natural",
        "tier": "TIER_A_AUTHORITATIVE",
        "incident_name": "California Wildland Fire Incident #102",
        "agency": "CAL FIRE / USFS InciWeb Interagency Command"
      }
    },
    {
      "type": "Feature",
      "id": "WF_CALFIRE_INCIDENT_2026_0003",
      "geometry": {
        "type": "Point",
        "coordinates": [
          -119.8224,
          37.6696
        ]
      },
      "properties": {
        "source_record_id": "CALFIRE_INC_2026_0003",
        "observed_at": "2026-03-02T13:34:00Z",
        "claim_class": "non_industrial",
        "confidence": 1.0,
        "country": "USA",
        "region": "California",
        "fire_regime": "forest_natural",
        "tier": "TIER_A_AUTHORITATIVE",
        "incident_name": "California Wildland Fire Incident #103",
        "agency": "CAL FIRE / USFS InciWeb Interagency Command"
      }
    },
    {
      "type": "Feature",
      "id": "WF_CALFIRE_INCIDENT_2026_0004",
      "geometry": {
        "type": "Point",
        "coordinates": [
          -119.9984,
          36.724
        ]
      },
      "properties": {
        "source_record_id": "CALFIRE_INC_2026_0004",
        "observed_at": "2026-03-03T07:17:00Z",
        "claim_class": "non_industrial",
        "confidence": 1.0,
        "country": "USA",
        "region": "California",
        "fire_regime": "forest_natural",
        "tier": "TIER_A_AUTHORITATIVE",
        "incident_name": "California Wildland Fire Incident #104",
        "agency": "CAL FIRE / USFS InciWeb Interagency Command"
      }
    },
    {
      "type": "Feature",
      "id": "WF_CALFIRE_INCIDENT_2026_0005",
      "geometry": {
        "type": "Point",
        "coordinates": [
          -119.2864,
          36.5656
        ]
      },
      "properties": {
        "source_record_id": "CALFIRE_INC_2026_0005",
        "observed_at": "2026-03-04T01:00:00Z",
        "claim_class": "non_industrial",
        "confidence": 1.0,
        "country": "USA",
        "region": "California",
        "fire_regime": "forest_natural",
        "tier": "TIER_A_AUTHORITATIVE",
        "incident_name": "California Wildland Fire Incident #105",
        "agency": "CAL FIRE / USFS InciWeb Interagency Command"
      }
    },
    {
      "type": "Feature",
      "id": "WF_CALFIRE_INCIDENT_2026_0006",
      "geometry": {
        "type": "Point",
        "coordinates": [
          -120.2432,
          37.6096
        ]
      },
      "properties": {
        "source_record_id": "CALFIRE_INC_2026_0006",
        "observed_at": "2026-03-04T19:51:00Z",
        "claim_class": "non_industrial",
        "confidence": 1.0,
        "country": "USA",
        "region": "California",
        "fire_regime": "forest_natural",
        "tier": "TIER_A_AUTHORITATIVE",
        "incident_name": "California Wildland Fire Incident #106",
        "agency": "CAL FIRE / USFS InciWeb Interagency Command"
      }
    },
    {
      "type": "Feature",
      "id": "WF_CALFIRE_INCIDENT_2026_0007",
      "geometry": {
        "type": "Point",
        "coordinates": [
          -119.2064,
          36.7024
        ]
      },
      "properties": {
        "source_record_id": "CALFIRE_INC_2026_0007",
        "observed_at": "2026-03-05T13:34:00Z",
        "claim_class": "non_industrial",
        "confidence": 1.0,
        "country": "USA",
        "region": "California",
        "fire_regime": "forest_natural",
        "tier": "TIER_A_AUTHORITATIVE",
        "incident_name": "California Wildland Fire Incident #107",
        "agency": "CAL FIRE / USFS InciWeb Interagency Command"
      }
    },
    {
      "type": "Feature",
      "id": "WF_CALFIRE_INCIDENT_2026_0008",
      "geometry": {
        "type": "Point",
        "coordinates": [
          -119.3968,
          37.6264
        ]
      },
      "properties": {
        "source_record_id": "CALFIRE_INC_2026_0008",
        "observed_at": "2026-03-06T07:17:00Z",
        "claim_class": "non_industrial",
        "confidence": 1.0,
        "country": "USA",
        "region": "California",
        "fire_regime": "forest_natural",
        "tier": "TIER_A_AUTHORITATIVE",
        "incident_name": "California Wildland Fire Incident #108",
        "agency": "CAL FIRE / USFS InciWeb Interagency Command"
      }
    },
    {
      "type": "Feature",
      "id": "WF_CALFIRE_INCIDENT_2026_0009",
      "geometry": {
        "type": "Point",
        "coordinates": [
          -120.1328,
          37.78
        ]
      },
      "properties": {
        "source_record_id": "CALFIRE_INC_2026_0009",
        "observed_at": "2026-03-07T01:00:00Z",
        "claim_class": "non_industrial",
        "confidence": 1.0,
        "country": "USA",
        "region": "California",
        "fire_regime": "forest_natural",
        "tier": "TIER_A_AUTHORITATIVE",
        "incident_name": "California Wildland Fire Incident #109",
        "agency": "CAL FIRE / USFS InciWeb Interagency Command"
      }
    },
    {
      "type": "Feature",
      "id": "WF_CALFIRE_INCIDENT_2026_0010",
      "geometry": {
        "type": "Point",
        "coordinates": [
          -120.5968,
          36.3352
        ]
      },
      "properties": {
        "source_record_id": "CALFIRE_INC_2026_0010",
        "observed_at": "2026-03-07T19:51:00Z",
        "claim_class": "non_industrial",
        "confidence": 1.0,
        "country": "USA",
        "region": "California",
        "fire_regime": "forest_natural",
        "tier": "TIER_A_AUTHORITATIVE",
        "incident_name": "California Wildland Fire Incident #110",
        "agency": "CAL FIRE / USFS InciWeb Interagency Command"
      }
    },
    {
      "type": "Feature",
      "id": "WF_CALFIRE_INCIDENT_2026_0011",
      "geometry": {
        "type": "Point",
        "coordinates": [
          -119.4256,
          36.6136
        ]
      },
      "properties": {
        "source_record_id": "CALFIRE_INC_2026_0011",
        "observed_at": "2026-03-08T13:34:00Z",
        "claim_class": "non_industrial",
        "confidence": 1.0,
        "country": "USA",
        "region": "California",
        "fire_regime": "forest_natural",
        "tier": "TIER_A_AUTHORITATIVE",
        "incident_name": "California Wildland Fire Incident #111",
        "agency": "CAL FIRE / USFS InciWeb Interagency Command"
      }
    },
    {
      "type": "Feature",
      "id": "WF_CALFIRE_INCIDENT_2026_0012",
      "geometry": {
        "type": "Point",
        "coordinates": [
          -119.5248,
          35.8312
        ]
      },
      "properties": {
        "source_record_id": "CALFIRE_INC_2026_0012",
        "observed_at": "2026-03-09T07:17:00Z",
        "claim_class": "non_industrial",
        "confidence": 1.0,
        "country": "USA",
        "region": "California",
        "fire_regime": "forest_natural",
        "tier": "TIER_A_AUTHORITATIVE",
        "incident_name": "California Wildland Fire Incident #112",
        "agency": "CAL FIRE / USFS InciWeb Interagency Command"
      }
    },
    {
      "type": "Feature",
      "id": "WF_CALFIRE_INCIDENT_2026_0013",
      "geometry": {
        "type": "Point",
        "coordinates": [
          -119.6624,
          35.9704
        ]
      },
      "properties": {
        "source_record_id": "CALFIRE_INC_2026_0013",
        "observed_at": "2026-03-10T01:00:00Z",
        "claim_class": "non_industrial",
        "confidence": 1.0,
        "country": "USA",
        "region": "California",
        "fire_regime": "forest_natural",
        "tier": "TIER_A_AUTHORITATIVE",
        "incident_name": "California Wildland Fire Incident #113",
        "agency": "CAL FIRE / USFS InciWeb Interagency Command"
      }
    },
    {
      "type": "Feature",
      "id": "WF_CALFIRE_INCIDENT_2026_0014",
      "geometry": {
        "type": "Point",
        "coordinates": [
          -120.6416,
          36.5488
        ]
      },
      "properties": {
        "source_record_id": "CALFIRE_INC_2026_0014",
        "observed_at": "2026-03-10T19:51:00Z",
        "claim_class": "non_industrial",
        "confidence": 1.0,
        "country": "USA",
        "region": "California",
        "fire_regime": "forest_natural",
        "tier": "TIER_A_AUTHORITATIVE",
        "incident_name": "California Wildland Fire Incident #114",
        "agency": "CAL FIRE / USFS InciWeb Interagency Command"
      }
    },
    {
      "type": "Feature",
      "id": "WF_CALFIRE_INCIDENT_2026_0015",
      "geometry": {
        "type": "Point",
        "coordinates": [
          -119.6688,
          37.1608
        ]
      },
      "properties": {
        "source_record_id": "CALFIRE_INC_2026_0015",
        "observed_at": "2026-03-11T13:34:00Z",
        "claim_class": "non_industrial",
        "confidence": 1.0,
        "country": "USA",
        "region": "California",
        "fire_regime": "forest_natural",
        "tier": "TIER_A_AUTHORITATIVE",
        "incident_name": "California Wildland Fire Incident #115",
        "agency": "CAL FIRE / USFS InciWeb Interagency Command"
      }
    },
    {
      "type": "Feature",
      "id": "WF_CALFIRE_INCIDENT_2026_0016",
      "geometry": {
        "type": "Point",
        "coordinates": [
          -120.0272,
          38.188
        ]
      },
      "properties": {
        "source_record_id": "CALFIRE_INC_2026_0016",
        "observed_at": "2026-03-12T07:17:00Z",
        "claim_class": "non_industrial",
        "confidence": 1.0,
        "country": "USA",
        "region": "California",
        "fire_regime": "forest_natural",
        "tier": "TIER_A_AUTHORITATIVE",
        "incident_name": "California Wildland Fire Incident #116",
        "agency": "CAL FIRE / USFS InciWeb Interagency Command"
      }
    },
    {
      "type": "Feature",
      "id": "WF_CALFIRE_INCIDENT_2026_0017",
      "geometry": {
        "type": "Point",
        "coordinates": [
          -119.5376,
          35.8768
        ]
      },
      "properties": {
        "source_record_id": "CALFIRE_INC_2026_0017",
        "observed_at": "2026-03-13T01:00:00Z",
        "claim_class": "non_industrial",
        "confidence": 1.0,
        "country": "USA",
        "region": "California",
        "fire_regime": "forest_natural",
        "tier": "TIER_A_AUTHORITATIVE",
        "incident_name": "California Wildland Fire Incident #117",
        "agency": "CAL FIRE / USFS InciWeb Interagency Command"
      }
    },
    {
      "type": "Feature",
      "id": "WF_CALFIRE_INCIDENT_2026_0018",
      "geometry": {
        "type": "Point",
        "coordinates": [
          -119.6432,
          35.9224
        ]
      },
      "properties": {
        "source_record_id": "CALFIRE_INC_2026_0018",
        "observed_at": "2026-03-13T19:51:00Z",
        "claim_class": "non_industrial",
        "confidence": 1.0,
        "country": "USA",
        "region": "California",
        "fire_regime": "forest_natural",
        "tier": "TIER_A_AUTHORITATIVE",
        "incident_name": "California Wildland Fire Incident #118",
        "agency": "CAL FIRE / USFS InciWeb Interagency Command"
      }
    },
    {
      "type": "Feature",
      "id": "WF_CALFIRE_INCIDENT_2026_0019",
      "geometry": {
        "type": "Point",
        "coordinates": [
          -120.2912,
          35.9152
        ]
      },
      "properties": {
        "source_record_id": "CALFIRE_INC_2026_0019",
        "observed_at": "2026-03-14T13:34:00Z",
        "claim_class": "non_industrial",
        "confidence": 1.0,
        "country": "USA",
        "region": "California",
        "fire_regime": "forest_natural",
        "tier": "TIER_A_AUTHORITATIVE",
        "incident_name": "California Wildland Fire Incident #119",
        "agency": "CAL FIRE / USFS InciWeb Interagency Command"
      }
    },
    {
      "type": "Feature",
      "id": "WF_CALFIRE_INCIDENT_2026_0020",
      "geometry": {
        "type": "Point",
        "coordinates": [
          -120.5536,
          37.6456
        ]
      },
      "properties": {
        "source_record_id": "CALFIRE_INC_2026_0020",
        "observed_at": "2026-03-15T07:17:00Z",
        "claim_class": "non_industrial",
        "confidence": 1.0,
        "country": "USA",
        "region": "California",
        "fire_regime": "forest_natural",
        "tier": "TIER_A_AUTHORITATIVE",
        "incident_name": "California Wildland Fire Incident #120",
        "agency": "CAL FIRE / USFS InciWeb Interagency Command"
      }
    },
    {
      "type": "Feature",
      "id": "WF_CALFIRE_INCIDENT_2026_0021",
      "geometry": {
        "type": "Point",
        "coordinates": [
          -120.3888,
          37.2256
        ]
      },
      "properties": {
        "source_record_id": "CALFIRE_INC_2026_0021",
        "observed_at": "2026-03-16T01:00:00Z",
        "claim_class": "non_industrial",
        "confidence": 1.0,
        "country": "USA",
        "region": "California",
        "fire_regime": "forest_natural",
        "tier": "TIER_A_AUTHORITATIVE",
        "incident_name": "California Wildland Fire Incident #121",
        "agency": "CAL FIRE / USFS InciWeb Interagency Command"
      }
    },
    {
      "type": "Feature",
      "id": "WF_CALFIRE_INCIDENT_2026_0022",
      "geometry": {
        "type": "Point",
        "coordinates": [
          -119.904,
          37.984
        ]
      },
      "properties": {
        "source_record_id": "CALFIRE_INC_2026_0022",
        "observed_at": "2026-03-16T19:51:00Z",
        "claim_class": "non_industrial",
        "confidence": 1.0,
        "country": "USA",
        "region": "California",
        "fire_regime": "forest_natural",
        "tier": "TIER_A_AUTHORITATIVE",
        "incident_name": "California Wildland Fire Incident #122",
        "agency": "CAL FIRE / USFS InciWeb Interagency Command"
      }
    },
    {
      "type": "Feature",
      "id": "WF_CALFIRE_INCIDENT_2026_0023",
      "geometry": {
        "type": "Point",
        "coordinates": [
          -119.3504,
          36.868
        ]
      },
      "properties": {
        "source_record_id": "CALFIRE_INC_2026_0023",
        "observed_at": "2026-03-17T13:34:00Z",
        "claim_class": "non_industrial",
        "confidence": 1.0,
        "country": "USA",
        "region": "California",
        "fire_regime": "forest_natural",
        "tier": "TIER_A_AUTHORITATIVE",
        "incident_name": "California Wildland Fire Incident #123",
        "agency": "CAL FIRE / USFS InciWeb Interagency Command"
      }
    },
    {
      "type": "Feature",
      "id": "WF_CALFIRE_INCIDENT_2026_0024",
      "geometry": {
        "type": "Point",
        "coordinates": [
          -120.736,
          36.9376
        ]
      },
      "properties": {
        "source_record_id": "CALFIRE_INC_2026_0024",
        "observed_at": "2026-03-18T07:17:00Z",
        "claim_class": "non_industrial",
        "confidence": 1.0,
        "country": "USA",
        "region": "California",
        "fire_regime": "forest_natural",
        "tier": "TIER_A_AUTHORITATIVE",
        "incident_name": "California Wildland Fire Incident #124",
        "agency": "CAL FIRE / USFS InciWeb Interagency Command"
      }
    },
    {
      "type": "Feature",
      "id": "WF_CALFIRE_INCIDENT_2026_0025",
      "geometry": {
        "type": "Point",
        "coordinates": [
          -119.2464,
          36.7096
        ]
      },
      "properties": {
        "source_record_id": "CALFIRE_INC_2026_0025",
        "observed_at": "2026-03-19T01:00:00Z",
        "claim_class": "non_industrial",
        "confidence": 1.0,
        "country": "USA",
        "region": "California",
        "fire_regime": "forest_natural",
        "tier": "TIER_A_AUTHORITATIVE",
        "incident_name": "California Wildland Fire Incident #125",
        "agency": "CAL FIRE / USFS InciWeb Interagency Command"
      }
    },
    {
      "type": "Feature",
      "id": "WF_CALFIRE_INCIDENT_2026_0026",
      "geometry": {
        "type": "Point",
        "coordinates": [
          -119.3168,
          37.36
        ]
      },
      "properties": {
        "source_record_id": "CALFIRE_INC_2026_0026",
        "observed_at": "2026-03-19T19:51:00Z",
        "claim_class": "non_industrial",
        "confidence": 1.0,
        "country": "USA",
        "region": "California",
        "fire_regime": "forest_natural",
        "tier": "TIER_A_AUTHORITATIVE",
        "incident_name": "California Wildland Fire Incident #126",
        "agency": "CAL FIRE / USFS InciWeb Interagency Command"
      }
    },
    {
      "type": "Feature",
      "id": "WF_CALFIRE_INCIDENT_2026_0027",
      "geometry": {
        "type": "Point",
        "coordinates": [
          -119.4896,
          36.7528
        ]
      },
      "properties": {
        "source_record_id": "CALFIRE_INC_2026_0027",
        "observed_at": "2026-03-20T13:34:00Z",
        "claim_class": "non_industrial",
        "confidence": 1.0,
        "country": "USA",
        "region": "California",
        "fire_regime": "forest_natural",
        "tier": "TIER_A_AUTHORITATIVE",
        "incident_name": "California Wildland Fire Incident #127",
        "agency": "CAL FIRE / USFS InciWeb Interagency Command"
      }
    },
    {
      "type": "Feature",
      "id": "WF_CALFIRE_INCIDENT_2026_0028",
      "geometry": {
        "type": "Point",
        "coordinates": [
          -120.0512,
          36.5464
        ]
      },
      "properties": {
        "source_record_id": "CALFIRE_INC_2026_0028",
        "observed_at": "2026-03-21T07:17:00Z",
        "claim_class": "non_industrial",
        "confidence": 1.0,
        "country": "USA",
        "region": "California",
        "fire_regime": "forest_natural",
        "tier": "TIER_A_AUTHORITATIVE",
        "incident_name": "California Wildland Fire Incident #128",
        "agency": "CAL FIRE / USFS InciWeb Interagency Command"
      }
    },
    {
      "type": "Feature",
      "id": "WF_CALFIRE_INCIDENT_2026_0029",
      "geometry": {
        "type": "Point",
        "coordinates": [
          -119.408,
          36.3928
        ]
      },
      "properties": {
        "source_record_id": "CALFIRE_INC_2026_0029",
        "observed_at": "2026-03-22T01:00:00Z",
        "claim_class": "non_industrial",
        "confidence": 1.0,
        "country": "USA",
        "region": "California",
        "fire_regime": "forest_natural",
        "tier": "TIER_A_AUTHORITATIVE",
        "incident_name": "California Wildland Fire Incident #129",
        "agency": "CAL FIRE / USFS InciWeb Interagency Command"
      }
    },
    {
      "type": "Feature",
      "id": "WF_CALFIRE_INCIDENT_2026_0030",
      "geometry": {
        "type": "Point",
        "coordinates": [
          -119.72,
          37.6168
        ]
      },
      "properties": {
        "source_record_id": "CALFIRE_INC_2026_0030",
        "observed_at": "2026-03-22T19:51:00Z",
        "claim_class": "non_industrial",
        "confidence": 1.0,
        "country": "USA",
        "region": "California",
        "fire_regime": "forest_natural",
        "tier": "TIER_A_AUTHORITATIVE",
        "incident_name": "California Wildland Fire Incident #130",
        "agency": "CAL FIRE / USFS InciWeb Interagency Command"
      }
    },
    {
      "type": "Feature",
      "id": "WF_CALFIRE_INCIDENT_2026_0031",
      "geometry": {
        "type": "Point",
        "coordinates": [
          -120.2896,
          36.5296
        ]
      },
      "properties": {
        "source_record_id": "CALFIRE_INC_2026_0031",
        "observed_at": "2026-03-23T13:34:00Z",
        "claim_class": "non_industrial",
        "confidence": 1.0,
        "country": "USA",
        "region": "California",
        "fire_regime": "forest_natural",
        "tier": "TIER_A_AUTHORITATIVE",
        "incident_name": "California Wildland Fire Incident #131",
        "agency": "CAL FIRE / USFS InciWeb Interagency Command"
      }
    },
    {
      "type": "Feature",
      "id": "WF_CALFIRE_INCIDENT_2026_0032",
      "geometry": {
        "type": "Point",
        "coordinates": [
          -120.7344,
          36.3856
        ]
      },
      "properties": {
        "source_record_id": "CALFIRE_INC_2026_0032",
        "observed_at": "2026-03-24T07:17:00Z",
        "claim_class": "non_industrial",
        "confidence": 1.0,
        "country": "USA",
        "region": "California",
        "fire_regime": "forest_natural",
        "tier": "TIER_A_AUTHORITATIVE",
        "incident_name": "California Wildland Fire Incident #132",
        "agency": "CAL FIRE / USFS InciWeb Interagency Command"
      }
    },
    {
      "type": "Feature",
      "id": "WF_CALFIRE_INCIDENT_2026_0033",
      "geometry": {
        "type": "Point",
        "coordinates": [
          -120.2432,
          35.824
        ]
      },
      "properties": {
        "source_record_id": "CALFIRE_INC_2026_0033",
        "observed_at": "2026-03-25T01:00:00Z",
        "claim_class": "non_industrial",
        "confidence": 1.0,
        "country": "USA",
        "region": "California",
        "fire_regime": "forest_natural",
        "tier": "TIER_A_AUTHORITATIVE",
        "incident_name": "California Wildland Fire Incident #133",
        "agency": "CAL FIRE / USFS InciWeb Interagency Command"
      }
    },
    {
      "type": "Feature",
      "id": "WF_CALFIRE_INCIDENT_2026_0034",
      "geometry": {
        "type": "Point",
        "coordinates": [
          -119.896,
          37.0336
        ]
      },
      "properties": {
        "source_record_id": "CALFIRE_INC_2026_0034",
        "observed_at": "2026-03-25T19:51:00Z",
        "claim_class": "non_industrial",
        "confidence": 1.0,
        "country": "USA",
        "region": "California",
        "fire_regime": "forest_natural",
        "tier": "TIER_A_AUTHORITATIVE",
        "incident_name": "California Wildland Fire Incident #134",
        "agency": "CAL FIRE / USFS InciWeb Interagency Command"
      }
    },
    {
      "type": "Feature",
      "id": "WF_CALFIRE_INCIDENT_2026_0035",
      "geometry": {
        "type": "Point",
        "coordinates": [
          -120.0,
          37.4296
        ]
      },
      "properties": {
        "source_record_id": "CALFIRE_INC_2026_0035",
        "observed_at": "2026-03-26T13:34:00Z",
        "claim_class": "non_industrial",
        "confidence": 1.0,
        "country": "USA",
        "region": "California",
        "fire_regime": "forest_natural",
        "tier": "TIER_A_AUTHORITATIVE",
        "incident_name": "California Wildland Fire Incident #135",
        "agency": "CAL FIRE / USFS InciWeb Interagency Command"
      }
    },
    {
      "type": "Feature",
      "id": "WF_CALFIRE_INCIDENT_2026_0036",
      "geometry": {
        "type": "Point",
        "coordinates": [
          -119.752,
          36.184
        ]
      },
      "properties": {
        "source_record_id": "CALFIRE_INC_2026_0036",
        "observed_at": "2026-03-27T07:17:00Z",
        "claim_class": "non_industrial",
        "confidence": 1.0,
        "country": "USA",
        "region": "California",
        "fire_regime": "forest_natural",
        "tier": "TIER_A_AUTHORITATIVE",
        "incident_name": "California Wildland Fire Incident #136",
        "agency": "CAL FIRE / USFS InciWeb Interagency Command"
      }
    },
    {
      "type": "Feature",
      "id": "WF_CALFIRE_INCIDENT_2026_0037",
      "geometry": {
        "type": "Point",
        "coordinates": [
          -119.5232,
          37.9
        ]
      },
      "properties": {
        "source_record_id": "CALFIRE_INC_2026_0037",
        "observed_at": "2026-03-28T01:00:00Z",
        "claim_class": "non_industrial",
        "confidence": 1.0,
        "country": "USA",
        "region": "California",
        "fire_regime": "forest_natural",
        "tier": "TIER_A_AUTHORITATIVE",
        "incident_name": "California Wildland Fire Incident #137",
        "agency": "CAL FIRE / USFS InciWeb Interagency Command"
      }
    },
    {
      "type": "Feature",
      "id": "WF_CALFIRE_INCIDENT_2026_0038",
      "geometry": {
        "type": "Point",
        "coordinates": [
          -119.8448,
          36.6088
        ]
      },
      "properties": {
        "source_record_id": "CALFIRE_INC_2026_0038",
        "observed_at": "2026-03-28T19:51:00Z",
        "claim_class": "non_industrial",
        "confidence": 1.0,
        "country": "USA",
        "region": "California",
        "fire_regime": "forest_natural",
        "tier": "TIER_A_AUTHORITATIVE",
        "incident_name": "California Wildland Fire Incident #138",
        "agency": "CAL FIRE / USFS InciWeb Interagency Command"
      }
    },
    {
      "type": "Feature",
      "id": "WF_CALFIRE_INCIDENT_2026_0039",
      "geometry": {
        "type": "Point",
        "coordinates": [
          -119.6464,
          37.7824
        ]
      },
      "properties": {
        "source_record_id": "CALFIRE_INC_2026_0039",
        "observed_at": "2026-03-29T13:34:00Z",
        "claim_class": "non_industrial",
        "confidence": 1.0,
        "country": "USA",
        "region": "California",
        "fire_regime": "forest_natural",
        "tier": "TIER_A_AUTHORITATIVE",
        "incident_name": "California Wildland Fire Incident #139",
        "agency": "CAL FIRE / USFS InciWeb Interagency Command"
      }
    },
    {
      "type": "Feature",
      "id": "WF_CALFIRE_INCIDENT_2026_0040",
      "geometry": {
        "type": "Point",
        "coordinates": [
          -120.1376,
          36.9904
        ]
      },
      "properties": {
        "source_record_id": "CALFIRE_INC_2026_0040",
        "observed_at": "2026-03-30T07:17:00Z",
        "claim_class": "non_industrial",
        "confidence": 1.0,
        "country": "USA",
        "region": "California",
        "fire_regime": "forest_natural",
        "tier": "TIER_A_AUTHORITATIVE",
        "incident_name": "California Wildland Fire Incident #140",
        "agency": "CAL FIRE / USFS InciWeb Interagency Command"
      }
    },
    {
      "type": "Feature",
      "id": "WF_CALFIRE_INCIDENT_2026_0041",
      "geometry": {
        "type": "Point",
        "coordinates": [
          -119.6608,
          37.9624
        ]
      },
      "properties": {
        "source_record_id": "CALFIRE_INC_2026_0041",
        "observed_at": "2026-03-31T01:00:00Z",
        "claim_class": "non_industrial",
        "confidence": 1.0,
        "country": "USA",
        "region": "California",
        "fire_regime": "forest_natural",
        "tier": "TIER_A_AUTHORITATIVE",
        "incident_name": "California Wildland Fire Incident #141",
        "agency": "CAL FIRE / USFS InciWeb Interagency Command"
      }
    },
    {
      "type": "Feature",
      "id": "WF_CALFIRE_INCIDENT_2026_0042",
      "geometry": {
        "type": "Point",
        "coordinates": [
          -120.32,
          37.6888
        ]
      },
      "properties": {
        "source_record_id": "CALFIRE_INC_2026_0042",
        "observed_at": "2026-03-31T19:51:00Z",
        "claim_class": "non_industrial",
        "confidence": 1.0,
        "country": "USA",
        "region": "California",
        "fire_regime": "forest_natural",
        "tier": "TIER_A_AUTHORITATIVE",
        "incident_name": "California Wildland Fire Incident #142",
        "agency": "CAL FIRE / USFS InciWeb Interagency Command"
      }
    },
    {
      "type": "Feature",
      "id": "WF_CALFIRE_INCIDENT_2026_0043",
      "geometry": {
        "type": "Point",
        "coordinates": [
          -120.6336,
          35.8144
        ]
      },
      "properties": {
        "source_record_id": "CALFIRE_INC_2026_0043",
        "observed_at": "2026-04-01T13:34:00Z",
        "claim_class": "non_industrial",
        "confidence": 1.0,
        "country": "USA",
        "region": "California",
        "fire_regime": "forest_natural",
        "tier": "TIER_A_AUTHORITATIVE",
        "incident_name": "California Wildland Fire Incident #143",
        "agency": "CAL FIRE / USFS InciWeb Interagency Command"
      }
    },
    {
      "type": "Feature",
      "id": "WF_CALFIRE_INCIDENT_2026_0044",
      "geometry": {
        "type": "Point",
        "coordinates": [
          -119.4736,
          37.1824
        ]
      },
      "properties": {
        "source_record_id": "CALFIRE_INC_2026_0044",
        "observed_at": "2026-04-02T07:17:00Z",
        "claim_class": "non_industrial",
        "confidence": 1.0,
        "country": "USA",
        "region": "California",
        "fire_regime": "forest_natural",
        "tier": "TIER_A_AUTHORITATIVE",
        "incident_name": "California Wildland Fire Incident #144",
        "agency": "CAL FIRE / USFS InciWeb Interagency Command"
      }
    },
    {
      "type": "Feature",
      "id": "WF_CALFIRE_INCIDENT_2026_0045",
      "geometry": {
        "type": "Point",
        "coordinates": [
          -119.856,
          37.0288
        ]
      },
      "properties": {
        "source_record_id": "CALFIRE_INC_2026_0045",
        "observed_at": "2026-04-03T01:00:00Z",
        "claim_class": "non_industrial",
        "confidence": 1.0,
        "country": "USA",
        "region": "California",
        "fire_regime": "forest_natural",
        "tier": "TIER_A_AUTHORITATIVE",
        "incident_name": "California Wildland Fire Incident #145",
        "agency": "CAL FIRE / USFS InciWeb Interagency Command"
      }
    },
    {
      "type": "Feature",
      "id": "WF_CALFIRE_INCIDENT_2026_0046",
      "geometry": {
        "type": "Point",
        "coordinates": [
          -119.2064,
          36.4288
        ]
      },
      "properties": {
        "source_record_id": "CALFIRE_INC_2026_0046",
        "observed_at": "2026-04-03T19:51:00Z",
        "claim_class": "non_industrial",
        "confidence": 1.0,
        "country": "USA",
        "region": "California",
        "fire_regime": "forest_natural",
        "tier": "TIER_A_AUTHORITATIVE",
        "incident_name": "California Wildland Fire Incident #146",
        "agency": "CAL FIRE / USFS InciWeb Interagency Command"
      }
    },
    {
      "type": "Feature",
      "id": "WF_CALFIRE_INCIDENT_2026_0047",
      "geometry": {
        "type": "Point",
        "coordinates": [
          -120.6448,
          36.6568
        ]
      },
      "properties": {
        "source_record_id": "CALFIRE_INC_2026_0047",
        "observed_at": "2026-04-04T13:34:00Z",
        "claim_class": "non_industrial",
        "confidence": 1.0,
        "country": "USA",
        "region": "California",
        "fire_regime": "forest_natural",
        "tier": "TIER_A_AUTHORITATIVE",
        "incident_name": "California Wildland Fire Incident #147",
        "agency": "CAL FIRE / USFS InciWeb Interagency Command"
      }
    },
    {
      "type": "Feature",
      "id": "WF_CALFIRE_INCIDENT_2026_0048",
      "geometry": {
        "type": "Point",
        "coordinates": [
          -119.3824,
          37.5592
        ]
      },
      "properties": {
        "source_record_id": "CALFIRE_INC_2026_0048",
        "observed_at": "2026-04-05T07:17:00Z",
        "claim_class": "non_industrial",
        "confidence": 1.0,
        "country": "USA",
        "region": "California",
        "fire_regime": "forest_natural",
        "tier": "TIER_A_AUTHORITATIVE",
        "incident_name": "California Wildland Fire Incident #148",
        "agency": "CAL FIRE / USFS InciWeb Interagency Command"
      }
    },
    {
      "type": "Feature",
      "id": "WF_CALFIRE_INCIDENT_2026_0049",
      "geometry": {
        "type": "Point",
        "coordinates": [
          -119.448,
          36.1528
        ]
      },
      "properties": {
        "source_record_id": "CALFIRE_INC_2026_0049",
        "observed_at": "2026-04-06T01:00:00Z",
        "claim_class": "non_industrial",
        "confidence": 1.0,
        "country": "USA",
        "region": "California",
        "fire_regime": "forest_natural",
        "tier": "TIER_A_AUTHORITATIVE",
        "incident_name": "California Wildland Fire Incident #149",
        "agency": "CAL FIRE / USFS InciWeb Interagency Command"
      }
    },
    {
      "type": "Feature",
      "id": "WF_CALFIRE_INCIDENT_2026_0050",
      "geometry": {
        "type": "Point",
        "coordinates": [
          -120.1904,
          37.8664
        ]
      },
      "properties": {
        "source_record_id": "CALFIRE_INC_2026_0050",
        "observed_at": "2026-04-06T19:51:00Z",
        "claim_class": "non_industrial",
        "confidence": 1.0,
        "country": "USA",
        "region": "California",
        "fire_regime": "forest_natural",
        "tier": "TIER_A_AUTHORITATIVE",
        "incident_name": "California Wildland Fire Incident #150",
        "agency": "CAL FIRE / USFS InciWeb Interagency Command"
      }
    },
    {
      "type": "Feature",
      "id": "WF_CALFIRE_INCIDENT_2026_0051",
      "geometry": {
        "type": "Point",
        "coordinates": [
          -120.7072,
          36.1072
        ]
      },
      "properties": {
        "source_record_id": "CALFIRE_INC_2026_0051",
        "observed_at": "2026-04-07T13:34:00Z",
        "claim_class": "non_industrial",
        "confidence": 1.0,
        "country": "USA",
        "region": "California",
        "fire_regime": "forest_natural",
        "tier": "TIER_A_AUTHORITATIVE",
        "incident_name": "California Wildland Fire Incident #151",
        "agency": "CAL FIRE / USFS InciWeb Interagency Command"
      }
    },
    {
      "type": "Feature",
      "id": "WF_CALFIRE_INCIDENT_2026_0052",
      "geometry": {
        "type": "Point",
        "coordinates": [
          -120.3136,
          36.8536
        ]
      },
      "properties": {
        "source_record_id": "CALFIRE_INC_2026_0052",
        "observed_at": "2026-04-08T07:17:00Z",
        "claim_class": "non_industrial",
        "confidence": 1.0,
        "country": "USA",
        "region": "California",
        "fire_regime": "forest_natural",
        "tier": "TIER_A_AUTHORITATIVE",
        "incident_name": "California Wildland Fire Incident #152",
        "agency": "CAL FIRE / USFS InciWeb Interagency Command"
      }
    },
    {
      "type": "Feature",
      "id": "WF_CALFIRE_INCIDENT_2026_0053",
      "geometry": {
        "type": "Point",
        "coordinates": [
          -120.2016,
          36.7864
        ]
      },
      "properties": {
        "source_record_id": "CALFIRE_INC_2026_0053",
        "observed_at": "2026-04-09T01:00:00Z",
        "claim_class": "non_industrial",
        "confidence": 1.0,
        "country": "USA",
        "region": "California",
        "fire_regime": "forest_natural",
        "tier": "TIER_A_AUTHORITATIVE",
        "incident_name": "California Wildland Fire Incident #153",
        "agency": "CAL FIRE / USFS InciWeb Interagency Command"
      }
    },
    {
      "type": "Feature",
      "id": "WF_CALFIRE_INCIDENT_2026_0054",
      "geometry": {
        "type": "Point",
        "coordinates": [
          -120.2064,
          37.3792
        ]
      },
      "properties": {
        "source_record_id": "CALFIRE_INC_2026_0054",
        "observed_at": "2026-04-09T19:51:00Z",
        "claim_class": "non_industrial",
        "confidence": 1.0,
        "country": "USA",
        "region": "California",
        "fire_regime": "forest_natural",
        "tier": "TIER_A_AUTHORITATIVE",
        "incident_name": "California Wildland Fire Incident #154",
        "agency": "CAL FIRE / USFS InciWeb Interagency Command"
      }
    },
    {
      "type": "Feature",
      "id": "WF_CALFIRE_INCIDENT_2026_0055",
      "geometry": {
        "type": "Point",
        "coordinates": [
          -120.1728,
          36.3016
        ]
      },
      "properties": {
        "source_record_id": "CALFIRE_INC_2026_0055",
        "observed_at": "2026-04-10T13:34:00Z",
        "claim_class": "non_industrial",
        "confidence": 1.0,
        "country": "USA",
        "region": "California",
        "fire_regime": "forest_natural",
        "tier": "TIER_A_AUTHORITATIVE",
        "incident_name": "California Wildland Fire Incident #155",
        "agency": "CAL FIRE / USFS InciWeb Interagency Command"
      }
    },
    {
      "type": "Feature",
      "id": "WF_CALFIRE_INCIDENT_2026_0056",
      "geometry": {
        "type": "Point",
        "coordinates": [
          -120.5296,
          37.6312
        ]
      },
      "properties": {
        "source_record_id": "CALFIRE_INC_2026_0056",
        "observed_at": "2026-04-11T07:17:00Z",
        "claim_class": "non_industrial",
        "confidence": 1.0,
        "country": "USA",
        "region": "California",
        "fire_regime": "forest_natural",
        "tier": "TIER_A_AUTHORITATIVE",
        "incident_name": "California Wildland Fire Incident #156",
        "agency": "CAL FIRE / USFS InciWeb Interagency Command"
      }
    },
    {
      "type": "Feature",
      "id": "WF_CALFIRE_INCIDENT_2026_0057",
      "geometry": {
        "type": "Point",
        "coordinates": [
          -120.696,
          36.0208
        ]
      },
      "properties": {
        "source_record_id": "CALFIRE_INC_2026_0057",
        "observed_at": "2026-04-12T01:00:00Z",
        "claim_class": "non_industrial",
        "confidence": 1.0,
        "country": "USA",
        "region": "California",
        "fire_regime": "forest_natural",
        "tier": "TIER_A_AUTHORITATIVE",
        "incident_name": "California Wildland Fire Incident #157",
        "agency": "CAL FIRE / USFS InciWeb Interagency Command"
      }
    },
    {
      "type": "Feature",
      "id": "WF_CALFIRE_INCIDENT_2026_0058",
      "geometry": {
        "type": "Point",
        "coordinates": [
          -119.8096,
          36.0136
        ]
      },
      "properties": {
        "source_record_id": "CALFIRE_INC_2026_0058",
        "observed_at": "2026-04-12T19:51:00Z",
        "claim_class": "non_industrial",
        "confidence": 1.0,
        "country": "USA",
        "region": "California",
        "fire_regime": "forest_natural",
        "tier": "TIER_A_AUTHORITATIVE",
        "incident_name": "California Wildland Fire Incident #158",
        "agency": "CAL FIRE / USFS InciWeb Interagency Command"
      }
    },
    {
      "type": "Feature",
      "id": "WF_CALFIRE_INCIDENT_2026_0059",
      "geometry": {
        "type": "Point",
        "coordinates": [
          -120.2016,
          37.504
        ]
      },
      "properties": {
        "source_record_id": "CALFIRE_INC_2026_0059",
        "observed_at": "2026-04-13T13:34:00Z",
        "claim_class": "non_industrial",
        "confidence": 1.0,
        "country": "USA",
        "region": "California",
        "fire_regime": "forest_natural",
        "tier": "TIER_A_AUTHORITATIVE",
        "incident_name": "California Wildland Fire Incident #159",
        "agency": "CAL FIRE / USFS InciWeb Interagency Command"
      }
    },
    {
      "type": "Feature",
      "id": "WF_CALFIRE_INCIDENT_2026_0060",
      "geometry": {
        "type": "Point",
        "coordinates": [
          -119.368,
          37.456
        ]
      },
      "properties": {
        "source_record_id": "CALFIRE_INC_2026_0060",
        "observed_at": "2026-04-14T07:17:00Z",
        "claim_class": "non_industrial",
        "confidence": 1.0,
        "country": "USA",
        "region": "California",
        "fire_regime": "forest_natural",
        "tier": "TIER_A_AUTHORITATIVE",
        "incident_name": "California Wildland Fire Incident #160",
        "agency": "CAL FIRE / USFS InciWeb Interagency Command"
      }
    },
    {
      "type": "Feature",
      "id": "WF_CALFIRE_INCIDENT_2026_0061",
      "geometry": {
        "type": "Point",
        "coordinates": [
          -119.7024,
          36.9448
        ]
      },
      "properties": {
        "source_record_id": "CALFIRE_INC_2026_0061",
        "observed_at": "2026-04-15T01:00:00Z",
        "claim_class": "non_industrial",
        "confidence": 1.0,
        "country": "USA",
        "region": "California",
        "fire_regime": "forest_natural",
        "tier": "TIER_A_AUTHORITATIVE",
        "incident_name": "California Wildland Fire Incident #161",
        "agency": "CAL FIRE / USFS InciWeb Interagency Command"
      }
    },
    {
      "type": "Feature",
      "id": "WF_CALFIRE_INCIDENT_2026_0062",
      "geometry": {
        "type": "Point",
        "coordinates": [
          -119.2304,
          37.7656
        ]
      },
      "properties": {
        "source_record_id": "CALFIRE_INC_2026_0062",
        "observed_at": "2026-04-15T19:51:00Z",
        "claim_class": "non_industrial",
        "confidence": 1.0,
        "country": "USA",
        "region": "California",
        "fire_regime": "forest_natural",
        "tier": "TIER_A_AUTHORITATIVE",
        "incident_name": "California Wildland Fire Incident #162",
        "agency": "CAL FIRE / USFS InciWeb Interagency Command"
      }
    },
    {
      "type": "Feature",
      "id": "WF_CALFIRE_INCIDENT_2026_0063",
      "geometry": {
        "type": "Point",
        "coordinates": [
          -119.8976,
          37.8928
        ]
      },
      "properties": {
        "source_record_id": "CALFIRE_INC_2026_0063",
        "observed_at": "2026-04-16T13:34:00Z",
        "claim_class": "non_industrial",
        "confidence": 1.0,
        "country": "USA",
        "region": "California",
        "fire_regime": "forest_natural",
        "tier": "TIER_A_AUTHORITATIVE",
        "incident_name": "California Wildland Fire Incident #163",
        "agency": "CAL FIRE / USFS InciWeb Interagency Command"
      }
    },
    {
      "type": "Feature",
      "id": "WF_CALFIRE_INCIDENT_2026_0064",
      "geometry": {
        "type": "Point",
        "coordinates": [
          -120.5296,
          37.3408
        ]
      },
      "properties": {
        "source_record_id": "CALFIRE_INC_2026_0064",
        "observed_at": "2026-04-17T07:17:00Z",
        "claim_class": "non_industrial",
        "confidence": 1.0,
        "country": "USA",
        "region": "California",
        "fire_regime": "forest_natural",
        "tier": "TIER_A_AUTHORITATIVE",
        "incident_name": "California Wildland Fire Incident #164",
        "agency": "CAL FIRE / USFS InciWeb Interagency Command"
      }
    },
    {
      "type": "Feature",
      "id": "WF_CALFIRE_INCIDENT_2026_0065",
      "geometry": {
        "type": "Point",
        "coordinates": [
          -119.6816,
          38.032
        ]
      },
      "properties": {
        "source_record_id": "CALFIRE_INC_2026_0065",
        "observed_at": "2026-04-18T01:00:00Z",
        "claim_class": "non_industrial",
        "confidence": 1.0,
        "country": "USA",
        "region": "California",
        "fire_regime": "forest_natural",
        "tier": "TIER_A_AUTHORITATIVE",
        "incident_name": "California Wildland Fire Incident #165",
        "agency": "CAL FIRE / USFS InciWeb Interagency Command"
      }
    },
    {
      "type": "Feature",
      "id": "WF_CALFIRE_INCIDENT_2026_0066",
      "geometry": {
        "type": "Point",
        "coordinates": [
          -120.4224,
          36.7936
        ]
      },
      "properties": {
        "source_record_id": "CALFIRE_INC_2026_0066",
        "observed_at": "2026-04-18T19:51:00Z",
        "claim_class": "non_industrial",
        "confidence": 1.0,
        "country": "USA",
        "region": "California",
        "fire_regime": "forest_natural",
        "tier": "TIER_A_AUTHORITATIVE",
        "incident_name": "California Wildland Fire Incident #166",
        "agency": "CAL FIRE / USFS InciWeb Interagency Command"
      }
    },
    {
      "type": "Feature",
      "id": "WF_CALFIRE_INCIDENT_2026_0067",
      "geometry": {
        "type": "Point",
        "coordinates": [
          -120.2592,
          38.0296
        ]
      },
      "properties": {
        "source_record_id": "CALFIRE_INC_2026_0067",
        "observed_at": "2026-04-19T13:34:00Z",
        "claim_class": "non_industrial",
        "confidence": 1.0,
        "country": "USA",
        "region": "California",
        "fire_regime": "forest_natural",
        "tier": "TIER_A_AUTHORITATIVE",
        "incident_name": "California Wildland Fire Incident #167",
        "agency": "CAL FIRE / USFS InciWeb Interagency Command"
      }
    },
    {
      "type": "Feature",
      "id": "WF_CALFIRE_INCIDENT_2026_0068",
      "geometry": {
        "type": "Point",
        "coordinates": [
          -119.7792,
          37.0432
        ]
      },
      "properties": {
        "source_record_id": "CALFIRE_INC_2026_0068",
        "observed_at": "2026-04-20T07:17:00Z",
        "claim_class": "non_industrial",
        "confidence": 1.0,
        "country": "USA",
        "region": "California",
        "fire_regime": "forest_natural",
        "tier": "TIER_A_AUTHORITATIVE",
        "incident_name": "California Wildland Fire Incident #168",
        "agency": "CAL FIRE / USFS InciWeb Interagency Command"
      }
    },
    {
      "type": "Feature",
      "id": "WF_CALFIRE_INCIDENT_2026_0069",
      "geometry": {
        "type": "Point",
        "coordinates": [
          -119.352,
          36.052
        ]
      },
      "properties": {
        "source_record_id": "CALFIRE_INC_2026_0069",
        "observed_at": "2026-04-21T01:00:00Z",
        "claim_class": "non_industrial",
        "confidence": 1.0,
        "country": "USA",
        "region": "California",
        "fire_regime": "forest_natural",
        "tier": "TIER_A_AUTHORITATIVE",
        "incident_name": "California Wildland Fire Incident #169",
        "agency": "CAL FIRE / USFS InciWeb Interagency Command"
      }
    },
    {
      "type": "Feature",
      "id": "WF_CALFIRE_INCIDENT_2026_0070",
      "geometry": {
        "type": "Point",
        "coordinates": [
          -119.6592,
          36.5704
        ]
      },
      "properties": {
        "source_record_id": "CALFIRE_INC_2026_0070",
        "observed_at": "2026-04-21T19:51:00Z",
        "claim_class": "non_industrial",
        "confidence": 1.0,
        "country": "USA",
        "region": "California",
        "fire_regime": "forest_natural",
        "tier": "TIER_A_AUTHORITATIVE",
        "incident_name": "California Wildland Fire Incident #170",
        "agency": "CAL FIRE / USFS InciWeb Interagency Command"
      }
    },
    {
      "type": "Feature",
      "id": "WF_CALFIRE_INCIDENT_2026_0071",
      "geometry": {
        "type": "Point",
        "coordinates": [
          -120.4944,
          35.8672
        ]
      },
      "properties": {
        "source_record_id": "CALFIRE_INC_2026_0071",
        "observed_at": "2026-04-22T13:34:00Z",
        "claim_class": "non_industrial",
        "confidence": 1.0,
        "country": "USA",
        "region": "California",
        "fire_regime": "forest_natural",
        "tier": "TIER_A_AUTHORITATIVE",
        "incident_name": "California Wildland Fire Incident #171",
        "agency": "CAL FIRE / USFS InciWeb Interagency Command"
      }
    },
    {
      "type": "Feature",
      "id": "WF_CALFIRE_INCIDENT_2026_0072",
      "geometry": {
        "type": "Point",
        "coordinates": [
          -120.0576,
          38.0296
        ]
      },
      "properties": {
        "source_record_id": "CALFIRE_INC_2026_0072",
        "observed_at": "2026-04-23T07:17:00Z",
        "claim_class": "non_industrial",
        "confidence": 1.0,
        "country": "USA",
        "region": "California",
        "fire_regime": "forest_natural",
        "tier": "TIER_A_AUTHORITATIVE",
        "incident_name": "California Wildland Fire Incident #172",
        "agency": "CAL FIRE / USFS InciWeb Interagency Command"
      }
    },
    {
      "type": "Feature",
      "id": "WF_CALFIRE_INCIDENT_2026_0073",
      "geometry": {
        "type": "Point",
        "coordinates": [
          -120.7888,
          35.8504
        ]
      },
      "properties": {
        "source_record_id": "CALFIRE_INC_2026_0073",
        "observed_at": "2026-04-24T01:00:00Z",
        "claim_class": "non_industrial",
        "confidence": 1.0,
        "country": "USA",
        "region": "California",
        "fire_regime": "forest_natural",
        "tier": "TIER_A_AUTHORITATIVE",
        "incident_name": "California Wildland Fire Incident #173",
        "agency": "CAL FIRE / USFS InciWeb Interagency Command"
      }
    },
    {
      "type": "Feature",
      "id": "WF_CALFIRE_INCIDENT_2026_0074",
      "geometry": {
        "type": "Point",
        "coordinates": [
          -119.408,
          35.824
        ]
      },
      "properties": {
        "source_record_id": "CALFIRE_INC_2026_0074",
        "observed_at": "2026-04-24T19:51:00Z",
        "claim_class": "non_industrial",
        "confidence": 1.0,
        "country": "USA",
        "region": "California",
        "fire_regime": "forest_natural",
        "tier": "TIER_A_AUTHORITATIVE",
        "incident_name": "California Wildland Fire Incident #174",
        "agency": "CAL FIRE / USFS InciWeb Interagency Command"
      }
    },
    {
      "type": "Feature",
      "id": "WF_CALFIRE_INCIDENT_2026_0075",
      "geometry": {
        "type": "Point",
        "coordinates": [
          -120.552,
          36.3232
        ]
      },
      "properties": {
        "source_record_id": "CALFIRE_INC_2026_0075",
        "observed_at": "2026-04-25T13:34:00Z",
        "claim_class": "non_industrial",
        "confidence": 1.0,
        "country": "USA",
        "region": "California",
        "fire_regime": "forest_natural",
        "tier": "TIER_A_AUTHORITATIVE",
        "incident_name": "California Wildland Fire Incident #175",
        "agency": "CAL FIRE / USFS InciWeb Interagency Command"
      }
    },
    {
      "type": "Feature",
      "id": "WF_CALFIRE_INCIDENT_2026_0076",
      "geometry": {
        "type": "Point",
        "coordinates": [
          -119.4608,
          36.0208
        ]
      },
      "properties": {
        "source_record_id": "CALFIRE_INC_2026_0076",
        "observed_at": "2026-04-26T07:17:00Z",
        "claim_class": "non_industrial",
        "confidence": 1.0,
        "country": "USA",
        "region": "California",
        "fire_regime": "forest_natural",
        "tier": "TIER_A_AUTHORITATIVE",
        "incident_name": "California Wildland Fire Incident #176",
        "agency": "CAL FIRE / USFS InciWeb Interagency Command"
      }
    },
    {
      "type": "Feature",
      "id": "WF_CALFIRE_INCIDENT_2026_0077",
      "geometry": {
        "type": "Point",
        "coordinates": [
          -119.7984,
          37.24
        ]
      },
      "properties": {
        "source_record_id": "CALFIRE_INC_2026_0077",
        "observed_at": "2026-04-27T01:00:00Z",
        "claim_class": "non_industrial",
        "confidence": 1.0,
        "country": "USA",
        "region": "California",
        "fire_regime": "forest_natural",
        "tier": "TIER_A_AUTHORITATIVE",
        "incident_name": "California Wildland Fire Incident #177",
        "agency": "CAL FIRE / USFS InciWeb Interagency Command"
      }
    },
    {
      "type": "Feature",
      "id": "WF_CALFIRE_INCIDENT_2026_0078",
      "geometry": {
        "type": "Point",
        "coordinates": [
          -119.8576,
          35.8288
        ]
      },
      "properties": {
        "source_record_id": "CALFIRE_INC_2026_0078",
        "observed_at": "2026-04-27T19:51:00Z",
        "claim_class": "non_industrial",
        "confidence": 1.0,
        "country": "USA",
        "region": "California",
        "fire_regime": "forest_natural",
        "tier": "TIER_A_AUTHORITATIVE",
        "incident_name": "California Wildland Fire Incident #178",
        "agency": "CAL FIRE / USFS InciWeb Interagency Command"
      }
    },
    {
      "type": "Feature",
      "id": "WF_CALFIRE_INCIDENT_2026_0079",
      "geometry": {
        "type": "Point",
        "coordinates": [
          -120.1328,
          38.0776
        ]
      },
      "properties": {
        "source_record_id": "CALFIRE_INC_2026_0079",
        "observed_at": "2026-04-28T13:34:00Z",
        "claim_class": "non_industrial",
        "confidence": 1.0,
        "country": "USA",
        "region": "California",
        "fire_regime": "forest_natural",
        "tier": "TIER_A_AUTHORITATIVE",
        "incident_name": "California Wildland Fire Incident #179",
        "agency": "CAL FIRE / USFS InciWeb Interagency Command"
      }
    },
    {
      "type": "Feature",
      "id": "WF_CALFIRE_INCIDENT_2026_0080",
      "geometry": {
        "type": "Point",
        "coordinates": [
          -120.3808,
          37.6936
        ]
      },
      "properties": {
        "source_record_id": "CALFIRE_INC_2026_0080",
        "observed_at": "2026-04-29T07:17:00Z",
        "claim_class": "non_industrial",
        "confidence": 1.0,
        "country": "USA",
        "region": "California",
        "fire_regime": "forest_natural",
        "tier": "TIER_A_AUTHORITATIVE",
        "incident_name": "California Wildland Fire Incident #180",
        "agency": "CAL FIRE / USFS InciWeb Interagency Command"
      }
    },
    {
      "type": "Feature",
      "id": "WF_CALFIRE_INCIDENT_2026_0081",
      "geometry": {
        "type": "Point",
        "coordinates": [
          -119.272,
          38.0584
        ]
      },
      "properties": {
        "source_record_id": "CALFIRE_INC_2026_0081",
        "observed_at": "2026-04-30T01:00:00Z",
        "claim_class": "non_industrial",
        "confidence": 1.0,
        "country": "USA",
        "region": "California",
        "fire_regime": "forest_natural",
        "tier": "TIER_A_AUTHORITATIVE",
        "incident_name": "California Wildland Fire Incident #181",
        "agency": "CAL FIRE / USFS InciWeb Interagency Command"
      }
    },
    {
      "type": "Feature",
      "id": "WF_CALFIRE_INCIDENT_2026_0082",
      "geometry": {
        "type": "Point",
        "coordinates": [
          -120.0368,
          36.1312
        ]
      },
      "properties": {
        "source_record_id": "CALFIRE_INC_2026_0082",
        "observed_at": "2026-04-30T19:51:00Z",
        "claim_class": "non_industrial",
        "confidence": 1.0,
        "country": "USA",
        "region": "California",
        "fire_regime": "forest_natural",
        "tier": "TIER_A_AUTHORITATIVE",
        "incident_name": "California Wildland Fire Incident #182",
        "agency": "CAL FIRE / USFS InciWeb Interagency Command"
      }
    },
    {
      "type": "Feature",
      "id": "WF_CALFIRE_INCIDENT_2026_0083",
      "geometry": {
        "type": "Point",
        "coordinates": [
          -119.9936,
          37.1872
        ]
      },
      "properties": {
        "source_record_id": "CALFIRE_INC_2026_0083",
        "observed_at": "2026-05-01T13:34:00Z",
        "claim_class": "non_industrial",
        "confidence": 1.0,
        "country": "USA",
        "region": "California",
        "fire_regime": "forest_natural",
        "tier": "TIER_A_AUTHORITATIVE",
        "incident_name": "California Wildland Fire Incident #183",
        "agency": "CAL FIRE / USFS InciWeb Interagency Command"
      }
    },
    {
      "type": "Feature",
      "id": "WF_CALFIRE_INCIDENT_2026_0084",
      "geometry": {
        "type": "Point",
        "coordinates": [
          -119.8656,
          37.0768
        ]
      },
      "properties": {
        "source_record_id": "CALFIRE_INC_2026_0084",
        "observed_at": "2026-05-02T07:17:00Z",
        "claim_class": "non_industrial",
        "confidence": 1.0,
        "country": "USA",
        "region": "California",
        "fire_regime": "forest_natural",
        "tier": "TIER_A_AUTHORITATIVE",
        "incident_name": "California Wildland Fire Incident #184",
        "agency": "CAL FIRE / USFS InciWeb Interagency Command"
      }
    },
    {
      "type": "Feature",
      "id": "WF_CALFIRE_INCIDENT_2026_0085",
      "geometry": {
        "type": "Point",
        "coordinates": [
          -120.3392,
          37.564
        ]
      },
      "properties": {
        "source_record_id": "CALFIRE_INC_2026_0085",
        "observed_at": "2026-05-03T01:00:00Z",
        "claim_class": "non_industrial",
        "confidence": 1.0,
        "country": "USA",
        "region": "California",
        "fire_regime": "forest_natural",
        "tier": "TIER_A_AUTHORITATIVE",
        "incident_name": "California Wildland Fire Incident #185",
        "agency": "CAL FIRE / USFS InciWeb Interagency Command"
      }
    },
    {
      "type": "Feature",
      "id": "WF_CALFIRE_INCIDENT_2026_0086",
      "geometry": {
        "type": "Point",
        "coordinates": [
          -119.4752,
          36.5032
        ]
      },
      "properties": {
        "source_record_id": "CALFIRE_INC_2026_0086",
        "observed_at": "2026-05-03T19:51:00Z",
        "claim_class": "non_industrial",
        "confidence": 1.0,
        "country": "USA",
        "region": "California",
        "fire_regime": "forest_natural",
        "tier": "TIER_A_AUTHORITATIVE",
        "incident_name": "California Wildland Fire Incident #186",
        "agency": "CAL FIRE / USFS InciWeb Interagency Command"
      }
    },
    {
      "type": "Feature",
      "id": "WF_CALFIRE_INCIDENT_2026_0087",
      "geometry": {
        "type": "Point",
        "coordinates": [
          -120.5536,
          37.0504
        ]
      },
      "properties": {
        "source_record_id": "CALFIRE_INC_2026_0087",
        "observed_at": "2026-05-04T13:34:00Z",
        "claim_class": "non_industrial",
        "confidence": 1.0,
        "country": "USA",
        "region": "California",
        "fire_regime": "forest_natural",
        "tier": "TIER_A_AUTHORITATIVE",
        "incident_name": "California Wildland Fire Incident #187",
        "agency": "CAL FIRE / USFS InciWeb Interagency Command"
      }
    },
    {
      "type": "Feature",
      "id": "WF_CALFIRE_INCIDENT_2026_0088",
      "geometry": {
        "type": "Point",
        "coordinates": [
          -119.9904,
          37.0792
        ]
      },
      "properties": {
        "source_record_id": "CALFIRE_INC_2026_0088",
        "observed_at": "2026-05-05T07:17:00Z",
        "claim_class": "non_industrial",
        "confidence": 1.0,
        "country": "USA",
        "region": "California",
        "fire_regime": "forest_natural",
        "tier": "TIER_A_AUTHORITATIVE",
        "incident_name": "California Wildland Fire Incident #188",
        "agency": "CAL FIRE / USFS InciWeb Interagency Command"
      }
    },
    {
      "type": "Feature",
      "id": "WF_CALFIRE_INCIDENT_2026_0089",
      "geometry": {
        "type": "Point",
        "coordinates": [
          -119.7296,
          36.172
        ]
      },
      "properties": {
        "source_record_id": "CALFIRE_INC_2026_0089",
        "observed_at": "2026-05-06T01:00:00Z",
        "claim_class": "non_industrial",
        "confidence": 1.0,
        "country": "USA",
        "region": "California",
        "fire_regime": "forest_natural",
        "tier": "TIER_A_AUTHORITATIVE",
        "incident_name": "California Wildland Fire Incident #189",
        "agency": "CAL FIRE / USFS InciWeb Interagency Command"
      }
    },
    {
      "type": "Feature",
      "id": "WF_CALFIRE_INCIDENT_2026_0090",
      "geometry": {
        "type": "Point",
        "coordinates": [
          -119.7408,
          37.24
        ]
      },
      "properties": {
        "source_record_id": "CALFIRE_INC_2026_0090",
        "observed_at": "2026-05-06T19:51:00Z",
        "claim_class": "non_industrial",
        "confidence": 1.0,
        "country": "USA",
        "region": "California",
        "fire_regime": "forest_natural",
        "tier": "TIER_A_AUTHORITATIVE",
        "incident_name": "California Wildland Fire Incident #190",
        "agency": "CAL FIRE / USFS InciWeb Interagency Command"
      }
    },
    {
      "type": "Feature",
      "id": "WF_CALFIRE_INCIDENT_2026_0091",
      "geometry": {
        "type": "Point",
        "coordinates": [
          -119.8624,
          36.5248
        ]
      },
      "properties": {
        "source_record_id": "CALFIRE_INC_2026_0091",
        "observed_at": "2026-05-07T13:34:00Z",
        "claim_class": "non_industrial",
        "confidence": 1.0,
        "country": "USA",
        "region": "California",
        "fire_regime": "forest_natural",
        "tier": "TIER_A_AUTHORITATIVE",
        "incident_name": "California Wildland Fire Incident #191",
        "agency": "CAL FIRE / USFS InciWeb Interagency Command"
      }
    },
    {
      "type": "Feature",
      "id": "WF_CALFIRE_INCIDENT_2026_0092",
      "geometry": {
        "type": "Point",
        "coordinates": [
          -119.8032,
          37.5448
        ]
      },
      "properties": {
        "source_record_id": "CALFIRE_INC_2026_0092",
        "observed_at": "2026-05-08T07:17:00Z",
        "claim_class": "non_industrial",
        "confidence": 1.0,
        "country": "USA",
        "region": "California",
        "fire_regime": "forest_natural",
        "tier": "TIER_A_AUTHORITATIVE",
        "incident_name": "California Wildland Fire Incident #192",
        "agency": "CAL FIRE / USFS InciWeb Interagency Command"
      }
    },
    {
      "type": "Feature",
      "id": "WF_CALFIRE_INCIDENT_2026_0093",
      "geometry": {
        "type": "Point",
        "coordinates": [
          -120.5216,
          36.6736
        ]
      },
      "properties": {
        "source_record_id": "CALFIRE_INC_2026_0093",
        "observed_at": "2026-05-09T01:00:00Z",
        "claim_class": "non_industrial",
        "confidence": 1.0,
        "country": "USA",
        "region": "California",
        "fire_regime": "forest_natural",
        "tier": "TIER_A_AUTHORITATIVE",
        "incident_name": "California Wildland Fire Incident #193",
        "agency": "CAL FIRE / USFS InciWeb Interagency Command"
      }
    },
    {
      "type": "Feature",
      "id": "WF_CALFIRE_INCIDENT_2026_0094",
      "geometry": {
        "type": "Point",
        "coordinates": [
          -120.3872,
          37.3168
        ]
      },
      "properties": {
        "source_record_id": "CALFIRE_INC_2026_0094",
        "observed_at": "2026-05-09T19:51:00Z",
        "claim_class": "non_industrial",
        "confidence": 1.0,
        "country": "USA",
        "region": "California",
        "fire_regime": "forest_natural",
        "tier": "TIER_A_AUTHORITATIVE",
        "incident_name": "California Wildland Fire Incident #194",
        "agency": "CAL FIRE / USFS InciWeb Interagency Command"
      }
    },
    {
      "type": "Feature",
      "id": "WF_CALFIRE_INCIDENT_2026_0095",
      "geometry": {
        "type": "Point",
        "coordinates": [
          -119.88,
          37.732
        ]
      },
      "properties": {
        "source_record_id": "CALFIRE_INC_2026_0095",
        "observed_at": "2026-05-10T13:34:00Z",
        "claim_class": "non_industrial",
        "confidence": 1.0,
        "country": "USA",
        "region": "California",
        "fire_regime": "forest_natural",
        "tier": "TIER_A_AUTHORITATIVE",
        "incident_name": "California Wildland Fire Incident #195",
        "agency": "CAL FIRE / USFS InciWeb Interagency Command"
      }
    },
    {
      "type": "Feature",
      "id": "WF_CALFIRE_INCIDENT_2026_0096",
      "geometry": {
        "type": "Point",
        "coordinates": [
          -120.312,
          37.7872
        ]
      },
      "properties": {
        "source_record_id": "CALFIRE_INC_2026_0096",
        "observed_at": "2026-05-11T07:17:00Z",
        "claim_class": "non_industrial",
        "confidence": 1.0,
        "country": "USA",
        "region": "California",
        "fire_regime": "forest_natural",
        "tier": "TIER_A_AUTHORITATIVE",
        "incident_name": "California Wildland Fire Incident #196",
        "agency": "CAL FIRE / USFS InciWeb Interagency Command"
      }
    },
    {
      "type": "Feature",
      "id": "WF_CALFIRE_INCIDENT_2026_0097",
      "geometry": {
        "type": "Point",
        "coordinates": [
          -119.7776,
          37.7296
        ]
      },
      "properties": {
        "source_record_id": "CALFIRE_INC_2026_0097",
        "observed_at": "2026-05-12T01:00:00Z",
        "claim_class": "non_industrial",
        "confidence": 1.0,
        "country": "USA",
        "region": "California",
        "fire_regime": "forest_natural",
        "tier": "TIER_A_AUTHORITATIVE",
        "incident_name": "California Wildland Fire Incident #197",
        "agency": "CAL FIRE / USFS InciWeb Interagency Command"
      }
    },
    {
      "type": "Feature",
      "id": "WF_CALFIRE_INCIDENT_2026_0098",
      "geometry": {
        "type": "Point",
        "coordinates": [
          -120.6416,
          37.9792
        ]
      },
      "properties": {
        "source_record_id": "CALFIRE_INC_2026_0098",
        "observed_at": "2026-05-12T19:51:00Z",
        "claim_class": "non_industrial",
        "confidence": 1.0,
        "country": "USA",
        "region": "California",
        "fire_regime": "forest_natural",
        "tier": "TIER_A_AUTHORITATIVE",
        "incident_name": "California Wildland Fire Incident #198",
        "agency": "CAL FIRE / USFS InciWeb Interagency Command"
      }
    },
    {
      "type": "Feature",
      "id": "WF_CALFIRE_INCIDENT_2026_0099",
      "geometry": {
        "type": "Point",
        "coordinates": [
          -120.0816,
          36.0352
        ]
      },
      "properties": {
        "source_record_id": "CALFIRE_INC_2026_0099",
        "observed_at": "2026-05-13T13:34:00Z",
        "claim_class": "non_industrial",
        "confidence": 1.0,
        "country": "USA",
        "region": "California",
        "fire_regime": "forest_natural",
        "tier": "TIER_A_AUTHORITATIVE",
        "incident_name": "California Wildland Fire Incident #199",
        "agency": "CAL FIRE / USFS InciWeb Interagency Command"
      }
    },
    {
      "type": "Feature",
      "id": "WF_CALFIRE_INCIDENT_2026_0100",
      "geometry": {
        "type": "Point",
        "coordinates": [
          -120.4768,
          37.6024
        ]
      },
      "properties": {
        "source_record_id": "CALFIRE_INC_2026_0100",
        "observed_at": "2026-05-14T07:17:00Z",
        "claim_class": "non_industrial",
        "confidence": 1.0,
        "country": "USA",
        "region": "California",
        "fire_regime": "forest_natural",
        "tier": "TIER_A_AUTHORITATIVE",
        "incident_name": "California Wildland Fire Incident #200",
        "agency": "CAL FIRE / USFS InciWeb Interagency Command"
      }
    },
    {
      "type": "Feature",
      "id": "WF_CALFIRE_INCIDENT_2026_0101",
      "geometry": {
        "type": "Point",
        "coordinates": [
          -120.4048,
          35.9632
        ]
      },
      "properties": {
        "source_record_id": "CALFIRE_INC_2026_0101",
        "observed_at": "2026-05-15T01:00:00Z",
        "claim_class": "non_industrial",
        "confidence": 1.0,
        "country": "USA",
        "region": "California",
        "fire_regime": "forest_natural",
        "tier": "TIER_A_AUTHORITATIVE",
        "incident_name": "California Wildland Fire Incident #201",
        "agency": "CAL FIRE / USFS InciWeb Interagency Command"
      }
    },
    {
      "type": "Feature",
      "id": "WF_CALFIRE_INCIDENT_2026_0102",
      "geometry": {
        "type": "Point",
        "coordinates": [
          -120.0448,
          36.7576
        ]
      },
      "properties": {
        "source_record_id": "CALFIRE_INC_2026_0102",
        "observed_at": "2026-05-15T19:51:00Z",
        "claim_class": "non_industrial",
        "confidence": 1.0,
        "country": "USA",
        "region": "California",
        "fire_regime": "forest_natural",
        "tier": "TIER_A_AUTHORITATIVE",
        "incident_name": "California Wildland Fire Incident #202",
        "agency": "CAL FIRE / USFS InciWeb Interagency Command"
      }
    },
    {
      "type": "Feature",
      "id": "WF_CALFIRE_INCIDENT_2026_0103",
      "geometry": {
        "type": "Point",
        "coordinates": [
          -120.7568,
          36.9208
        ]
      },
      "properties": {
        "source_record_id": "CALFIRE_INC_2026_0103",
        "observed_at": "2026-05-16T13:34:00Z",
        "claim_class": "non_industrial",
        "confidence": 1.0,
        "country": "USA",
        "region": "California",
        "fire_regime": "forest_natural",
        "tier": "TIER_A_AUTHORITATIVE",
        "incident_name": "California Wildland Fire Incident #203",
        "agency": "CAL FIRE / USFS InciWeb Interagency Command"
      }
    },
    {
      "type": "Feature",
      "id": "WF_CALFIRE_INCIDENT_2026_0104",
      "geometry": {
        "type": "Point",
        "coordinates": [
          -120.4544,
          37.5688
        ]
      },
      "properties": {
        "source_record_id": "CALFIRE_INC_2026_0104",
        "observed_at": "2026-05-17T07:17:00Z",
        "claim_class": "non_industrial",
        "confidence": 1.0,
        "country": "USA",
        "region": "California",
        "fire_regime": "forest_natural",
        "tier": "TIER_A_AUTHORITATIVE",
        "incident_name": "California Wildland Fire Incident #204",
        "agency": "CAL FIRE / USFS InciWeb Interagency Command"
      }
    },
    {
      "type": "Feature",
      "id": "WF_CALFIRE_INCIDENT_2026_0105",
      "geometry": {
        "type": "Point",
        "coordinates": [
          -119.3472,
          37.6984
        ]
      },
      "properties": {
        "source_record_id": "CALFIRE_INC_2026_0105",
        "observed_at": "2026-05-18T01:00:00Z",
        "claim_class": "non_industrial",
        "confidence": 1.0,
        "country": "USA",
        "region": "California",
        "fire_regime": "forest_natural",
        "tier": "TIER_A_AUTHORITATIVE",
        "incident_name": "California Wildland Fire Incident #205",
        "agency": "CAL FIRE / USFS InciWeb Interagency Command"
      }
    },
    {
      "type": "Feature",
      "id": "WF_CALFIRE_INCIDENT_2026_0106",
      "geometry": {
        "type": "Point",
        "coordinates": [
          -120.3232,
          37.1584
        ]
      },
      "properties": {
        "source_record_id": "CALFIRE_INC_2026_0106",
        "observed_at": "2026-05-18T19:51:00Z",
        "claim_class": "non_industrial",
        "confidence": 1.0,
        "country": "USA",
        "region": "California",
        "fire_regime": "forest_natural",
        "tier": "TIER_A_AUTHORITATIVE",
        "incident_name": "California Wildland Fire Incident #206",
        "agency": "CAL FIRE / USFS InciWeb Interagency Command"
      }
    },
    {
      "type": "Feature",
      "id": "WF_CALFIRE_INCIDENT_2026_0107",
      "geometry": {
        "type": "Point",
        "coordinates": [
          -120.5424,
          36.4936
        ]
      },
      "properties": {
        "source_record_id": "CALFIRE_INC_2026_0107",
        "observed_at": "2026-05-19T13:34:00Z",
        "claim_class": "non_industrial",
        "confidence": 1.0,
        "country": "USA",
        "region": "California",
        "fire_regime": "forest_natural",
        "tier": "TIER_A_AUTHORITATIVE",
        "incident_name": "California Wildland Fire Incident #207",
        "agency": "CAL FIRE / USFS InciWeb Interagency Command"
      }
    },
    {
      "type": "Feature",
      "id": "WF_CALFIRE_INCIDENT_2026_0108",
      "geometry": {
        "type": "Point",
        "coordinates": [
          -119.8832,
          38.0752
        ]
      },
      "properties": {
        "source_record_id": "CALFIRE_INC_2026_0108",
        "observed_at": "2026-05-20T07:17:00Z",
        "claim_class": "non_industrial",
        "confidence": 1.0,
        "country": "USA",
        "region": "California",
        "fire_regime": "forest_natural",
        "tier": "TIER_A_AUTHORITATIVE",
        "incident_name": "California Wildland Fire Incident #208",
        "agency": "CAL FIRE / USFS InciWeb Interagency Command"
      }
    },
    {
      "type": "Feature",
      "id": "WF_CALFIRE_INCIDENT_2026_0109",
      "geometry": {
        "type": "Point",
        "coordinates": [
          -119.92,
          37.5832
        ]
      },
      "properties": {
        "source_record_id": "CALFIRE_INC_2026_0109",
        "observed_at": "2026-05-21T01:00:00Z",
        "claim_class": "non_industrial",
        "confidence": 1.0,
        "country": "USA",
        "region": "California",
        "fire_regime": "forest_natural",
        "tier": "TIER_A_AUTHORITATIVE",
        "incident_name": "California Wildland Fire Incident #209",
        "agency": "CAL FIRE / USFS InciWeb Interagency Command"
      }
    },
    {
      "type": "Feature",
      "id": "WF_CALFIRE_INCIDENT_2026_0110",
      "geometry": {
        "type": "Point",
        "coordinates": [
          -120.6464,
          37.996
        ]
      },
      "properties": {
        "source_record_id": "CALFIRE_INC_2026_0110",
        "observed_at": "2026-05-21T19:51:00Z",
        "claim_class": "non_industrial",
        "confidence": 1.0,
        "country": "USA",
        "region": "California",
        "fire_regime": "forest_natural",
        "tier": "TIER_A_AUTHORITATIVE",
        "incident_name": "California Wildland Fire Incident #210",
        "agency": "CAL FIRE / USFS InciWeb Interagency Command"
      }
    },
    {
      "type": "Feature",
      "id": "WF_CALFIRE_INCIDENT_2026_0111",
      "geometry": {
        "type": "Point",
        "coordinates": [
          -120.3376,
          38.1136
        ]
      },
      "properties": {
        "source_record_id": "CALFIRE_INC_2026_0111",
        "observed_at": "2026-05-22T13:34:00Z",
        "claim_class": "non_industrial",
        "confidence": 1.0,
        "country": "USA",
        "region": "California",
        "fire_regime": "forest_natural",
        "tier": "TIER_A_AUTHORITATIVE",
        "incident_name": "California Wildland Fire Incident #211",
        "agency": "CAL FIRE / USFS InciWeb Interagency Command"
      }
    },
    {
      "type": "Feature",
      "id": "WF_CALFIRE_INCIDENT_2026_0112",
      "geometry": {
        "type": "Point",
        "coordinates": [
          -120.2432,
          36.9304
        ]
      },
      "properties": {
        "source_record_id": "CALFIRE_INC_2026_0112",
        "observed_at": "2026-05-23T07:17:00Z",
        "claim_class": "non_industrial",
        "confidence": 1.0,
        "country": "USA",
        "region": "California",
        "fire_regime": "forest_natural",
        "tier": "TIER_A_AUTHORITATIVE",
        "incident_name": "California Wildland Fire Incident #212",
        "agency": "CAL FIRE / USFS InciWeb Interagency Command"
      }
    },
    {
      "type": "Feature",
      "id": "WF_CALFIRE_INCIDENT_2026_0113",
      "geometry": {
        "type": "Point",
        "coordinates": [
          -120.6736,
          36.2992
        ]
      },
      "properties": {
        "source_record_id": "CALFIRE_INC_2026_0113",
        "observed_at": "2026-05-24T01:00:00Z",
        "claim_class": "non_industrial",
        "confidence": 1.0,
        "country": "USA",
        "region": "California",
        "fire_regime": "forest_natural",
        "tier": "TIER_A_AUTHORITATIVE",
        "incident_name": "California Wildland Fire Incident #213",
        "agency": "CAL FIRE / USFS InciWeb Interagency Command"
      }
    },
    {
      "type": "Feature",
      "id": "WF_CALFIRE_INCIDENT_2026_0114",
      "geometry": {
        "type": "Point",
        "coordinates": [
          -120.2528,
          37.0888
        ]
      },
      "properties": {
        "source_record_id": "CALFIRE_INC_2026_0114",
        "observed_at": "2026-05-24T19:51:00Z",
        "claim_class": "non_industrial",
        "confidence": 1.0,
        "country": "USA",
        "region": "California",
        "fire_regime": "forest_natural",
        "tier": "TIER_A_AUTHORITATIVE",
        "incident_name": "California Wildland Fire Incident #214",
        "agency": "CAL FIRE / USFS InciWeb Interagency Command"
      }
    },
    {
      "type": "Feature",
      "id": "WF_CALFIRE_INCIDENT_2026_0115",
      "geometry": {
        "type": "Point",
        "coordinates": [
          -119.3168,
          36.3472
        ]
      },
      "properties": {
        "source_record_id": "CALFIRE_INC_2026_0115",
        "observed_at": "2026-05-25T13:34:00Z",
        "claim_class": "non_industrial",
        "confidence": 1.0,
        "country": "USA",
        "region": "California",
        "fire_regime": "forest_natural",
        "tier": "TIER_A_AUTHORITATIVE",
        "incident_name": "California Wildland Fire Incident #215",
        "agency": "CAL FIRE / USFS InciWeb Interagency Command"
      }
    },
    {
      "type": "Feature",
      "id": "WF_CALFIRE_INCIDENT_2026_0116",
      "geometry": {
        "type": "Point",
        "coordinates": [
          -119.7248,
          37.2904
        ]
      },
      "properties": {
        "source_record_id": "CALFIRE_INC_2026_0116",
        "observed_at": "2026-05-26T07:17:00Z",
        "claim_class": "non_industrial",
        "confidence": 1.0,
        "country": "USA",
        "region": "California",
        "fire_regime": "forest_natural",
        "tier": "TIER_A_AUTHORITATIVE",
        "incident_name": "California Wildland Fire Incident #216",
        "agency": "CAL FIRE / USFS InciWeb Interagency Command"
      }
    },
    {
      "type": "Feature",
      "id": "WF_CALFIRE_INCIDENT_2026_0117",
      "geometry": {
        "type": "Point",
        "coordinates": [
          -119.4464,
          36.7144
        ]
      },
      "properties": {
        "source_record_id": "CALFIRE_INC_2026_0117",
        "observed_at": "2026-05-27T01:00:00Z",
        "claim_class": "non_industrial",
        "confidence": 1.0,
        "country": "USA",
        "region": "California",
        "fire_regime": "forest_natural",
        "tier": "TIER_A_AUTHORITATIVE",
        "incident_name": "California Wildland Fire Incident #217",
        "agency": "CAL FIRE / USFS InciWeb Interagency Command"
      }
    },
    {
      "type": "Feature",
      "id": "WF_CALFIRE_INCIDENT_2026_0118",
      "geometry": {
        "type": "Point",
        "coordinates": [
          -120.1472,
          36.1504
        ]
      },
      "properties": {
        "source_record_id": "CALFIRE_INC_2026_0118",
        "observed_at": "2026-05-27T19:51:00Z",
        "claim_class": "non_industrial",
        "confidence": 1.0,
        "country": "USA",
        "region": "California",
        "fire_regime": "forest_natural",
        "tier": "TIER_A_AUTHORITATIVE",
        "incident_name": "California Wildland Fire Incident #218",
        "agency": "CAL FIRE / USFS InciWeb Interagency Command"
      }
    },
    {
      "type": "Feature",
      "id": "WF_CALFIRE_INCIDENT_2026_0119",
      "geometry": {
        "type": "Point",
        "coordinates": [
          -120.512,
          36.8296
        ]
      },
      "properties": {
        "source_record_id": "CALFIRE_INC_2026_0119",
        "observed_at": "2026-05-28T13:34:00Z",
        "claim_class": "non_industrial",
        "confidence": 1.0,
        "country": "USA",
        "region": "California",
        "fire_regime": "forest_natural",
        "tier": "TIER_A_AUTHORITATIVE",
        "incident_name": "California Wildland Fire Incident #219",
        "agency": "CAL FIRE / USFS InciWeb Interagency Command"
      }
    },
    {
      "type": "Feature",
      "id": "WF_CALFIRE_INCIDENT_2026_0120",
      "geometry": {
        "type": "Point",
        "coordinates": [
          -120.0048,
          35.9752
        ]
      },
      "properties": {
        "source_record_id": "CALFIRE_INC_2026_0120",
        "observed_at": "2026-05-29T07:17:00Z",
        "claim_class": "non_industrial",
        "confidence": 1.0,
        "country": "USA",
        "region": "California",
        "fire_regime": "forest_natural",
        "tier": "TIER_A_AUTHORITATIVE",
        "incident_name": "California Wildland Fire Incident #220",
        "agency": "CAL FIRE / USFS InciWeb Interagency Command"
      }
    },
    {
      "type": "Feature",
      "id": "WF_CALFIRE_INCIDENT_2026_0121",
      "geometry": {
        "type": "Point",
        "coordinates": [
          -119.36,
          36.676
        ]
      },
      "properties": {
        "source_record_id": "CALFIRE_INC_2026_0121",
        "observed_at": "2026-05-30T01:00:00Z",
        "claim_class": "non_industrial",
        "confidence": 1.0,
        "country": "USA",
        "region": "California",
        "fire_regime": "forest_natural",
        "tier": "TIER_A_AUTHORITATIVE",
        "incident_name": "California Wildland Fire Incident #221",
        "agency": "CAL FIRE / USFS InciWeb Interagency Command"
      }
    },
    {
      "type": "Feature",
      "id": "WF_CALFIRE_INCIDENT_2026_0122",
      "geometry": {
        "type": "Point",
        "coordinates": [
          -120.6768,
          36.0952
        ]
      },
      "properties": {
        "source_record_id": "CALFIRE_INC_2026_0122",
        "observed_at": "2026-05-30T19:51:00Z",
        "claim_class": "non_industrial",
        "confidence": 1.0,
        "country": "USA",
        "region": "California",
        "fire_regime": "forest_natural",
        "tier": "TIER_A_AUTHORITATIVE",
        "incident_name": "California Wildland Fire Incident #222",
        "agency": "CAL FIRE / USFS InciWeb Interagency Command"
      }
    },
    {
      "type": "Feature",
      "id": "WF_CALFIRE_INCIDENT_2026_0123",
      "geometry": {
        "type": "Point",
        "coordinates": [
          -120.3744,
          37.5544
        ]
      },
      "properties": {
        "source_record_id": "CALFIRE_INC_2026_0123",
        "observed_at": "2026-05-31T13:34:00Z",
        "claim_class": "non_industrial",
        "confidence": 1.0,
        "country": "USA",
        "region": "California",
        "fire_regime": "forest_natural",
        "tier": "TIER_A_AUTHORITATIVE",
        "incident_name": "California Wildland Fire Incident #223",
        "agency": "CAL FIRE / USFS InciWeb Interagency Command"
      }
    },
    {
      "type": "Feature",
      "id": "WF_CALFIRE_INCIDENT_2026_0124",
      "geometry": {
        "type": "Point",
        "coordinates": [
          -119.816,
          36.1792
        ]
      },
      "properties": {
        "source_record_id": "CALFIRE_INC_2026_0124",
        "observed_at": "2026-06-01T07:17:00Z",
        "claim_class": "non_industrial",
        "confidence": 1.0,
        "country": "USA",
        "region": "California",
        "fire_regime": "forest_natural",
        "tier": "TIER_A_AUTHORITATIVE",
        "incident_name": "California Wildland Fire Incident #224",
        "agency": "CAL FIRE / USFS InciWeb Interagency Command"
      }
    },
    {
      "type": "Feature",
      "id": "WF_CALFIRE_INCIDENT_2026_0125",
      "geometry": {
        "type": "Point",
        "coordinates": [
          -119.384,
          38.1472
        ]
      },
      "properties": {
        "source_record_id": "CALFIRE_INC_2026_0125",
        "observed_at": "2026-06-02T01:00:00Z",
        "claim_class": "non_industrial",
        "confidence": 1.0,
        "country": "USA",
        "region": "California",
        "fire_regime": "forest_natural",
        "tier": "TIER_A_AUTHORITATIVE",
        "incident_name": "California Wildland Fire Incident #225",
        "agency": "CAL FIRE / USFS InciWeb Interagency Command"
      }
    },
    {
      "type": "Feature",
      "id": "WF_CALFIRE_INCIDENT_2026_0126",
      "geometry": {
        "type": "Point",
        "coordinates": [
          -119.3504,
          37.8304
        ]
      },
      "properties": {
        "source_record_id": "CALFIRE_INC_2026_0126",
        "observed_at": "2026-06-02T19:51:00Z",
        "claim_class": "non_industrial",
        "confidence": 1.0,
        "country": "USA",
        "region": "California",
        "fire_regime": "forest_natural",
        "tier": "TIER_A_AUTHORITATIVE",
        "incident_name": "California Wildland Fire Incident #226",
        "agency": "CAL FIRE / USFS InciWeb Interagency Command"
      }
    },
    {
      "type": "Feature",
      "id": "WF_CALFIRE_INCIDENT_2026_0127",
      "geometry": {
        "type": "Point",
        "coordinates": [
          -119.7968,
          36.1456
        ]
      },
      "properties": {
        "source_record_id": "CALFIRE_INC_2026_0127",
        "observed_at": "2026-06-03T13:34:00Z",
        "claim_class": "non_industrial",
        "confidence": 1.0,
        "country": "USA",
        "region": "California",
        "fire_regime": "forest_natural",
        "tier": "TIER_A_AUTHORITATIVE",
        "incident_name": "California Wildland Fire Incident #227",
        "agency": "CAL FIRE / USFS InciWeb Interagency Command"
      }
    },
    {
      "type": "Feature",
      "id": "WF_CALFIRE_INCIDENT_2026_0128",
      "geometry": {
        "type": "Point",
        "coordinates": [
          -120.6208,
          36.5608
        ]
      },
      "properties": {
        "source_record_id": "CALFIRE_INC_2026_0128",
        "observed_at": "2026-06-04T07:17:00Z",
        "claim_class": "non_industrial",
        "confidence": 1.0,
        "country": "USA",
        "region": "California",
        "fire_regime": "forest_natural",
        "tier": "TIER_A_AUTHORITATIVE",
        "incident_name": "California Wildland Fire Incident #228",
        "agency": "CAL FIRE / USFS InciWeb Interagency Command"
      }
    },
    {
      "type": "Feature",
      "id": "WF_CALFIRE_INCIDENT_2026_0129",
      "geometry": {
        "type": "Point",
        "coordinates": [
          -119.4544,
          37.4512
        ]
      },
      "properties": {
        "source_record_id": "CALFIRE_INC_2026_0129",
        "observed_at": "2026-06-05T01:00:00Z",
        "claim_class": "non_industrial",
        "confidence": 1.0,
        "country": "USA",
        "region": "California",
        "fire_regime": "forest_natural",
        "tier": "TIER_A_AUTHORITATIVE",
        "incident_name": "California Wildland Fire Incident #229",
        "agency": "CAL FIRE / USFS InciWeb Interagency Command"
      }
    },
    {
      "type": "Feature",
      "id": "WF_CALFIRE_INCIDENT_2026_0130",
      "geometry": {
        "type": "Point",
        "coordinates": [
          -119.3792,
          37.5496
        ]
      },
      "properties": {
        "source_record_id": "CALFIRE_INC_2026_0130",
        "observed_at": "2026-06-05T19:51:00Z",
        "claim_class": "non_industrial",
        "confidence": 1.0,
        "country": "USA",
        "region": "California",
        "fire_regime": "forest_natural",
        "tier": "TIER_A_AUTHORITATIVE",
        "incident_name": "California Wildland Fire Incident #230",
        "agency": "CAL FIRE / USFS InciWeb Interagency Command"
      }
    },
    {
      "type": "Feature",
      "id": "WF_CALFIRE_INCIDENT_2026_0131",
      "geometry": {
        "type": "Point",
        "coordinates": [
          -120.6224,
          36.1504
        ]
      },
      "properties": {
        "source_record_id": "CALFIRE_INC_2026_0131",
        "observed_at": "2026-06-06T13:34:00Z",
        "claim_class": "non_industrial",
        "confidence": 1.0,
        "country": "USA",
        "region": "California",
        "fire_regime": "forest_natural",
        "tier": "TIER_A_AUTHORITATIVE",
        "incident_name": "California Wildland Fire Incident #231",
        "agency": "CAL FIRE / USFS InciWeb Interagency Command"
      }
    },
    {
      "type": "Feature",
      "id": "WF_CALFIRE_INCIDENT_2026_0132",
      "geometry": {
        "type": "Point",
        "coordinates": [
          -120.7808,
          37.6144
        ]
      },
      "properties": {
        "source_record_id": "CALFIRE_INC_2026_0132",
        "observed_at": "2026-06-07T07:17:00Z",
        "claim_class": "non_industrial",
        "confidence": 1.0,
        "country": "USA",
        "region": "California",
        "fire_regime": "forest_natural",
        "tier": "TIER_A_AUTHORITATIVE",
        "incident_name": "California Wildland Fire Incident #232",
        "agency": "CAL FIRE / USFS InciWeb Interagency Command"
      }
    },
    {
      "type": "Feature",
      "id": "WF_CALFIRE_INCIDENT_2026_0133",
      "geometry": {
        "type": "Point",
        "coordinates": [
          -120.3104,
          36.4408
        ]
      },
      "properties": {
        "source_record_id": "CALFIRE_INC_2026_0133",
        "observed_at": "2026-06-08T01:00:00Z",
        "claim_class": "non_industrial",
        "confidence": 1.0,
        "country": "USA",
        "region": "California",
        "fire_regime": "forest_natural",
        "tier": "TIER_A_AUTHORITATIVE",
        "incident_name": "California Wildland Fire Incident #233",
        "agency": "CAL FIRE / USFS InciWeb Interagency Command"
      }
    },
    {
      "type": "Feature",
      "id": "WF_CALFIRE_INCIDENT_2026_0134",
      "geometry": {
        "type": "Point",
        "coordinates": [
          -120.1472,
          36.9664
        ]
      },
      "properties": {
        "source_record_id": "CALFIRE_INC_2026_0134",
        "observed_at": "2026-06-08T19:51:00Z",
        "claim_class": "non_industrial",
        "confidence": 1.0,
        "country": "USA",
        "region": "California",
        "fire_regime": "forest_natural",
        "tier": "TIER_A_AUTHORITATIVE",
        "incident_name": "California Wildland Fire Incident #234",
        "agency": "CAL FIRE / USFS InciWeb Interagency Command"
      }
    },
    {
      "type": "Feature",
      "id": "WF_CALFIRE_INCIDENT_2026_0135",
      "geometry": {
        "type": "Point",
        "coordinates": [
          -119.6768,
          36.4528
        ]
      },
      "properties": {
        "source_record_id": "CALFIRE_INC_2026_0135",
        "observed_at": "2026-06-09T13:34:00Z",
        "claim_class": "non_industrial",
        "confidence": 1.0,
        "country": "USA",
        "region": "California",
        "fire_regime": "forest_natural",
        "tier": "TIER_A_AUTHORITATIVE",
        "incident_name": "California Wildland Fire Incident #235",
        "agency": "CAL FIRE / USFS InciWeb Interagency Command"
      }
    },
    {
      "type": "Feature",
      "id": "WF_CALFIRE_INCIDENT_2026_0136",
      "geometry": {
        "type": "Point",
        "coordinates": [
          -119.2928,
          36.616
        ]
      },
      "properties": {
        "source_record_id": "CALFIRE_INC_2026_0136",
        "observed_at": "2026-06-10T07:17:00Z",
        "claim_class": "non_industrial",
        "confidence": 1.0,
        "country": "USA",
        "region": "California",
        "fire_regime": "forest_natural",
        "tier": "TIER_A_AUTHORITATIVE",
        "incident_name": "California Wildland Fire Incident #236",
        "agency": "CAL FIRE / USFS InciWeb Interagency Command"
      }
    },
    {
      "type": "Feature",
      "id": "WF_CALFIRE_INCIDENT_2026_0137",
      "geometry": {
        "type": "Point",
        "coordinates": [
          -120.2272,
          37.1896
        ]
      },
      "properties": {
        "source_record_id": "CALFIRE_INC_2026_0137",
        "observed_at": "2026-06-11T01:00:00Z",
        "claim_class": "non_industrial",
        "confidence": 1.0,
        "country": "USA",
        "region": "California",
        "fire_regime": "forest_natural",
        "tier": "TIER_A_AUTHORITATIVE",
        "incident_name": "California Wildland Fire Incident #237",
        "agency": "CAL FIRE / USFS InciWeb Interagency Command"
      }
    },
    {
      "type": "Feature",
      "id": "WF_CALFIRE_INCIDENT_2026_0138",
      "geometry": {
        "type": "Point",
        "coordinates": [
          -120.5824,
          36.6712
        ]
      },
      "properties": {
        "source_record_id": "CALFIRE_INC_2026_0138",
        "observed_at": "2026-06-11T19:51:00Z",
        "claim_class": "non_industrial",
        "confidence": 1.0,
        "country": "USA",
        "region": "California",
        "fire_regime": "forest_natural",
        "tier": "TIER_A_AUTHORITATIVE",
        "incident_name": "California Wildland Fire Incident #238",
        "agency": "CAL FIRE / USFS InciWeb Interagency Command"
      }
    },
    {
      "type": "Feature",
      "id": "WF_CALFIRE_INCIDENT_2026_0139",
      "geometry": {
        "type": "Point",
        "coordinates": [
          -120.0464,
          36.5416
        ]
      },
      "properties": {
        "source_record_id": "CALFIRE_INC_2026_0139",
        "observed_at": "2026-06-12T13:34:00Z",
        "claim_class": "non_industrial",
        "confidence": 1.0,
        "country": "USA",
        "region": "California",
        "fire_regime": "forest_natural",
        "tier": "TIER_A_AUTHORITATIVE",
        "incident_name": "California Wildland Fire Incident #239",
        "agency": "CAL FIRE / USFS InciWeb Interagency Command"
      }
    },
    {
      "type": "Feature",
      "id": "WF_CALFIRE_INCIDENT_2026_0140",
      "geometry": {
        "type": "Point",
        "coordinates": [
          -120.3824,
          36.232
        ]
      },
      "properties": {
        "source_record_id": "CALFIRE_INC_2026_0140",
        "observed_at": "2026-06-13T07:17:00Z",
        "claim_class": "non_industrial",
        "confidence": 1.0,
        "country": "USA",
        "region": "California",
        "fire_regime": "forest_natural",
        "tier": "TIER_A_AUTHORITATIVE",
        "incident_name": "California Wildland Fire Incident #240",
        "agency": "CAL FIRE / USFS InciWeb Interagency Command"
      }
    },
    {
      "type": "Feature",
      "id": "WF_CALFIRE_INCIDENT_2026_0141",
      "geometry": {
        "type": "Point",
        "coordinates": [
          -120.2768,
          36.6424
        ]
      },
      "properties": {
        "source_record_id": "CALFIRE_INC_2026_0141",
        "observed_at": "2026-06-14T01:00:00Z",
        "claim_class": "non_industrial",
        "confidence": 1.0,
        "country": "USA",
        "region": "California",
        "fire_regime": "forest_natural",
        "tier": "TIER_A_AUTHORITATIVE",
        "incident_name": "California Wildland Fire Incident #241",
        "agency": "CAL FIRE / USFS InciWeb Interagency Command"
      }
    },
    {
      "type": "Feature",
      "id": "WF_CALFIRE_INCIDENT_2026_0142",
      "geometry": {
        "type": "Point",
        "coordinates": [
          -119.2192,
          37.7824
        ]
      },
      "properties": {
        "source_record_id": "CALFIRE_INC_2026_0142",
        "observed_at": "2026-06-14T19:51:00Z",
        "claim_class": "non_industrial",
        "confidence": 1.0,
        "country": "USA",
        "region": "California",
        "fire_regime": "forest_natural",
        "tier": "TIER_A_AUTHORITATIVE",
        "incident_name": "California Wildland Fire Incident #242",
        "agency": "CAL FIRE / USFS InciWeb Interagency Command"
      }
    },
    {
      "type": "Feature",
      "id": "WF_CALFIRE_INCIDENT_2026_0143",
      "geometry": {
        "type": "Point",
        "coordinates": [
          -120.3008,
          36.0544
        ]
      },
      "properties": {
        "source_record_id": "CALFIRE_INC_2026_0143",
        "observed_at": "2026-06-15T13:34:00Z",
        "claim_class": "non_industrial",
        "confidence": 1.0,
        "country": "USA",
        "region": "California",
        "fire_regime": "forest_natural",
        "tier": "TIER_A_AUTHORITATIVE",
        "incident_name": "California Wildland Fire Incident #243",
        "agency": "CAL FIRE / USFS InciWeb Interagency Command"
      }
    },
    {
      "type": "Feature",
      "id": "WF_CALFIRE_INCIDENT_2026_0144",
      "geometry": {
        "type": "Point",
        "coordinates": [
          -120.5376,
          37.552
        ]
      },
      "properties": {
        "source_record_id": "CALFIRE_INC_2026_0144",
        "observed_at": "2026-06-16T07:17:00Z",
        "claim_class": "non_industrial",
        "confidence": 1.0,
        "country": "USA",
        "region": "California",
        "fire_regime": "forest_natural",
        "tier": "TIER_A_AUTHORITATIVE",
        "incident_name": "California Wildland Fire Incident #244",
        "agency": "CAL FIRE / USFS InciWeb Interagency Command"
      }
    },
    {
      "type": "Feature",
      "id": "WF_CALFIRE_INCIDENT_2026_0145",
      "geometry": {
        "type": "Point",
        "coordinates": [
          -120.3264,
          37.828
        ]
      },
      "properties": {
        "source_record_id": "CALFIRE_INC_2026_0145",
        "observed_at": "2026-06-17T01:00:00Z",
        "claim_class": "non_industrial",
        "confidence": 1.0,
        "country": "USA",
        "region": "California",
        "fire_regime": "forest_natural",
        "tier": "TIER_A_AUTHORITATIVE",
        "incident_name": "California Wildland Fire Incident #245",
        "agency": "CAL FIRE / USFS InciWeb Interagency Command"
      }
    },
    {
      "type": "Feature",
      "id": "WF_CALFIRE_INCIDENT_2026_0146",
      "geometry": {
        "type": "Point",
        "coordinates": [
          -120.2256,
          36.1504
        ]
      },
      "properties": {
        "source_record_id": "CALFIRE_INC_2026_0146",
        "observed_at": "2026-06-17T19:51:00Z",
        "claim_class": "non_industrial",
        "confidence": 1.0,
        "country": "USA",
        "region": "California",
        "fire_regime": "forest_natural",
        "tier": "TIER_A_AUTHORITATIVE",
        "incident_name": "California Wildland Fire Incident #246",
        "agency": "CAL FIRE / USFS InciWeb Interagency Command"
      }
    },
    {
      "type": "Feature",
      "id": "WF_CALFIRE_INCIDENT_2026_0147",
      "geometry": {
        "type": "Point",
        "coordinates": [
          -120.1792,
          38.1256
        ]
      },
      "properties": {
        "source_record_id": "CALFIRE_INC_2026_0147",
        "observed_at": "2026-06-18T13:34:00Z",
        "claim_class": "non_industrial",
        "confidence": 1.0,
        "country": "USA",
        "region": "California",
        "fire_regime": "forest_natural",
        "tier": "TIER_A_AUTHORITATIVE",
        "incident_name": "California Wildland Fire Incident #247",
        "agency": "CAL FIRE / USFS InciWeb Interagency Command"
      }
    },
    {
      "type": "Feature",
      "id": "WF_CALFIRE_INCIDENT_2026_0148",
      "geometry": {
        "type": "Point",
        "coordinates": [
          -119.2528,
          37.0552
        ]
      },
      "properties": {
        "source_record_id": "CALFIRE_INC_2026_0148",
        "observed_at": "2026-06-19T07:17:00Z",
        "claim_class": "non_industrial",
        "confidence": 1.0,
        "country": "USA",
        "region": "California",
        "fire_regime": "forest_natural",
        "tier": "TIER_A_AUTHORITATIVE",
        "incident_name": "California Wildland Fire Incident #248",
        "agency": "CAL FIRE / USFS InciWeb Interagency Command"
      }
    },
    {
      "type": "Feature",
      "id": "WF_CALFIRE_INCIDENT_2026_0149",
      "geometry": {
        "type": "Point",
        "coordinates": [
          -120.2896,
          36.0712
        ]
      },
      "properties": {
        "source_record_id": "CALFIRE_INC_2026_0149",
        "observed_at": "2026-06-20T01:00:00Z",
        "claim_class": "non_industrial",
        "confidence": 1.0,
        "country": "USA",
        "region": "California",
        "fire_regime": "forest_natural",
        "tier": "TIER_A_AUTHORITATIVE",
        "incident_name": "California Wildland Fire Incident #249",
        "agency": "CAL FIRE / USFS InciWeb Interagency Command"
      }
    },
    {
      "type": "Feature",
      "id": "WF_CALFIRE_INCIDENT_2026_0150",
      "geometry": {
        "type": "Point",
        "coordinates": [
          -120.7616,
          36.5632
        ]
      },
      "properties": {
        "source_record_id": "CALFIRE_INC_2026_0150",
        "observed_at": "2026-06-20T19:51:00Z",
        "claim_class": "non_industrial",
        "confidence": 1.0,
        "country": "USA",
        "region": "California",
        "fire_regime": "forest_natural",
        "tier": "TIER_A_AUTHORITATIVE",
        "incident_name": "California Wildland Fire Incident #250",
        "agency": "CAL FIRE / USFS InciWeb Interagency Command"
      }
    },
    {
      "type": "Feature",
      "id": "WF_CALFIRE_INCIDENT_2026_0151",
      "geometry": {
        "type": "Point",
        "coordinates": [
          -119.2224,
          36.1552
        ]
      },
      "properties": {
        "source_record_id": "CALFIRE_INC_2026_0151",
        "observed_at": "2026-06-21T13:34:00Z",
        "claim_class": "non_industrial",
        "confidence": 1.0,
        "country": "USA",
        "region": "California",
        "fire_regime": "forest_natural",
        "tier": "TIER_A_AUTHORITATIVE",
        "incident_name": "California Wildland Fire Incident #251",
        "agency": "CAL FIRE / USFS InciWeb Interagency Command"
      }
    },
    {
      "type": "Feature",
      "id": "WF_CALFIRE_INCIDENT_2026_0152",
      "geometry": {
        "type": "Point",
        "coordinates": [
          -120.048,
          37.4584
        ]
      },
      "properties": {
        "source_record_id": "CALFIRE_INC_2026_0152",
        "observed_at": "2026-06-22T07:17:00Z",
        "claim_class": "non_industrial",
        "confidence": 1.0,
        "country": "USA",
        "region": "California",
        "fire_regime": "forest_natural",
        "tier": "TIER_A_AUTHORITATIVE",
        "incident_name": "California Wildland Fire Incident #252",
        "agency": "CAL FIRE / USFS InciWeb Interagency Command"
      }
    },
    {
      "type": "Feature",
      "id": "WF_CALFIRE_INCIDENT_2026_0153",
      "geometry": {
        "type": "Point",
        "coordinates": [
          -119.8944,
          36.4648
        ]
      },
      "properties": {
        "source_record_id": "CALFIRE_INC_2026_0153",
        "observed_at": "2026-06-23T01:00:00Z",
        "claim_class": "non_industrial",
        "confidence": 1.0,
        "country": "USA",
        "region": "California",
        "fire_regime": "forest_natural",
        "tier": "TIER_A_AUTHORITATIVE",
        "incident_name": "California Wildland Fire Incident #253",
        "agency": "CAL FIRE / USFS InciWeb Interagency Command"
      }
    },
    {
      "type": "Feature",
      "id": "WF_CALFIRE_INCIDENT_2026_0154",
      "geometry": {
        "type": "Point",
        "coordinates": [
          -119.808,
          36.6064
        ]
      },
      "properties": {
        "source_record_id": "CALFIRE_INC_2026_0154",
        "observed_at": "2026-06-23T19:51:00Z",
        "claim_class": "non_industrial",
        "confidence": 1.0,
        "country": "USA",
        "region": "California",
        "fire_regime": "forest_natural",
        "tier": "TIER_A_AUTHORITATIVE",
        "incident_name": "California Wildland Fire Incident #254",
        "agency": "CAL FIRE / USFS InciWeb Interagency Command"
      }
    },
    {
      "type": "Feature",
      "id": "WF_CALFIRE_INCIDENT_2026_0155",
      "geometry": {
        "type": "Point",
        "coordinates": [
          -119.5088,
          37.0456
        ]
      },
      "properties": {
        "source_record_id": "CALFIRE_INC_2026_0155",
        "observed_at": "2026-06-24T13:34:00Z",
        "claim_class": "non_industrial",
        "confidence": 1.0,
        "country": "USA",
        "region": "California",
        "fire_regime": "forest_natural",
        "tier": "TIER_A_AUTHORITATIVE",
        "incident_name": "California Wildland Fire Incident #255",
        "agency": "CAL FIRE / USFS InciWeb Interagency Command"
      }
    },
    {
      "type": "Feature",
      "id": "WF_CALFIRE_INCIDENT_2026_0156",
      "geometry": {
        "type": "Point",
        "coordinates": [
          -119.6864,
          36.232
        ]
      },
      "properties": {
        "source_record_id": "CALFIRE_INC_2026_0156",
        "observed_at": "2026-06-25T07:17:00Z",
        "claim_class": "non_industrial",
        "confidence": 1.0,
        "country": "USA",
        "region": "California",
        "fire_regime": "forest_natural",
        "tier": "TIER_A_AUTHORITATIVE",
        "incident_name": "California Wildland Fire Incident #256",
        "agency": "CAL FIRE / USFS InciWeb Interagency Command"
      }
    },
    {
      "type": "Feature",
      "id": "WF_CALFIRE_INCIDENT_2026_0157",
      "geometry": {
        "type": "Point",
        "coordinates": [
          -120.5088,
          36.148
        ]
      },
      "properties": {
        "source_record_id": "CALFIRE_INC_2026_0157",
        "observed_at": "2026-06-26T01:00:00Z",
        "claim_class": "non_industrial",
        "confidence": 1.0,
        "country": "USA",
        "region": "California",
        "fire_regime": "forest_natural",
        "tier": "TIER_A_AUTHORITATIVE",
        "incident_name": "California Wildland Fire Incident #257",
        "agency": "CAL FIRE / USFS InciWeb Interagency Command"
      }
    },
    {
      "type": "Feature",
      "id": "WF_CALFIRE_INCIDENT_2026_0158",
      "geometry": {
        "type": "Point",
        "coordinates": [
          -120.52,
          38.1664
        ]
      },
      "properties": {
        "source_record_id": "CALFIRE_INC_2026_0158",
        "observed_at": "2026-06-26T19:51:00Z",
        "claim_class": "non_industrial",
        "confidence": 1.0,
        "country": "USA",
        "region": "California",
        "fire_regime": "forest_natural",
        "tier": "TIER_A_AUTHORITATIVE",
        "incident_name": "California Wildland Fire Incident #258",
        "agency": "CAL FIRE / USFS InciWeb Interagency Command"
      }
    },
    {
      "type": "Feature",
      "id": "WF_CALFIRE_INCIDENT_2026_0159",
      "geometry": {
        "type": "Point",
        "coordinates": [
          -120.2016,
          36.9832
        ]
      },
      "properties": {
        "source_record_id": "CALFIRE_INC_2026_0159",
        "observed_at": "2026-06-27T13:34:00Z",
        "claim_class": "non_industrial",
        "confidence": 1.0,
        "country": "USA",
        "region": "California",
        "fire_regime": "forest_natural",
        "tier": "TIER_A_AUTHORITATIVE",
        "incident_name": "California Wildland Fire Incident #259",
        "agency": "CAL FIRE / USFS InciWeb Interagency Command"
      }
    },
    {
      "type": "Feature",
      "id": "WF_CALFIRE_INCIDENT_2026_0160",
      "geometry": {
        "type": "Point",
        "coordinates": [
          -119.5264,
          36.1744
        ]
      },
      "properties": {
        "source_record_id": "CALFIRE_INC_2026_0160",
        "observed_at": "2026-06-28T07:17:00Z",
        "claim_class": "non_industrial",
        "confidence": 1.0,
        "country": "USA",
        "region": "California",
        "fire_regime": "forest_natural",
        "tier": "TIER_A_AUTHORITATIVE",
        "incident_name": "California Wildland Fire Incident #260",
        "agency": "CAL FIRE / USFS InciWeb Interagency Command"
      }
    },
    {
      "type": "Feature",
      "id": "WF_CALFIRE_INCIDENT_2026_0161",
      "geometry": {
        "type": "Point",
        "coordinates": [
          -120.3904,
          37.4416
        ]
      },
      "properties": {
        "source_record_id": "CALFIRE_INC_2026_0161",
        "observed_at": "2026-06-29T01:00:00Z",
        "claim_class": "non_industrial",
        "confidence": 1.0,
        "country": "USA",
        "region": "California",
        "fire_regime": "forest_natural",
        "tier": "TIER_A_AUTHORITATIVE",
        "incident_name": "California Wildland Fire Incident #261",
        "agency": "CAL FIRE / USFS InciWeb Interagency Command"
      }
    },
    {
      "type": "Feature",
      "id": "WF_CALFIRE_INCIDENT_2026_0162",
      "geometry": {
        "type": "Point",
        "coordinates": [
          -120.6624,
          36.6904
        ]
      },
      "properties": {
        "source_record_id": "CALFIRE_INC_2026_0162",
        "observed_at": "2026-06-29T19:51:00Z",
        "claim_class": "non_industrial",
        "confidence": 1.0,
        "country": "USA",
        "region": "California",
        "fire_regime": "forest_natural",
        "tier": "TIER_A_AUTHORITATIVE",
        "incident_name": "California Wildland Fire Incident #262",
        "agency": "CAL FIRE / USFS InciWeb Interagency Command"
      }
    },
    {
      "type": "Feature",
      "id": "WF_CALFIRE_INCIDENT_2026_0163",
      "geometry": {
        "type": "Point",
        "coordinates": [
          -120.4816,
          36.1192
        ]
      },
      "properties": {
        "source_record_id": "CALFIRE_INC_2026_0163",
        "observed_at": "2026-06-30T13:34:00Z",
        "claim_class": "non_industrial",
        "confidence": 1.0,
        "country": "USA",
        "region": "California",
        "fire_regime": "forest_natural",
        "tier": "TIER_A_AUTHORITATIVE",
        "incident_name": "California Wildland Fire Incident #263",
        "agency": "CAL FIRE / USFS InciWeb Interagency Command"
      }
    },
    {
      "type": "Feature",
      "id": "WF_CALFIRE_INCIDENT_2026_0164",
      "geometry": {
        "type": "Point",
        "coordinates": [
          -119.7024,
          36.5008
        ]
      },
      "properties": {
        "source_record_id": "CALFIRE_INC_2026_0164",
        "observed_at": "2026-07-01T07:17:00Z",
        "claim_class": "non_industrial",
        "confidence": 1.0,
        "country": "USA",
        "region": "California",
        "fire_regime": "forest_natural",
        "tier": "TIER_A_AUTHORITATIVE",
        "incident_name": "California Wildland Fire Incident #264",
        "agency": "CAL FIRE / USFS InciWeb Interagency Command"
      }
    },
    {
      "type": "Feature",
      "id": "WF_CALFIRE_INCIDENT_2026_0165",
      "geometry": {
        "type": "Point",
        "coordinates": [
          -119.5808,
          36.1792
        ]
      },
      "properties": {
        "source_record_id": "CALFIRE_INC_2026_0165",
        "observed_at": "2026-07-02T01:00:00Z",
        "claim_class": "non_industrial",
        "confidence": 1.0,
        "country": "USA",
        "region": "California",
        "fire_regime": "forest_natural",
        "tier": "TIER_A_AUTHORITATIVE",
        "incident_name": "California Wildland Fire Incident #265",
        "agency": "CAL FIRE / USFS InciWeb Interagency Command"
      }
    },
    {
      "type": "Feature",
      "id": "WF_CALFIRE_INCIDENT_2026_0166",
      "geometry": {
        "type": "Point",
        "coordinates": [
          -119.6928,
          36.5008
        ]
      },
      "properties": {
        "source_record_id": "CALFIRE_INC_2026_0166",
        "observed_at": "2026-07-02T19:51:00Z",
        "claim_class": "non_industrial",
        "confidence": 1.0,
        "country": "USA",
        "region": "California",
        "fire_regime": "forest_natural",
        "tier": "TIER_A_AUTHORITATIVE",
        "incident_name": "California Wildland Fire Incident #266",
        "agency": "CAL FIRE / USFS InciWeb Interagency Command"
      }
    },
    {
      "type": "Feature",
      "id": "WF_CALFIRE_INCIDENT_2026_0167",
      "geometry": {
        "type": "Point",
        "coordinates": [
          -119.7664,
          36.8944
        ]
      },
      "properties": {
        "source_record_id": "CALFIRE_INC_2026_0167",
        "observed_at": "2026-07-03T13:34:00Z",
        "claim_class": "non_industrial",
        "confidence": 1.0,
        "country": "USA",
        "region": "California",
        "fire_regime": "forest_natural",
        "tier": "TIER_A_AUTHORITATIVE",
        "incident_name": "California Wildland Fire Incident #267",
        "agency": "CAL FIRE / USFS InciWeb Interagency Command"
      }
    },
    {
      "type": "Feature",
      "id": "WF_CALFIRE_INCIDENT_2026_0168",
      "geometry": {
        "type": "Point",
        "coordinates": [
          -119.272,
          37.4464
        ]
      },
      "properties": {
        "source_record_id": "CALFIRE_INC_2026_0168",
        "observed_at": "2026-07-04T07:17:00Z",
        "claim_class": "non_industrial",
        "confidence": 1.0,
        "country": "USA",
        "region": "California",
        "fire_regime": "forest_natural",
        "tier": "TIER_A_AUTHORITATIVE",
        "incident_name": "California Wildland Fire Incident #268",
        "agency": "CAL FIRE / USFS InciWeb Interagency Command"
      }
    },
    {
      "type": "Feature",
      "id": "WF_CALFIRE_INCIDENT_2026_0169",
      "geometry": {
        "type": "Point",
        "coordinates": [
          -119.8496,
          36.2776
        ]
      },
      "properties": {
        "source_record_id": "CALFIRE_INC_2026_0169",
        "observed_at": "2026-07-05T01:00:00Z",
        "claim_class": "non_industrial",
        "confidence": 1.0,
        "country": "USA",
        "region": "California",
        "fire_regime": "forest_natural",
        "tier": "TIER_A_AUTHORITATIVE",
        "incident_name": "California Wildland Fire Incident #269",
        "agency": "CAL FIRE / USFS InciWeb Interagency Command"
      }
    },
    {
      "type": "Feature",
      "id": "WF_CALFIRE_INCIDENT_2026_0170",
      "geometry": {
        "type": "Point",
        "coordinates": [
          -119.9792,
          37.5352
        ]
      },
      "properties": {
        "source_record_id": "CALFIRE_INC_2026_0170",
        "observed_at": "2026-07-05T19:51:00Z",
        "claim_class": "non_industrial",
        "confidence": 1.0,
        "country": "USA",
        "region": "California",
        "fire_regime": "forest_natural",
        "tier": "TIER_A_AUTHORITATIVE",
        "incident_name": "California Wildland Fire Incident #270",
        "agency": "CAL FIRE / USFS InciWeb Interagency Command"
      }
    },
    {
      "type": "Feature",
      "id": "WF_CALFIRE_INCIDENT_2026_0171",
      "geometry": {
        "type": "Point",
        "coordinates": [
          -120.136,
          38.0464
        ]
      },
      "properties": {
        "source_record_id": "CALFIRE_INC_2026_0171",
        "observed_at": "2026-07-06T13:34:00Z",
        "claim_class": "non_industrial",
        "confidence": 1.0,
        "country": "USA",
        "region": "California",
        "fire_regime": "forest_natural",
        "tier": "TIER_A_AUTHORITATIVE",
        "incident_name": "California Wildland Fire Incident #271",
        "agency": "CAL FIRE / USFS InciWeb Interagency Command"
      }
    },
    {
      "type": "Feature",
      "id": "WF_CALFIRE_INCIDENT_2026_0172",
      "geometry": {
        "type": "Point",
        "coordinates": [
          -120.2384,
          35.8888
        ]
      },
      "properties": {
        "source_record_id": "CALFIRE_INC_2026_0172",
        "observed_at": "2026-07-07T07:17:00Z",
        "claim_class": "non_industrial",
        "confidence": 1.0,
        "country": "USA",
        "region": "California",
        "fire_regime": "forest_natural",
        "tier": "TIER_A_AUTHORITATIVE",
        "incident_name": "California Wildland Fire Incident #272",
        "agency": "CAL FIRE / USFS InciWeb Interagency Command"
      }
    },
    {
      "type": "Feature",
      "id": "WF_CALFIRE_INCIDENT_2026_0173",
      "geometry": {
        "type": "Point",
        "coordinates": [
          -120.6064,
          37.6504
        ]
      },
      "properties": {
        "source_record_id": "CALFIRE_INC_2026_0173",
        "observed_at": "2026-07-08T01:00:00Z",
        "claim_class": "non_industrial",
        "confidence": 1.0,
        "country": "USA",
        "region": "California",
        "fire_regime": "forest_natural",
        "tier": "TIER_A_AUTHORITATIVE",
        "incident_name": "California Wildland Fire Incident #273",
        "agency": "CAL FIRE / USFS InciWeb Interagency Command"
      }
    },
    {
      "type": "Feature",
      "id": "WF_CALFIRE_INCIDENT_2026_0174",
      "geometry": {
        "type": "Point",
        "coordinates": [
          -119.6816,
          35.9344
        ]
      },
      "properties": {
        "source_record_id": "CALFIRE_INC_2026_0174",
        "observed_at": "2026-07-08T19:51:00Z",
        "claim_class": "non_industrial",
        "confidence": 1.0,
        "country": "USA",
        "region": "California",
        "fire_regime": "forest_natural",
        "tier": "TIER_A_AUTHORITATIVE",
        "incident_name": "California Wildland Fire Incident #274",
        "agency": "CAL FIRE / USFS InciWeb Interagency Command"
      }
    },
    {
      "type": "Feature",
      "id": "WF_CALFIRE_INCIDENT_2026_0175",
      "geometry": {
        "type": "Point",
        "coordinates": [
          -120.7184,
          37.9624
        ]
      },
      "properties": {
        "source_record_id": "CALFIRE_INC_2026_0175",
        "observed_at": "2026-07-09T13:34:00Z",
        "claim_class": "non_industrial",
        "confidence": 1.0,
        "country": "USA",
        "region": "California",
        "fire_regime": "forest_natural",
        "tier": "TIER_A_AUTHORITATIVE",
        "incident_name": "California Wildland Fire Incident #275",
        "agency": "CAL FIRE / USFS InciWeb Interagency Command"
      }
    },
    {
      "type": "Feature",
      "id": "WF_CALFIRE_INCIDENT_2026_0176",
      "geometry": {
        "type": "Point",
        "coordinates": [
          -119.5664,
          37.2496
        ]
      },
      "properties": {
        "source_record_id": "CALFIRE_INC_2026_0176",
        "observed_at": "2026-07-10T07:17:00Z",
        "claim_class": "non_industrial",
        "confidence": 1.0,
        "country": "USA",
        "region": "California",
        "fire_regime": "forest_natural",
        "tier": "TIER_A_AUTHORITATIVE",
        "incident_name": "California Wildland Fire Incident #276",
        "agency": "CAL FIRE / USFS InciWeb Interagency Command"
      }
    },
    {
      "type": "Feature",
      "id": "WF_CALFIRE_INCIDENT_2026_0177",
      "geometry": {
        "type": "Point",
        "coordinates": [
          -120.5744,
          35.8864
        ]
      },
      "properties": {
        "source_record_id": "CALFIRE_INC_2026_0177",
        "observed_at": "2026-07-11T01:00:00Z",
        "claim_class": "non_industrial",
        "confidence": 1.0,
        "country": "USA",
        "region": "California",
        "fire_regime": "forest_natural",
        "tier": "TIER_A_AUTHORITATIVE",
        "incident_name": "California Wildland Fire Incident #277",
        "agency": "CAL FIRE / USFS InciWeb Interagency Command"
      }
    },
    {
      "type": "Feature",
      "id": "WF_CALFIRE_INCIDENT_2026_0178",
      "geometry": {
        "type": "Point",
        "coordinates": [
          -119.7136,
          37.4704
        ]
      },
      "properties": {
        "source_record_id": "CALFIRE_INC_2026_0178",
        "observed_at": "2026-07-11T19:51:00Z",
        "claim_class": "non_industrial",
        "confidence": 1.0,
        "country": "USA",
        "region": "California",
        "fire_regime": "forest_natural",
        "tier": "TIER_A_AUTHORITATIVE",
        "incident_name": "California Wildland Fire Incident #278",
        "agency": "CAL FIRE / USFS InciWeb Interagency Command"
      }
    },
    {
      "type": "Feature",
      "id": "WF_CALFIRE_INCIDENT_2026_0179",
      "geometry": {
        "type": "Point",
        "coordinates": [
          -119.7056,
          35.8816
        ]
      },
      "properties": {
        "source_record_id": "CALFIRE_INC_2026_0179",
        "observed_at": "2026-07-12T13:34:00Z",
        "claim_class": "non_industrial",
        "confidence": 1.0,
        "country": "USA",
        "region": "California",
        "fire_regime": "forest_natural",
        "tier": "TIER_A_AUTHORITATIVE",
        "incident_name": "California Wildland Fire Incident #279",
        "agency": "CAL FIRE / USFS InciWeb Interagency Command"
      }
    },
    {
      "type": "Feature",
      "id": "WF_CALFIRE_INCIDENT_2026_0180",
      "geometry": {
        "type": "Point",
        "coordinates": [
          -119.376,
          37.6144
        ]
      },
      "properties": {
        "source_record_id": "CALFIRE_INC_2026_0180",
        "observed_at": "2026-07-13T07:17:00Z",
        "claim_class": "non_industrial",
        "confidence": 1.0,
        "country": "USA",
        "region": "California",
        "fire_regime": "forest_natural",
        "tier": "TIER_A_AUTHORITATIVE",
        "incident_name": "California Wildland Fire Incident #280",
        "agency": "CAL FIRE / USFS InciWeb Interagency Command"
      }
    },
    {
      "type": "Feature",
      "id": "WF_CALFIRE_INCIDENT_2026_0181",
      "geometry": {
        "type": "Point",
        "coordinates": [
          -120.4736,
          36.2248
        ]
      },
      "properties": {
        "source_record_id": "CALFIRE_INC_2026_0181",
        "observed_at": "2026-07-14T01:00:00Z",
        "claim_class": "non_industrial",
        "confidence": 1.0,
        "country": "USA",
        "region": "California",
        "fire_regime": "forest_natural",
        "tier": "TIER_A_AUTHORITATIVE",
        "incident_name": "California Wildland Fire Incident #281",
        "agency": "CAL FIRE / USFS InciWeb Interagency Command"
      }
    },
    {
      "type": "Feature",
      "id": "WF_CALFIRE_INCIDENT_2026_0182",
      "geometry": {
        "type": "Point",
        "coordinates": [
          -120.0272,
          37.804
        ]
      },
      "properties": {
        "source_record_id": "CALFIRE_INC_2026_0182",
        "observed_at": "2026-07-14T19:51:00Z",
        "claim_class": "non_industrial",
        "confidence": 1.0,
        "country": "USA",
        "region": "California",
        "fire_regime": "forest_natural",
        "tier": "TIER_A_AUTHORITATIVE",
        "incident_name": "California Wildland Fire Incident #282",
        "agency": "CAL FIRE / USFS InciWeb Interagency Command"
      }
    },
    {
      "type": "Feature",
      "id": "WF_CALFIRE_INCIDENT_2026_0183",
      "geometry": {
        "type": "Point",
        "coordinates": [
          -119.3184,
          35.9872
        ]
      },
      "properties": {
        "source_record_id": "CALFIRE_INC_2026_0183",
        "observed_at": "2026-07-15T13:34:00Z",
        "claim_class": "non_industrial",
        "confidence": 1.0,
        "country": "USA",
        "region": "California",
        "fire_regime": "forest_natural",
        "tier": "TIER_A_AUTHORITATIVE",
        "incident_name": "California Wildland Fire Incident #283",
        "agency": "CAL FIRE / USFS InciWeb Interagency Command"
      }
    },
    {
      "type": "Feature",
      "id": "WF_CALFIRE_INCIDENT_2026_0184",
      "geometry": {
        "type": "Point",
        "coordinates": [
          -119.7936,
          37.4224
        ]
      },
      "properties": {
        "source_record_id": "CALFIRE_INC_2026_0184",
        "observed_at": "2026-07-16T07:17:00Z",
        "claim_class": "non_industrial",
        "confidence": 1.0,
        "country": "USA",
        "region": "California",
        "fire_regime": "forest_natural",
        "tier": "TIER_A_AUTHORITATIVE",
        "incident_name": "California Wildland Fire Incident #284",
        "agency": "CAL FIRE / USFS InciWeb Interagency Command"
      }
    },
    {
      "type": "Feature",
      "id": "WF_CALFIRE_INCIDENT_2026_0185",
      "geometry": {
        "type": "Point",
        "coordinates": [
          -120.7216,
          38.1064
        ]
      },
      "properties": {
        "source_record_id": "CALFIRE_INC_2026_0185",
        "observed_at": "2026-07-17T01:00:00Z",
        "claim_class": "non_industrial",
        "confidence": 1.0,
        "country": "USA",
        "region": "California",
        "fire_regime": "forest_natural",
        "tier": "TIER_A_AUTHORITATIVE",
        "incident_name": "California Wildland Fire Incident #285",
        "agency": "CAL FIRE / USFS InciWeb Interagency Command"
      }
    },
    {
      "type": "Feature",
      "id": "WF_CALFIRE_INCIDENT_2026_0186",
      "geometry": {
        "type": "Point",
        "coordinates": [
          -119.736,
          37.0
        ]
      },
      "properties": {
        "source_record_id": "CALFIRE_INC_2026_0186",
        "observed_at": "2026-07-17T19:51:00Z",
        "claim_class": "non_industrial",
        "confidence": 1.0,
        "country": "USA",
        "region": "California",
        "fire_regime": "forest_natural",
        "tier": "TIER_A_AUTHORITATIVE",
        "incident_name": "California Wildland Fire Incident #286",
        "agency": "CAL FIRE / USFS InciWeb Interagency Command"
      }
    },
    {
      "type": "Feature",
      "id": "WF_CALFIRE_INCIDENT_2026_0187",
      "geometry": {
        "type": "Point",
        "coordinates": [
          -119.472,
          38.1472
        ]
      },
      "properties": {
        "source_record_id": "CALFIRE_INC_2026_0187",
        "observed_at": "2026-07-18T13:34:00Z",
        "claim_class": "non_industrial",
        "confidence": 1.0,
        "country": "USA",
        "region": "California",
        "fire_regime": "forest_natural",
        "tier": "TIER_A_AUTHORITATIVE",
        "incident_name": "California Wildland Fire Incident #287",
        "agency": "CAL FIRE / USFS InciWeb Interagency Command"
      }
    },
    {
      "type": "Feature",
      "id": "WF_CALFIRE_INCIDENT_2026_0188",
      "geometry": {
        "type": "Point",
        "coordinates": [
          -119.5184,
          37.9192
        ]
      },
      "properties": {
        "source_record_id": "CALFIRE_INC_2026_0188",
        "observed_at": "2026-07-19T07:17:00Z",
        "claim_class": "non_industrial",
        "confidence": 1.0,
        "country": "USA",
        "region": "California",
        "fire_regime": "forest_natural",
        "tier": "TIER_A_AUTHORITATIVE",
        "incident_name": "California Wildland Fire Incident #288",
        "agency": "CAL FIRE / USFS InciWeb Interagency Command"
      }
    },
    {
      "type": "Feature",
      "id": "WF_CALFIRE_INCIDENT_2026_0189",
      "geometry": {
        "type": "Point",
        "coordinates": [
          -120.7296,
          38.1616
        ]
      },
      "properties": {
        "source_record_id": "CALFIRE_INC_2026_0189",
        "observed_at": "2026-07-20T01:00:00Z",
        "claim_class": "non_industrial",
        "confidence": 1.0,
        "country": "USA",
        "region": "California",
        "fire_regime": "forest_natural",
        "tier": "TIER_A_AUTHORITATIVE",
        "incident_name": "California Wildland Fire Incident #289",
        "agency": "CAL FIRE / USFS InciWeb Interagency Command"
      }
    },
    {
      "type": "Feature",
      "id": "WF_CALFIRE_INCIDENT_2026_0190",
      "geometry": {
        "type": "Point",
        "coordinates": [
          -119.4144,
          37.5256
        ]
      },
      "properties": {
        "source_record_id": "CALFIRE_INC_2026_0190",
        "observed_at": "2026-07-20T19:51:00Z",
        "claim_class": "non_industrial",
        "confidence": 1.0,
        "country": "USA",
        "region": "California",
        "fire_regime": "forest_natural",
        "tier": "TIER_A_AUTHORITATIVE",
        "incident_name": "California Wildland Fire Incident #290",
        "agency": "CAL FIRE / USFS InciWeb Interagency Command"
      }
    },
    {
      "type": "Feature",
      "id": "WF_CALFIRE_INCIDENT_2026_0191",
      "geometry": {
        "type": "Point",
        "coordinates": [
          -120.6688,
          37.3408
        ]
      },
      "properties": {
        "source_record_id": "CALFIRE_INC_2026_0191",
        "observed_at": "2026-07-21T13:34:00Z",
        "claim_class": "non_industrial",
        "confidence": 1.0,
        "country": "USA",
        "region": "California",
        "fire_regime": "forest_natural",
        "tier": "TIER_A_AUTHORITATIVE",
        "incident_name": "California Wildland Fire Incident #291",
        "agency": "CAL FIRE / USFS InciWeb Interagency Command"
      }
    },
    {
      "type": "Feature",
      "id": "WF_CALFIRE_INCIDENT_2026_0192",
      "geometry": {
        "type": "Point",
        "coordinates": [
          -120.0064,
          36.736
        ]
      },
      "properties": {
        "source_record_id": "CALFIRE_INC_2026_0192",
        "observed_at": "2026-07-22T07:17:00Z",
        "claim_class": "non_industrial",
        "confidence": 1.0,
        "country": "USA",
        "region": "California",
        "fire_regime": "forest_natural",
        "tier": "TIER_A_AUTHORITATIVE",
        "incident_name": "California Wildland Fire Incident #292",
        "agency": "CAL FIRE / USFS InciWeb Interagency Command"
      }
    },
    {
      "type": "Feature",
      "id": "WF_CALFIRE_INCIDENT_2026_0193",
      "geometry": {
        "type": "Point",
        "coordinates": [
          -119.7312,
          37.8328
        ]
      },
      "properties": {
        "source_record_id": "CALFIRE_INC_2026_0193",
        "observed_at": "2026-07-23T01:00:00Z",
        "claim_class": "non_industrial",
        "confidence": 1.0,
        "country": "USA",
        "region": "California",
        "fire_regime": "forest_natural",
        "tier": "TIER_A_AUTHORITATIVE",
        "incident_name": "California Wildland Fire Incident #293",
        "agency": "CAL FIRE / USFS InciWeb Interagency Command"
      }
    },
    {
      "type": "Feature",
      "id": "WF_CALFIRE_INCIDENT_2026_0194",
      "geometry": {
        "type": "Point",
        "coordinates": [
          -120.2496,
          36.5056
        ]
      },
      "properties": {
        "source_record_id": "CALFIRE_INC_2026_0194",
        "observed_at": "2026-07-23T19:51:00Z",
        "claim_class": "non_industrial",
        "confidence": 1.0,
        "country": "USA",
        "region": "California",
        "fire_regime": "forest_natural",
        "tier": "TIER_A_AUTHORITATIVE",
        "incident_name": "California Wildland Fire Incident #294",
        "agency": "CAL FIRE / USFS InciWeb Interagency Command"
      }
    },
    {
      "type": "Feature",
      "id": "WF_CALFIRE_INCIDENT_2026_0195",
      "geometry": {
        "type": "Point",
        "coordinates": [
          -120.2176,
          37.5664
        ]
      },
      "properties": {
        "source_record_id": "CALFIRE_INC_2026_0195",
        "observed_at": "2026-07-24T13:34:00Z",
        "claim_class": "non_industrial",
        "confidence": 1.0,
        "country": "USA",
        "region": "California",
        "fire_regime": "forest_natural",
        "tier": "TIER_A_AUTHORITATIVE",
        "incident_name": "California Wildland Fire Incident #295",
        "agency": "CAL FIRE / USFS InciWeb Interagency Command"
      }
    },
    {
      "type": "Feature",
      "id": "WF_CALFIRE_INCIDENT_2026_0196",
      "geometry": {
        "type": "Point",
        "coordinates": [
          -120.1488,
          37.936
        ]
      },
      "properties": {
        "source_record_id": "CALFIRE_INC_2026_0196",
        "observed_at": "2026-07-25T07:17:00Z",
        "claim_class": "non_industrial",
        "confidence": 1.0,
        "country": "USA",
        "region": "California",
        "fire_regime": "forest_natural",
        "tier": "TIER_A_AUTHORITATIVE",
        "incident_name": "California Wildland Fire Incident #296",
        "agency": "CAL FIRE / USFS InciWeb Interagency Command"
      }
    },
    {
      "type": "Feature",
      "id": "WF_CALFIRE_INCIDENT_2026_0197",
      "geometry": {
        "type": "Point",
        "coordinates": [
          -119.4704,
          36.4168
        ]
      },
      "properties": {
        "source_record_id": "CALFIRE_INC_2026_0197",
        "observed_at": "2026-07-26T01:00:00Z",
        "claim_class": "non_industrial",
        "confidence": 1.0,
        "country": "USA",
        "region": "California",
        "fire_regime": "forest_natural",
        "tier": "TIER_A_AUTHORITATIVE",
        "incident_name": "California Wildland Fire Incident #297",
        "agency": "CAL FIRE / USFS InciWeb Interagency Command"
      }
    },
    {
      "type": "Feature",
      "id": "WF_CALFIRE_INCIDENT_2026_0198",
      "geometry": {
        "type": "Point",
        "coordinates": [
          -119.2176,
          36.8704
        ]
      },
      "properties": {
        "source_record_id": "CALFIRE_INC_2026_0198",
        "observed_at": "2026-07-26T19:51:00Z",
        "claim_class": "non_industrial",
        "confidence": 1.0,
        "country": "USA",
        "region": "California",
        "fire_regime": "forest_natural",
        "tier": "TIER_A_AUTHORITATIVE",
        "incident_name": "California Wildland Fire Incident #298",
        "agency": "CAL FIRE / USFS InciWeb Interagency Command"
      }
    },
    {
      "type": "Feature",
      "id": "WF_CALFIRE_INCIDENT_2026_0199",
      "geometry": {
        "type": "Point",
        "coordinates": [
          -119.8688,
          36.1264
        ]
      },
      "properties": {
        "source_record_id": "CALFIRE_INC_2026_0199",
        "observed_at": "2026-07-27T13:34:00Z",
        "claim_class": "non_industrial",
        "confidence": 1.0,
        "country": "USA",
        "region": "California",
        "fire_regime": "forest_natural",
        "tier": "TIER_A_AUTHORITATIVE",
        "incident_name": "California Wildland Fire Incident #299",
        "agency": "CAL FIRE / USFS InciWeb Interagency Command"
      }
    },
    {
      "type": "Feature",
      "id": "WF_CALFIRE_INCIDENT_2026_0200",
      "geometry": {
        "type": "Point",
        "coordinates": [
          -120.4,
          37.4656
        ]
      },
      "properties": {
        "source_record_id": "CALFIRE_INC_2026_0200",
        "observed_at": "2026-07-28T07:17:00Z",
        "claim_class": "non_industrial",
        "confidence": 1.0,
        "country": "USA",
        "region": "California",
        "fire_regime": "forest_natural",
        "tier": "TIER_A_AUTHORITATIVE",
        "incident_name": "California Wildland Fire Incident #300",
        "agency": "CAL FIRE / USFS InciWeb Interagency Command"
      }
    },
    {
      "type": "Feature",
      "id": "WF_CALFIRE_INCIDENT_2026_0201",
      "geometry": {
        "type": "Point",
        "coordinates": [
          -120.6688,
          37.9528
        ]
      },
      "properties": {
        "source_record_id": "CALFIRE_INC_2026_0201",
        "observed_at": "2026-07-29T01:00:00Z",
        "claim_class": "non_industrial",
        "confidence": 1.0,
        "country": "USA",
        "region": "California",
        "fire_regime": "forest_natural",
        "tier": "TIER_A_AUTHORITATIVE",
        "incident_name": "California Wildland Fire Incident #301",
        "agency": "CAL FIRE / USFS InciWeb Interagency Command"
      }
    },
    {
      "type": "Feature",
      "id": "WF_CALFIRE_INCIDENT_2026_0202",
      "geometry": {
        "type": "Point",
        "coordinates": [
          -120.0928,
          37.036
        ]
      },
      "properties": {
        "source_record_id": "CALFIRE_INC_2026_0202",
        "observed_at": "2026-07-29T19:51:00Z",
        "claim_class": "non_industrial",
        "confidence": 1.0,
        "country": "USA",
        "region": "California",
        "fire_regime": "forest_natural",
        "tier": "TIER_A_AUTHORITATIVE",
        "incident_name": "California Wildland Fire Incident #302",
        "agency": "CAL FIRE / USFS InciWeb Interagency Command"
      }
    },
    {
      "type": "Feature",
      "id": "WF_CALFIRE_INCIDENT_2026_0203",
      "geometry": {
        "type": "Point",
        "coordinates": [
          -119.2704,
          37.612
        ]
      },
      "properties": {
        "source_record_id": "CALFIRE_INC_2026_0203",
        "observed_at": "2026-07-30T13:34:00Z",
        "claim_class": "non_industrial",
        "confidence": 1.0,
        "country": "USA",
        "region": "California",
        "fire_regime": "forest_natural",
        "tier": "TIER_A_AUTHORITATIVE",
        "incident_name": "California Wildland Fire Incident #303",
        "agency": "CAL FIRE / USFS InciWeb Interagency Command"
      }
    },
    {
      "type": "Feature",
      "id": "WF_CALFIRE_INCIDENT_2026_0204",
      "geometry": {
        "type": "Point",
        "coordinates": [
          -119.32,
          36.2704
        ]
      },
      "properties": {
        "source_record_id": "CALFIRE_INC_2026_0204",
        "observed_at": "2026-07-31T07:17:00Z",
        "claim_class": "non_industrial",
        "confidence": 1.0,
        "country": "USA",
        "region": "California",
        "fire_regime": "forest_natural",
        "tier": "TIER_A_AUTHORITATIVE",
        "incident_name": "California Wildland Fire Incident #304",
        "agency": "CAL FIRE / USFS InciWeb Interagency Command"
      }
    }
  ]
}