{
  "type": "FeatureCollection",
  "source_metadata": {
    "source_id": "NSW_RFS_BUSHFIRE_2026",
    "source_name": "NSW Rural Fire Service Official Bushfire Incident Registry",
    "source_type": "GOVERNMENT_FIRE_MANAGEMENT_AGENCY",
    "tier": "TIER_A_AUTHORITATIVE",
    "country": "Australia",
    "fire_regime": "forest_natural"
  },
  "features": [
    {
      "type": "Feature",
      "id": "WF_NSW_RFS_2026_0001",
      "geometry": {
        "type": "Point",
        "coordinates": [
          146.7168,
          -34.1072
        ]
      },
      "properties": {
        "source_record_id": "NSW_RFS_INC_2026_0001",
        "observed_at": "2026-03-01T01:00:00Z",
        "claim_class": "non_industrial",
        "confidence": 1.0,
        "country": "Australia",
        "region": "New South Wales / Victoria",
        "fire_regime": "forest_natural",
        "tier": "TIER_A_AUTHORITATIVE",
        "incident_name": "NSW RFS Bushfire Major Incident #201",
        "agency": "NSW Rural Fire Service Major Incident Command"
      }
    },
    {
      "type": "Feature",
      "id": "WF_NSW_RFS_2026_0002",
      "geometry": {
        "type": "Point",
        "coordinates": [
          148.6688,
          -33.908
        ]
      },
      "properties": {
        "source_record_id": "NSW_RFS_INC_2026_0002",
        "observed_at": "2026-03-01T19:51:00Z",
        "claim_class": "non_industrial",
        "confidence": 1.0,
        "country": "Australia",
        "region": "New South Wales / Victoria",
        "fire_regime": "forest_natural",
        "tier": "TIER_A_AUTHORITATIVE",
        "incident_name": "NSW RFS Bushfire Major Incident #202",
        "agency": "NSW Rural Fire Service Major Incident Command"
      }
    },
    {
      "type": "Feature",
      "id": "WF_NSW_RFS_2026_0003",
      "geometry": {
        "type": "Point",
        "coordinates": [
          147.264,
          -34.0112
        ]
      },
      "properties": {
        "source_record_id": "NSW_RFS_INC_2026_0003",
        "observed_at": "2026-03-02T13:34:00Z",
        "claim_class": "non_industrial",
        "confidence": 1.0,
        "country": "Australia",
        "region": "New South Wales / Victoria",
        "fire_regime": "forest_natural",
        "tier": "TIER_A_AUTHORITATIVE",
        "incident_name": "NSW RFS Bushfire Major Incident #203",
        "agency": "NSW Rural Fire Service Major Incident Command"
      }
    },
    {
      "type": "Feature",
      "id": "WF_NSW_RFS_2026_0004",
      "geometry": {
        "type": "Point",
        "coordinates": [
          146.4768,
          -34.4432
        ]
      },
      "properties": {
        "source_record_id": "NSW_RFS_INC_2026_0004",
        "observed_at": "2026-03-03T07:17:00Z",
        "claim_class": "non_industrial",
        "confidence": 1.0,
        "country": "Australia",
        "region": "New South Wales / Victoria",
        "fire_regime": "forest_natural",
        "tier": "TIER_A_AUTHORITATIVE",
        "incident_name": "NSW RFS Bushfire Major Incident #204",
        "agency": "NSW Rural Fire Service Major Incident Command"
      }
    },
    {
      "type": "Feature",
      "id": "WF_NSW_RFS_2026_0005",
      "geometry": {
        "type": "Point",
        "coordinates": [
          147.9776,
          -35.1008
        ]
      },
      "properties": {
        "source_record_id": "NSW_RFS_INC_2026_0005",
        "observed_at": "2026-03-04T01:00:00Z",
        "claim_class": "non_industrial",
        "confidence": 1.0,
        "country": "Australia",
        "region": "New South Wales / Victoria",
        "fire_regime": "forest_natural",
        "tier": "TIER_A_AUTHORITATIVE",
        "incident_name": "NSW RFS Bushfire Major Incident #205",
        "agency": "NSW Rural Fire Service Major Incident Command"
      }
    },
    {
      "type": "Feature",
      "id": "WF_NSW_RFS_2026_0006",
      "geometry": {
        "type": "Point",
        "coordinates": [
          149.5552,
          -34.4072
        ]
      },
      "properties": {
        "source_record_id": "NSW_RFS_INC_2026_0006",
        "observed_at": "2026-03-04T19:51:00Z",
        "claim_class": "non_industrial",
        "confidence": 1.0,
        "country": "Australia",
        "region": "New South Wales / Victoria",
        "fire_regime": "forest_natural",
        "tier": "TIER_A_AUTHORITATIVE",
        "incident_name": "NSW RFS Bushfire Major Incident #206",
        "agency": "NSW Rural Fire Service Major Incident Command"
      }
    },
    {
      "type": "Feature",
      "id": "WF_NSW_RFS_2026_0007",
      "geometry": {
        "type": "Point",
        "coordinates": [
          148.2304,
          -36.1976
        ]
      },
      "properties": {
        "source_record_id": "NSW_RFS_INC_2026_0007",
        "observed_at": "2026-03-05T13:34:00Z",
        "claim_class": "non_industrial",
        "confidence": 1.0,
        "country": "Australia",
        "region": "New South Wales / Victoria",
        "fire_regime": "forest_natural",
        "tier": "TIER_A_AUTHORITATIVE",
        "incident_name": "NSW RFS Bushfire Major Incident #207",
        "agency": "NSW Rural Fire Service Major Incident Command"
      }
    },
    {
      "type": "Feature",
      "id": "WF_NSW_RFS_2026_0008",
      "geometry": {
        "type": "Point",
        "coordinates": [
          147.3216,
          -34.3232
        ]
      },
      "properties": {
        "source_record_id": "NSW_RFS_INC_2026_0008",
        "observed_at": "2026-03-06T07:17:00Z",
        "claim_class": "non_industrial",
        "confidence": 1.0,
        "country": "Australia",
        "region": "New South Wales / Victoria",
        "fire_regime": "forest_natural",
        "tier": "TIER_A_AUTHORITATIVE",
        "incident_name": "NSW RFS Bushfire Major Incident #208",
        "agency": "NSW Rural Fire Service Major Incident Command"
      }
    },
    {
      "type": "Feature",
      "id": "WF_NSW_RFS_2026_0009",
      "geometry": {
        "type": "Point",
        "coordinates": [
          146.5344,
          -34.8896
        ]
      },
      "properties": {
        "source_record_id": "NSW_RFS_INC_2026_0009",
        "observed_at": "2026-03-07T01:00:00Z",
        "claim_class": "non_industrial",
        "confidence": 1.0,
        "country": "Australia",
        "region": "New South Wales / Victoria",
        "fire_regime": "forest_natural",
        "tier": "TIER_A_AUTHORITATIVE",
        "incident_name": "NSW RFS Bushfire Major Incident #209",
        "agency": "NSW Rural Fire Service Major Incident Command"
      }
    },
    {
      "type": "Feature",
      "id": "WF_NSW_RFS_2026_0010",
      "geometry": {
        "type": "Point",
        "coordinates": [
          148.0608,
          -34.8248
        ]
      },
      "properties": {
        "source_record_id": "NSW_RFS_INC_2026_0010",
        "observed_at": "2026-03-07T19:51:00Z",
        "claim_class": "non_industrial",
        "confidence": 1.0,
        "country": "Australia",
        "region": "New South Wales / Victoria",
        "fire_regime": "forest_natural",
        "tier": "TIER_A_AUTHORITATIVE",
        "incident_name": "NSW RFS Bushfire Major Incident #210",
        "agency": "NSW Rural Fire Service Major Incident Command"
      }
    },
    {
      "type": "Feature",
      "id": "WF_NSW_RFS_2026_0011",
      "geometry": {
        "type": "Point",
        "coordinates": [
          147.872,
          -36.0392
        ]
      },
      "properties": {
        "source_record_id": "NSW_RFS_INC_2026_0011",
        "observed_at": "2026-03-08T13:34:00Z",
        "claim_class": "non_industrial",
        "confidence": 1.0,
        "country": "Australia",
        "region": "New South Wales / Victoria",
        "fire_regime": "forest_natural",
        "tier": "TIER_A_AUTHORITATIVE",
        "incident_name": "NSW RFS Bushfire Major Incident #211",
        "agency": "NSW Rural Fire Service Major Incident Command"
      }
    },
    {
      "type": "Feature",
      "id": "WF_NSW_RFS_2026_0012",
      "geometry": {
        "type": "Point",
        "coordinates": [
          147.3792,
          -33.8768
        ]
      },
      "properties": {
        "source_record_id": "NSW_RFS_INC_2026_0012",
        "observed_at": "2026-03-09T07:17:00Z",
        "claim_class": "non_industrial",
        "confidence": 1.0,
        "country": "Australia",
        "region": "New South Wales / Victoria",
        "fire_regime": "forest_natural",
        "tier": "TIER_A_AUTHORITATIVE",
        "incident_name": "NSW RFS Bushfire Major Incident #212",
        "agency": "NSW Rural Fire Service Major Incident Command"
      }
    },
    {
      "type": "Feature",
      "id": "WF_NSW_RFS_2026_0013",
      "geometry": {
        "type": "Point",
        "coordinates": [
          147.4496,
          -34.5896
        ]
      },
      "properties": {
        "source_record_id": "NSW_RFS_INC_2026_0013",
        "observed_at": "2026-03-10T01:00:00Z",
        "claim_class": "non_industrial",
        "confidence": 1.0,
        "country": "Australia",
        "region": "New South Wales / Victoria",
        "fire_regime": "forest_natural",
        "tier": "TIER_A_AUTHORITATIVE",
        "incident_name": "NSW RFS Bushfire Major Incident #213",
        "agency": "NSW Rural Fire Service Major Incident Command"
      }
    },
    {
      "type": "Feature",
      "id": "WF_NSW_RFS_2026_0014",
      "geometry": {
        "type": "Point",
        "coordinates": [
          148.5824,
          -34.1864
        ]
      },
      "properties": {
        "source_record_id": "NSW_RFS_INC_2026_0014",
        "observed_at": "2026-03-10T19:51:00Z",
        "claim_class": "non_industrial",
        "confidence": 1.0,
        "country": "Australia",
        "region": "New South Wales / Victoria",
        "fire_regime": "forest_natural",
        "tier": "TIER_A_AUTHORITATIVE",
        "incident_name": "NSW RFS Bushfire Major Incident #214",
        "agency": "NSW Rural Fire Service Major Incident Command"
      }
    },
    {
      "type": "Feature",
      "id": "WF_NSW_RFS_2026_0015",
      "geometry": {
        "type": "Point",
        "coordinates": [
          148.192,
          -35.7824
        ]
      },
      "properties": {
        "source_record_id": "NSW_RFS_INC_2026_0015",
        "observed_at": "2026-03-11T13:34:00Z",
        "claim_class": "non_industrial",
        "confidence": 1.0,
        "country": "Australia",
        "region": "New South Wales / Victoria",
        "fire_regime": "forest_natural",
        "tier": "TIER_A_AUTHORITATIVE",
        "incident_name": "NSW RFS Bushfire Major Incident #215",
        "agency": "NSW Rural Fire Service Major Incident Command"
      }
    },
    {
      "type": "Feature",
      "id": "WF_NSW_RFS_2026_0016",
      "geometry": {
        "type": "Point",
        "coordinates": [
          149.2672,
          -35.4344
        ]
      },
      "properties": {
        "source_record_id": "NSW_RFS_INC_2026_0016",
        "observed_at": "2026-03-12T07:17:00Z",
        "claim_class": "non_industrial",
        "confidence": 1.0,
        "country": "Australia",
        "region": "New South Wales / Victoria",
        "fire_regime": "forest_natural",
        "tier": "TIER_A_AUTHORITATIVE",
        "incident_name": "NSW RFS Bushfire Major Incident #216",
        "agency": "NSW Rural Fire Service Major Incident Command"
      }
    },
    {
      "type": "Feature",
      "id": "WF_NSW_RFS_2026_0017",
      "geometry": {
        "type": "Point",
        "coordinates": [
          147.856,
          -35.0696
        ]
      },
      "properties": {
        "source_record_id": "NSW_RFS_INC_2026_0017",
        "observed_at": "2026-03-13T01:00:00Z",
        "claim_class": "non_industrial",
        "confidence": 1.0,
        "country": "Australia",
        "region": "New South Wales / Victoria",
        "fire_regime": "forest_natural",
        "tier": "TIER_A_AUTHORITATIVE",
        "incident_name": "NSW RFS Bushfire Major Incident #217",
        "agency": "NSW Rural Fire Service Major Incident Command"
      }
    },
    {
      "type": "Feature",
      "id": "WF_NSW_RFS_2026_0018",
      "geometry": {
        "type": "Point",
        "coordinates": [
          146.6528,
          -34.0592
        ]
      },
      "properties": {
        "source_record_id": "NSW_RFS_INC_2026_0018",
        "observed_at": "2026-03-13T19:51:00Z",
        "claim_class": "non_industrial",
        "confidence": 1.0,
        "country": "Australia",
        "region": "New South Wales / Victoria",
        "fire_regime": "forest_natural",
        "tier": "TIER_A_AUTHORITATIVE",
        "incident_name": "NSW RFS Bushfire Major Incident #218",
        "agency": "NSW Rural Fire Service Major Incident Command"
      }
    },
    {
      "type": "Feature",
      "id": "WF_NSW_RFS_2026_0019",
      "geometry": {
        "type": "Point",
        "coordinates": [
          148.8352,
          -35.624
        ]
      },
      "properties": {
        "source_record_id": "NSW_RFS_INC_2026_0019",
        "observed_at": "2026-03-14T13:34:00Z",
        "claim_class": "non_industrial",
        "confidence": 1.0,
        "country": "Australia",
        "region": "New South Wales / Victoria",
        "fire_regime": "forest_natural",
        "tier": "TIER_A_AUTHORITATIVE",
        "incident_name": "NSW RFS Bushfire Major Incident #219",
        "agency": "NSW Rural Fire Service Major Incident Command"
      }
    },
    {
      "type": "Feature",
      "id": "WF_NSW_RFS_2026_0020",
      "geometry": {
        "type": "Point",
        "coordinates": [
          148.88,
          -34.796
        ]
      },
      "properties": {
        "source_record_id": "NSW_RFS_INC_2026_0020",
        "observed_at": "2026-03-15T07:17:00Z",
        "claim_class": "non_industrial",
        "confidence": 1.0,
        "country": "Australia",
        "region": "New South Wales / Victoria",
        "fire_regime": "forest_natural",
        "tier": "TIER_A_AUTHORITATIVE",
        "incident_name": "NSW RFS Bushfire Major Incident #220",
        "agency": "NSW Rural Fire Service Major Incident Command"
      }
    },
    {
      "type": "Feature",
      "id": "WF_NSW_RFS_2026_0021",
      "geometry": {
        "type": "Point",
        "coordinates": [
          146.6368,
          -35.2616
        ]
      },
      "properties": {
        "source_record_id": "NSW_RFS_INC_2026_0021",
        "observed_at": "2026-03-16T01:00:00Z",
        "claim_class": "non_industrial",
        "confidence": 1.0,
        "country": "Australia",
        "region": "New South Wales / Victoria",
        "fire_regime": "forest_natural",
        "tier": "TIER_A_AUTHORITATIVE",
        "incident_name": "NSW RFS Bushfire Major Incident #221",
        "agency": "NSW Rural Fire Service Major Incident Command"
      }
    },
    {
      "type": "Feature",
      "id": "WF_NSW_RFS_2026_0022",
      "geometry": {
        "type": "Point",
        "coordinates": [
          148.0096,
          -35.264
        ]
      },
      "properties": {
        "source_record_id": "NSW_RFS_INC_2026_0022",
        "observed_at": "2026-03-16T19:51:00Z",
        "claim_class": "non_industrial",
        "confidence": 1.0,
        "country": "Australia",
        "region": "New South Wales / Victoria",
        "fire_regime": "forest_natural",
        "tier": "TIER_A_AUTHORITATIVE",
        "incident_name": "NSW RFS Bushfire Major Incident #222",
        "agency": "NSW Rural Fire Service Major Incident Command"
      }
    },
    {
      "type": "Feature",
      "id": "WF_NSW_RFS_2026_0023",
      "geometry": {
        "type": "Point",
        "coordinates": [
          148.3936,
          -34.6544
        ]
      },
      "properties": {
        "source_record_id": "NSW_RFS_INC_2026_0023",
        "observed_at": "2026-03-17T13:34:00Z",
        "claim_class": "non_industrial",
        "confidence": 1.0,
        "country": "Australia",
        "region": "New South Wales / Victoria",
        "fire_regime": "forest_natural",
        "tier": "TIER_A_AUTHORITATIVE",
        "incident_name": "NSW RFS Bushfire Major Incident #223",
        "agency": "NSW Rural Fire Service Major Incident Command"
      }
    },
    {
      "type": "Feature",
      "id": "WF_NSW_RFS_2026_0024",
      "geometry": {
        "type": "Point",
        "coordinates": [
          149.3888,
          -34.1
        ]
      },
      "properties": {
        "source_record_id": "NSW_RFS_INC_2026_0024",
        "observed_at": "2026-03-18T07:17:00Z",
        "claim_class": "non_industrial",
        "confidence": 1.0,
        "country": "Australia",
        "region": "New South Wales / Victoria",
        "fire_regime": "forest_natural",
        "tier": "TIER_A_AUTHORITATIVE",
        "incident_name": "NSW RFS Bushfire Major Incident #224",
        "agency": "NSW Rural Fire Service Major Incident Command"
      }
    },
    {
      "type": "Feature",
      "id": "WF_NSW_RFS_2026_0025",
      "geometry": {
        "type": "Point",
        "coordinates": [
          148.6304,
          -35.7896
        ]
      },
      "properties": {
        "source_record_id": "NSW_RFS_INC_2026_0025",
        "observed_at": "2026-03-19T01:00:00Z",
        "claim_class": "non_industrial",
        "confidence": 1.0,
        "country": "Australia",
        "region": "New South Wales / Victoria",
        "fire_regime": "forest_natural",
        "tier": "TIER_A_AUTHORITATIVE",
        "incident_name": "NSW RFS Bushfire Major Incident #225",
        "agency": "NSW Rural Fire Service Major Incident Command"
      }
    },
    {
      "type": "Feature",
      "id": "WF_NSW_RFS_2026_0026",
      "geometry": {
        "type": "Point",
        "coordinates": [
          146.864,
          -35.7944
        ]
      },
      "properties": {
        "source_record_id": "NSW_RFS_INC_2026_0026",
        "observed_at": "2026-03-19T19:51:00Z",
        "claim_class": "non_industrial",
        "confidence": 1.0,
        "country": "Australia",
        "region": "New South Wales / Victoria",
        "fire_regime": "forest_natural",
        "tier": "TIER_A_AUTHORITATIVE",
        "incident_name": "NSW RFS Bushfire Major Incident #226",
        "agency": "NSW Rural Fire Service Major Incident Command"
      }
    },
    {
      "type": "Feature",
      "id": "WF_NSW_RFS_2026_0027",
      "geometry": {
        "type": "Point",
        "coordinates": [
          149.44,
          -36.092
        ]
      },
      "properties": {
        "source_record_id": "NSW_RFS_INC_2026_0027",
        "observed_at": "2026-03-20T13:34:00Z",
        "claim_class": "non_industrial",
        "confidence": 1.0,
        "country": "Australia",
        "region": "New South Wales / Victoria",
        "fire_regime": "forest_natural",
        "tier": "TIER_A_AUTHORITATIVE",
        "incident_name": "NSW RFS Bushfire Major Incident #227",
        "agency": "NSW Rural Fire Service Major Incident Command"
      }
    },
    {
      "type": "Feature",
      "id": "WF_NSW_RFS_2026_0028",
      "geometry": {
        "type": "Point",
        "coordinates": [
          146.8736,
          -35.4128
        ]
      },
      "properties": {
        "source_record_id": "NSW_RFS_INC_2026_0028",
        "observed_at": "2026-03-21T07:17:00Z",
        "claim_class": "non_industrial",
        "confidence": 1.0,
        "country": "Australia",
        "region": "New South Wales / Victoria",
        "fire_regime": "forest_natural",
        "tier": "TIER_A_AUTHORITATIVE",
        "incident_name": "NSW RFS Bushfire Major Incident #228",
        "agency": "NSW Rural Fire Service Major Incident Command"
      }
    },
    {
      "type": "Feature",
      "id": "WF_NSW_RFS_2026_0029",
      "geometry": {
        "type": "Point",
        "coordinates": [
          147.728,
          -35.3168
        ]
      },
      "properties": {
        "source_record_id": "NSW_RFS_INC_2026_0029",
        "observed_at": "2026-03-22T01:00:00Z",
        "claim_class": "non_industrial",
        "confidence": 1.0,
        "country": "Australia",
        "region": "New South Wales / Victoria",
        "fire_regime": "forest_natural",
        "tier": "TIER_A_AUTHORITATIVE",
        "incident_name": "NSW RFS Bushfire Major Incident #229",
        "agency": "NSW Rural Fire Service Major Incident Command"
      }
    },
    {
      "type": "Feature",
      "id": "WF_NSW_RFS_2026_0030",
      "geometry": {
        "type": "Point",
        "coordinates": [
          148.4288,
          -35.3504
        ]
      },
      "properties": {
        "source_record_id": "NSW_RFS_INC_2026_0030",
        "observed_at": "2026-03-22T19:51:00Z",
        "claim_class": "non_industrial",
        "confidence": 1.0,
        "country": "Australia",
        "region": "New South Wales / Victoria",
        "fire_regime": "forest_natural",
        "tier": "TIER_A_AUTHORITATIVE",
        "incident_name": "NSW RFS Bushfire Major Incident #230",
        "agency": "NSW Rural Fire Service Major Incident Command"
      }
    },
    {
      "type": "Feature",
      "id": "WF_NSW_RFS_2026_0031",
      "geometry": {
        "type": "Point",
        "coordinates": [
          146.6464,
          -35.3288
        ]
      },
      "properties": {
        "source_record_id": "NSW_RFS_INC_2026_0031",
        "observed_at": "2026-03-23T13:34:00Z",
        "claim_class": "non_industrial",
        "confidence": 1.0,
        "country": "Australia",
        "region": "New South Wales / Victoria",
        "fire_regime": "forest_natural",
        "tier": "TIER_A_AUTHORITATIVE",
        "incident_name": "NSW RFS Bushfire Major Incident #231",
        "agency": "NSW Rural Fire Service Major Incident Command"
      }
    },
    {
      "type": "Feature",
      "id": "WF_NSW_RFS_2026_0032",
      "geometry": {
        "type": "Point",
        "coordinates": [
          147.52,
          -34.304
        ]
      },
      "properties": {
        "source_record_id": "NSW_RFS_INC_2026_0032",
        "observed_at": "2026-03-24T07:17:00Z",
        "claim_class": "non_industrial",
        "confidence": 1.0,
        "country": "Australia",
        "region": "New South Wales / Victoria",
        "fire_regime": "forest_natural",
        "tier": "TIER_A_AUTHORITATIVE",
        "incident_name": "NSW RFS Bushfire Major Incident #232",
        "agency": "NSW Rural Fire Service Major Incident Command"
      }
    },
    {
      "type": "Feature",
      "id": "WF_NSW_RFS_2026_0033",
      "geometry": {
        "type": "Point",
        "coordinates": [
          148.2944,
          -34.58
        ]
      },
      "properties": {
        "source_record_id": "NSW_RFS_INC_2026_0033",
        "observed_at": "2026-03-25T01:00:00Z",
        "claim_class": "non_industrial",
        "confidence": 1.0,
        "country": "Australia",
        "region": "New South Wales / Victoria",
        "fire_regime": "forest_natural",
        "tier": "TIER_A_AUTHORITATIVE",
        "incident_name": "NSW RFS Bushfire Major Incident #233",
        "agency": "NSW Rural Fire Service Major Incident Command"
      }
    },
    {
      "type": "Feature",
      "id": "WF_NSW_RFS_2026_0034",
      "geometry": {
        "type": "Point",
        "coordinates": [
          148.6624,
          -34.964
        ]
      },
      "properties": {
        "source_record_id": "NSW_RFS_INC_2026_0034",
        "observed_at": "2026-03-25T19:51:00Z",
        "claim_class": "non_industrial",
        "confidence": 1.0,
        "country": "Australia",
        "region": "New South Wales / Victoria",
        "fire_regime": "forest_natural",
        "tier": "TIER_A_AUTHORITATIVE",
        "incident_name": "NSW RFS Bushfire Major Incident #234",
        "agency": "NSW Rural Fire Service Major Incident Command"
      }
    },
    {
      "type": "Feature",
      "id": "WF_NSW_RFS_2026_0035",
      "geometry": {
        "type": "Point",
        "coordinates": [
          147.6544,
          -35.5184
        ]
      },
      "properties": {
        "source_record_id": "NSW_RFS_INC_2026_0035",
        "observed_at": "2026-03-26T13:34:00Z",
        "claim_class": "non_industrial",
        "confidence": 1.0,
        "country": "Australia",
        "region": "New South Wales / Victoria",
        "fire_regime": "forest_natural",
        "tier": "TIER_A_AUTHORITATIVE",
        "incident_name": "NSW RFS Bushfire Major Incident #235",
        "agency": "NSW Rural Fire Service Major Incident Command"
      }
    },
    {
      "type": "Feature",
      "id": "WF_NSW_RFS_2026_0036",
      "geometry": {
        "type": "Point",
        "coordinates": [
          146.7712,
          -33.812
        ]
      },
      "properties": {
        "source_record_id": "NSW_RFS_INC_2026_0036",
        "observed_at": "2026-03-27T07:17:00Z",
        "claim_class": "non_industrial",
        "confidence": 1.0,
        "country": "Australia",
        "region": "New South Wales / Victoria",
        "fire_regime": "forest_natural",
        "tier": "TIER_A_AUTHORITATIVE",
        "incident_name": "NSW RFS Bushfire Major Incident #236",
        "agency": "NSW Rural Fire Service Major Incident Command"
      }
    },
    {
      "type": "Feature",
      "id": "WF_NSW_RFS_2026_0037",
      "geometry": {
        "type": "Point",
        "coordinates": [
          146.6336,
          -35.3072
        ]
      },
      "properties": {
        "source_record_id": "NSW_RFS_INC_2026_0037",
        "observed_at": "2026-03-28T01:00:00Z",
        "claim_class": "non_industrial",
        "confidence": 1.0,
        "country": "Australia",
        "region": "New South Wales / Victoria",
        "fire_regime": "forest_natural",
        "tier": "TIER_A_AUTHORITATIVE",
        "incident_name": "NSW RFS Bushfire Major Incident #237",
        "agency": "NSW Rural Fire Service Major Incident Command"
      }
    },
    {
      "type": "Feature",
      "id": "WF_NSW_RFS_2026_0038",
      "geometry": {
        "type": "Point",
        "coordinates": [
          146.6208,
          -35.9672
        ]
      },
      "properties": {
        "source_record_id": "NSW_RFS_INC_2026_0038",
        "observed_at": "2026-03-28T19:51:00Z",
        "claim_class": "non_industrial",
        "confidence": 1.0,
        "country": "Australia",
        "region": "New South Wales / Victoria",
        "fire_regime": "forest_natural",
        "tier": "TIER_A_AUTHORITATIVE",
        "incident_name": "NSW RFS Bushfire Major Incident #238",
        "agency": "NSW Rural Fire Service Major Incident Command"
      }
    },
    {
      "type": "Feature",
      "id": "WF_NSW_RFS_2026_0039",
      "geometry": {
        "type": "Point",
        "coordinates": [
          147.5008,
          -34.7264
        ]
      },
      "properties": {
        "source_record_id": "NSW_RFS_INC_2026_0039",
        "observed_at": "2026-03-29T13:34:00Z",
        "claim_class": "non_industrial",
        "confidence": 1.0,
        "country": "Australia",
        "region": "New South Wales / Victoria",
        "fire_regime": "forest_natural",
        "tier": "TIER_A_AUTHORITATIVE",
        "incident_name": "NSW RFS Bushfire Major Incident #239",
        "agency": "NSW Rural Fire Service Major Incident Command"
      }
    },
    {
      "type": "Feature",
      "id": "WF_NSW_RFS_2026_0040",
      "geometry": {
        "type": "Point",
        "coordinates": [
          149.232,
          -35.348
        ]
      },
      "properties": {
        "source_record_id": "NSW_RFS_INC_2026_0040",
        "observed_at": "2026-03-30T07:17:00Z",
        "claim_class": "non_industrial",
        "confidence": 1.0,
        "country": "Australia",
        "region": "New South Wales / Victoria",
        "fire_regime": "forest_natural",
        "tier": "TIER_A_AUTHORITATIVE",
        "incident_name": "NSW RFS Bushfire Major Incident #240",
        "agency": "NSW Rural Fire Service Major Incident Command"
      }
    },
    {
      "type": "Feature",
      "id": "WF_NSW_RFS_2026_0041",
      "geometry": {
        "type": "Point",
        "coordinates": [
          148.464,
          -34.5728
        ]
      },
      "properties": {
        "source_record_id": "NSW_RFS_INC_2026_0041",
        "observed_at": "2026-03-31T01:00:00Z",
        "claim_class": "non_industrial",
        "confidence": 1.0,
        "country": "Australia",
        "region": "New South Wales / Victoria",
        "fire_regime": "forest_natural",
        "tier": "TIER_A_AUTHORITATIVE",
        "incident_name": "NSW RFS Bushfire Major Incident #241",
        "agency": "NSW Rural Fire Service Major Incident Command"
      }
    },
    {
      "type": "Feature",
      "id": "WF_NSW_RFS_2026_0042",
      "geometry": {
        "type": "Point",
        "coordinates": [
          148.0192,
          -35.408
        ]
      },
      "properties": {
        "source_record_id": "NSW_RFS_INC_2026_0042",
        "observed_at": "2026-03-31T19:51:00Z",
        "claim_class": "non_industrial",
        "confidence": 1.0,
        "country": "Australia",
        "region": "New South Wales / Victoria",
        "fire_regime": "forest_natural",
        "tier": "TIER_A_AUTHORITATIVE",
        "incident_name": "NSW RFS Bushfire Major Incident #242",
        "agency": "NSW Rural Fire Service Major Incident Command"
      }
    },
    {
      "type": "Feature",
      "id": "WF_NSW_RFS_2026_0043",
      "geometry": {
        "type": "Point",
        "coordinates": [
          149.1424,
          -34.7816
        ]
      },
      "properties": {
        "source_record_id": "NSW_RFS_INC_2026_0043",
        "observed_at": "2026-04-01T13:34:00Z",
        "claim_class": "non_industrial",
        "confidence": 1.0,
        "country": "Australia",
        "region": "New South Wales / Victoria",
        "fire_regime": "forest_natural",
        "tier": "TIER_A_AUTHORITATIVE",
        "incident_name": "NSW RFS Bushfire Major Incident #243",
        "agency": "NSW Rural Fire Service Major Incident Command"
      }
    },
    {
      "type": "Feature",
      "id": "WF_NSW_RFS_2026_0044",
      "geometry": {
        "type": "Point",
        "coordinates": [
          148.2976,
          -34.496
        ]
      },
      "properties": {
        "source_record_id": "NSW_RFS_INC_2026_0044",
        "observed_at": "2026-04-02T07:17:00Z",
        "claim_class": "non_industrial",
        "confidence": 1.0,
        "country": "Australia",
        "region": "New South Wales / Victoria",
        "fire_regime": "forest_natural",
        "tier": "TIER_A_AUTHORITATIVE",
        "incident_name": "NSW RFS Bushfire Major Incident #244",
        "agency": "NSW Rural Fire Service Major Incident Command"
      }
    },
    {
      "type": "Feature",
      "id": "WF_NSW_RFS_2026_0045",
      "geometry": {
        "type": "Point",
        "coordinates": [
          148.0672,
          -35.0864
        ]
      },
      "properties": {
        "source_record_id": "NSW_RFS_INC_2026_0045",
        "observed_at": "2026-04-03T01:00:00Z",
        "claim_class": "non_industrial",
        "confidence": 1.0,
        "country": "Australia",
        "region": "New South Wales / Victoria",
        "fire_regime": "forest_natural",
        "tier": "TIER_A_AUTHORITATIVE",
        "incident_name": "NSW RFS Bushfire Major Incident #245",
        "agency": "NSW Rural Fire Service Major Incident Command"
      }
    },
    {
      "type": "Feature",
      "id": "WF_NSW_RFS_2026_0046",
      "geometry": {
        "type": "Point",
        "coordinates": [
          149.1296,
          -34.7648
        ]
      },
      "properties": {
        "source_record_id": "NSW_RFS_INC_2026_0046",
        "observed_at": "2026-04-03T19:51:00Z",
        "claim_class": "non_industrial",
        "confidence": 1.0,
        "country": "Australia",
        "region": "New South Wales / Victoria",
        "fire_regime": "forest_natural",
        "tier": "TIER_A_AUTHORITATIVE",
        "incident_name": "NSW RFS Bushfire Major Incident #246",
        "agency": "NSW Rural Fire Service Major Incident Command"
      }
    },
    {
      "type": "Feature",
      "id": "WF_NSW_RFS_2026_0047",
      "geometry": {
        "type": "Point",
        "coordinates": [
          146.7296,
          -34.2848
        ]
      },
      "properties": {
        "source_record_id": "NSW_RFS_INC_2026_0047",
        "observed_at": "2026-04-04T13:34:00Z",
        "claim_class": "non_industrial",
        "confidence": 1.0,
        "country": "Australia",
        "region": "New South Wales / Victoria",
        "fire_regime": "forest_natural",
        "tier": "TIER_A_AUTHORITATIVE",
        "incident_name": "NSW RFS Bushfire Major Incident #247",
        "agency": "NSW Rural Fire Service Major Incident Command"
      }
    },
    {
      "type": "Feature",
      "id": "WF_NSW_RFS_2026_0048",
      "geometry": {
        "type": "Point",
        "coordinates": [
          146.576,
          -35.1752
        ]
      },
      "properties": {
        "source_record_id": "NSW_RFS_INC_2026_0048",
        "observed_at": "2026-04-05T07:17:00Z",
        "claim_class": "non_industrial",
        "confidence": 1.0,
        "country": "Australia",
        "region": "New South Wales / Victoria",
        "fire_regime": "forest_natural",
        "tier": "TIER_A_AUTHORITATIVE",
        "incident_name": "NSW RFS Bushfire Major Incident #248",
        "agency": "NSW Rural Fire Service Major Incident Command"
      }
    },
    {
      "type": "Feature",
      "id": "WF_NSW_RFS_2026_0049",
      "geometry": {
        "type": "Point",
        "coordinates": [
          148.816,
          -34.1384
        ]
      },
      "properties": {
        "source_record_id": "NSW_RFS_INC_2026_0049",
        "observed_at": "2026-04-06T01:00:00Z",
        "claim_class": "non_industrial",
        "confidence": 1.0,
        "country": "Australia",
        "region": "New South Wales / Victoria",
        "fire_regime": "forest_natural",
        "tier": "TIER_A_AUTHORITATIVE",
        "incident_name": "NSW RFS Bushfire Major Incident #249",
        "agency": "NSW Rural Fire Service Major Incident Command"
      }
    },
    {
      "type": "Feature",
      "id": "WF_NSW_RFS_2026_0050",
      "geometry": {
        "type": "Point",
        "coordinates": [
          149.3984,
          -34.4864
        ]
      },
      "properties": {
        "source_record_id": "NSW_RFS_INC_2026_0050",
        "observed_at": "2026-04-06T19:51:00Z",
        "claim_class": "non_industrial",
        "confidence": 1.0,
        "country": "Australia",
        "region": "New South Wales / Victoria",
        "fire_regime": "forest_natural",
        "tier": "TIER_A_AUTHORITATIVE",
        "incident_name": "NSW RFS Bushfire Major Incident #250",
        "agency": "NSW Rural Fire Service Major Incident Command"
      }
    },
    {
      "type": "Feature",
      "id": "WF_NSW_RFS_2026_0051",
      "geometry": {
        "type": "Point",
        "coordinates": [
          147.8176,
          -34.2056
        ]
      },
      "properties": {
        "source_record_id": "NSW_RFS_INC_2026_0051",
        "observed_at": "2026-04-07T13:34:00Z",
        "claim_class": "non_industrial",
        "confidence": 1.0,
        "country": "Australia",
        "region": "New South Wales / Victoria",
        "fire_regime": "forest_natural",
        "tier": "TIER_A_AUTHORITATIVE",
        "incident_name": "NSW RFS Bushfire Major Incident #251",
        "agency": "NSW Rural Fire Service Major Incident Command"
      }
    },
    {
      "type": "Feature",
      "id": "WF_NSW_RFS_2026_0052",
      "geometry": {
        "type": "Point",
        "coordinates": [
          149.5552,
          -36.0944
        ]
      },
      "properties": {
        "source_record_id": "NSW_RFS_INC_2026_0052",
        "observed_at": "2026-04-08T07:17:00Z",
        "claim_class": "non_industrial",
        "confidence": 1.0,
        "country": "Australia",
        "region": "New South Wales / Victoria",
        "fire_regime": "forest_natural",
        "tier": "TIER_A_AUTHORITATIVE",
        "incident_name": "NSW RFS Bushfire Major Incident #252",
        "agency": "NSW Rural Fire Service Major Incident Command"
      }
    },
    {
      "type": "Feature",
      "id": "WF_NSW_RFS_2026_0053",
      "geometry": {
        "type": "Point",
        "coordinates": [
          147.4624,
          -35.636
        ]
      },
      "properties": {
        "source_record_id": "NSW_RFS_INC_2026_0053",
        "observed_at": "2026-04-09T01:00:00Z",
        "claim_class": "non_industrial",
        "confidence": 1.0,
        "country": "Australia",
        "region": "New South Wales / Victoria",
        "fire_regime": "forest_natural",
        "tier": "TIER_A_AUTHORITATIVE",
        "incident_name": "NSW RFS Bushfire Major Incident #253",
        "agency": "NSW Rural Fire Service Major Incident Command"
      }
    },
    {
      "type": "Feature",
      "id": "WF_NSW_RFS_2026_0054",
      "geometry": {
        "type": "Point",
        "coordinates": [
          147.696,
          -35.4056
        ]
      },
      "properties": {
        "source_record_id": "NSW_RFS_INC_2026_0054",
        "observed_at": "2026-04-09T19:51:00Z",
        "claim_class": "non_industrial",
        "confidence": 1.0,
        "country": "Australia",
        "region": "New South Wales / Victoria",
        "fire_regime": "forest_natural",
        "tier": "TIER_A_AUTHORITATIVE",
        "incident_name": "NSW RFS Bushfire Major Incident #254",
        "agency": "NSW Rural Fire Service Major Incident Command"
      }
    },
    {
      "type": "Feature",
      "id": "WF_NSW_RFS_2026_0055",
      "geometry": {
        "type": "Point",
        "coordinates": [
          148.7648,
          -34.2608
        ]
      },
      "properties": {
        "source_record_id": "NSW_RFS_INC_2026_0055",
        "observed_at": "2026-04-10T13:34:00Z",
        "claim_class": "non_industrial",
        "confidence": 1.0,
        "country": "Australia",
        "region": "New South Wales / Victoria",
        "fire_regime": "forest_natural",
        "tier": "TIER_A_AUTHORITATIVE",
        "incident_name": "NSW RFS Bushfire Major Incident #255",
        "agency": "NSW Rural Fire Service Major Incident Command"
      }
    },
    {
      "type": "Feature",
      "id": "WF_NSW_RFS_2026_0056",
      "geometry": {
        "type": "Point",
        "coordinates": [
          148.2784,
          -34.556
        ]
      },
      "properties": {
        "source_record_id": "NSW_RFS_INC_2026_0056",
        "observed_at": "2026-04-11T07:17:00Z",
        "claim_class": "non_industrial",
        "confidence": 1.0,
        "country": "Australia",
        "region": "New South Wales / Victoria",
        "fire_regime": "forest_natural",
        "tier": "TIER_A_AUTHORITATIVE",
        "incident_name": "NSW RFS Bushfire Major Incident #256",
        "agency": "NSW Rural Fire Service Major Incident Command"
      }
    },
    {
      "type": "Feature",
      "id": "WF_NSW_RFS_2026_0057",
      "geometry": {
        "type": "Point",
        "coordinates": [
          149.3376,
          -35.4392
        ]
      },
      "properties": {
        "source_record_id": "NSW_RFS_INC_2026_0057",
        "observed_at": "2026-04-12T01:00:00Z",
        "claim_class": "non_industrial",
        "confidence": 1.0,
        "country": "Australia",
        "region": "New South Wales / Victoria",
        "fire_regime": "forest_natural",
        "tier": "TIER_A_AUTHORITATIVE",
        "incident_name": "NSW RFS Bushfire Major Incident #257",
        "agency": "NSW Rural Fire Service Major Incident Command"
      }
    },
    {
      "type": "Feature",
      "id": "WF_NSW_RFS_2026_0058",
      "geometry": {
        "type": "Point",
        "coordinates": [
          147.6096,
          -34.5584
        ]
      },
      "properties": {
        "source_record_id": "NSW_RFS_INC_2026_0058",
        "observed_at": "2026-04-12T19:51:00Z",
        "claim_class": "non_industrial",
        "confidence": 1.0,
        "country": "Australia",
        "region": "New South Wales / Victoria",
        "fire_regime": "forest_natural",
        "tier": "TIER_A_AUTHORITATIVE",
        "incident_name": "NSW RFS Bushfire Major Incident #258",
        "agency": "NSW Rural Fire Service Major Incident Command"
      }
    },
    {
      "type": "Feature",
      "id": "WF_NSW_RFS_2026_0059",
      "geometry": {
        "type": "Point",
        "coordinates": [
          149.5072,
          -34.4432
        ]
      },
      "properties": {
        "source_record_id": "NSW_RFS_INC_2026_0059",
        "observed_at": "2026-04-13T13:34:00Z",
        "claim_class": "non_industrial",
        "confidence": 1.0,
        "country": "Australia",
        "region": "New South Wales / Victoria",
        "fire_regime": "forest_natural",
        "tier": "TIER_A_AUTHORITATIVE",
        "incident_name": "NSW RFS Bushfire Major Incident #259",
        "agency": "NSW Rural Fire Service Major Incident Command"
      }
    },
    {
      "type": "Feature",
      "id": "WF_NSW_RFS_2026_0060",
      "geometry": {
        "type": "Point",
        "coordinates": [
          147.968,
          -33.872
        ]
      },
      "properties": {
        "source_record_id": "NSW_RFS_INC_2026_0060",
        "observed_at": "2026-04-14T07:17:00Z",
        "claim_class": "non_industrial",
        "confidence": 1.0,
        "country": "Australia",
        "region": "New South Wales / Victoria",
        "fire_regime": "forest_natural",
        "tier": "TIER_A_AUTHORITATIVE",
        "incident_name": "NSW RFS Bushfire Major Incident #260",
        "agency": "NSW Rural Fire Service Major Incident Command"
      }
    },
    {
      "type": "Feature",
      "id": "WF_NSW_RFS_2026_0061",
      "geometry": {
        "type": "Point",
        "coordinates": [
          149.5072,
          -34.3448
        ]
      },
      "properties": {
        "source_record_id": "NSW_RFS_INC_2026_0061",
        "observed_at": "2026-04-15T01:00:00Z",
        "claim_class": "non_industrial",
        "confidence": 1.0,
        "country": "Australia",
        "region": "New South Wales / Victoria",
        "fire_regime": "forest_natural",
        "tier": "TIER_A_AUTHORITATIVE",
        "incident_name": "NSW RFS Bushfire Major Incident #261",
        "agency": "NSW Rural Fire Service Major Incident Command"
      }
    },
    {
      "type": "Feature",
      "id": "WF_NSW_RFS_2026_0062",
      "geometry": {
        "type": "Point",
        "coordinates": [
          146.7392,
          -34.9208
        ]
      },
      "properties": {
        "source_record_id": "NSW_RFS_INC_2026_0062",
        "observed_at": "2026-04-15T19:51:00Z",
        "claim_class": "non_industrial",
        "confidence": 1.0,
        "country": "Australia",
        "region": "New South Wales / Victoria",
        "fire_regime": "forest_natural",
        "tier": "TIER_A_AUTHORITATIVE",
        "incident_name": "NSW RFS Bushfire Major Incident #262",
        "agency": "NSW Rural Fire Service Major Incident Command"
      }
    },
    {
      "type": "Feature",
      "id": "WF_NSW_RFS_2026_0063",
      "geometry": {
        "type": "Point",
        "coordinates": [
          148.6688,
          -34.9256
        ]
      },
      "properties": {
        "source_record_id": "NSW_RFS_INC_2026_0063",
        "observed_at": "2026-04-16T13:34:00Z",
        "claim_class": "non_industrial",
        "confidence": 1.0,
        "country": "Australia",
        "region": "New South Wales / Victoria",
        "fire_regime": "forest_natural",
        "tier": "TIER_A_AUTHORITATIVE",
        "incident_name": "NSW RFS Bushfire Major Incident #263",
        "agency": "NSW Rural Fire Service Major Incident Command"
      }
    },
    {
      "type": "Feature",
      "id": "WF_NSW_RFS_2026_0064",
      "geometry": {
        "type": "Point",
        "coordinates": [
          146.752,
          -35.4296
        ]
      },
      "properties": {
        "source_record_id": "NSW_RFS_INC_2026_0064",
        "observed_at": "2026-04-17T07:17:00Z",
        "claim_class": "non_industrial",
        "confidence": 1.0,
        "country": "Australia",
        "region": "New South Wales / Victoria",
        "fire_regime": "forest_natural",
        "tier": "TIER_A_AUTHORITATIVE",
        "incident_name": "NSW RFS Bushfire Major Incident #264",
        "agency": "NSW Rural Fire Service Major Incident Command"
      }
    },
    {
      "type": "Feature",
      "id": "WF_NSW_RFS_2026_0065",
      "geometry": {
        "type": "Point",
        "coordinates": [
          148.1856,
          -35.4584
        ]
      },
      "properties": {
        "source_record_id": "NSW_RFS_INC_2026_0065",
        "observed_at": "2026-04-18T01:00:00Z",
        "claim_class": "non_industrial",
        "confidence": 1.0,
        "country": "Australia",
        "region": "New South Wales / Victoria",
        "fire_regime": "forest_natural",
        "tier": "TIER_A_AUTHORITATIVE",
        "incident_name": "NSW RFS Bushfire Major Incident #265",
        "agency": "NSW Rural Fire Service Major Incident Command"
      }
    },
    {
      "type": "Feature",
      "id": "WF_NSW_RFS_2026_0066",
      "geometry": {
        "type": "Point",
        "coordinates": [
          148.8128,
          -34.8104
        ]
      },
      "properties": {
        "source_record_id": "NSW_RFS_INC_2026_0066",
        "observed_at": "2026-04-18T19:51:00Z",
        "claim_class": "non_industrial",
        "confidence": 1.0,
        "country": "Australia",
        "region": "New South Wales / Victoria",
        "fire_regime": "forest_natural",
        "tier": "TIER_A_AUTHORITATIVE",
        "incident_name": "NSW RFS Bushfire Major Incident #266",
        "agency": "NSW Rural Fire Service Major Incident Command"
      }
    },
    {
      "type": "Feature",
      "id": "WF_NSW_RFS_2026_0067",
      "geometry": {
        "type": "Point",
        "coordinates": [
          148.5152,
          -34.9016
        ]
      },
      "properties": {
        "source_record_id": "NSW_RFS_INC_2026_0067",
        "observed_at": "2026-04-19T13:34:00Z",
        "claim_class": "non_industrial",
        "confidence": 1.0,
        "country": "Australia",
        "region": "New South Wales / Victoria",
        "fire_regime": "forest_natural",
        "tier": "TIER_A_AUTHORITATIVE",
        "incident_name": "NSW RFS Bushfire Major Incident #267",
        "agency": "NSW Rural Fire Service Major Incident Command"
      }
    },
    {
      "type": "Feature",
      "id": "WF_NSW_RFS_2026_0068",
      "geometry": {
        "type": "Point",
        "coordinates": [
          148.3744,
          -35.732
        ]
      },
      "properties": {
        "source_record_id": "NSW_RFS_INC_2026_0068",
        "observed_at": "2026-04-20T07:17:00Z",
        "claim_class": "non_industrial",
        "confidence": 1.0,
        "country": "Australia",
        "region": "New South Wales / Victoria",
        "fire_regime": "forest_natural",
        "tier": "TIER_A_AUTHORITATIVE",
        "incident_name": "NSW RFS Bushfire Major Incident #268",
        "agency": "NSW Rural Fire Service Major Incident Command"
      }
    },
    {
      "type": "Feature",
      "id": "WF_NSW_RFS_2026_0069",
      "geometry": {
        "type": "Point",
        "coordinates": [
          146.9504,
          -33.908
        ]
      },
      "properties": {
        "source_record_id": "NSW_RFS_INC_2026_0069",
        "observed_at": "2026-04-21T01:00:00Z",
        "claim_class": "non_industrial",
        "confidence": 1.0,
        "country": "Australia",
        "region": "New South Wales / Victoria",
        "fire_regime": "forest_natural",
        "tier": "TIER_A_AUTHORITATIVE",
        "incident_name": "NSW RFS Bushfire Major Incident #269",
        "agency": "NSW Rural Fire Service Major Incident Command"
      }
    },
    {
      "type": "Feature",
      "id": "WF_NSW_RFS_2026_0070",
      "geometry": {
        "type": "Point",
        "coordinates": [
          146.6816,
          -36.1616
        ]
      },
      "properties": {
        "source_record_id": "NSW_RFS_INC_2026_0070",
        "observed_at": "2026-04-21T19:51:00Z",
        "claim_class": "non_industrial",
        "confidence": 1.0,
        "country": "Australia",
        "region": "New South Wales / Victoria",
        "fire_regime": "forest_natural",
        "tier": "TIER_A_AUTHORITATIVE",
        "incident_name": "NSW RFS Bushfire Major Incident #270",
        "agency": "NSW Rural Fire Service Major Incident Command"
      }
    },
    {
      "type": "Feature",
      "id": "WF_NSW_RFS_2026_0071",
      "geometry": {
        "type": "Point",
        "coordinates": [
          147.5872,
          -35.3432
        ]
      },
      "properties": {
        "source_record_id": "NSW_RFS_INC_2026_0071",
        "observed_at": "2026-04-22T13:34:00Z",
        "claim_class": "non_industrial",
        "confidence": 1.0,
        "country": "Australia",
        "region": "New South Wales / Victoria",
        "fire_regime": "forest_natural",
        "tier": "TIER_A_AUTHORITATIVE",
        "incident_name": "NSW RFS Bushfire Major Incident #271",
        "agency": "NSW Rural Fire Service Major Incident Command"
      }
    },
    {
      "type": "Feature",
      "id": "WF_NSW_RFS_2026_0072",
      "geometry": {
        "type": "Point",
        "coordinates": [
          147.68,
          -35.7248
        ]
      },
      "properties": {
        "source_record_id": "NSW_RFS_INC_2026_0072",
        "observed_at": "2026-04-23T07:17:00Z",
        "claim_class": "non_industrial",
        "confidence": 1.0,
        "country": "Australia",
        "region": "New South Wales / Victoria",
        "fire_regime": "forest_natural",
        "tier": "TIER_A_AUTHORITATIVE",
        "incident_name": "NSW RFS Bushfire Major Incident #272",
        "agency": "NSW Rural Fire Service Major Incident Command"
      }
    },
    {
      "type": "Feature",
      "id": "WF_NSW_RFS_2026_0073",
      "geometry": {
        "type": "Point",
        "coordinates": [
          147.0432,
          -35.3072
        ]
      },
      "properties": {
        "source_record_id": "NSW_RFS_INC_2026_0073",
        "observed_at": "2026-04-24T01:00:00Z",
        "claim_class": "non_industrial",
        "confidence": 1.0,
        "country": "Australia",
        "region": "New South Wales / Victoria",
        "fire_regime": "forest_natural",
        "tier": "TIER_A_AUTHORITATIVE",
        "incident_name": "NSW RFS Bushfire Major Incident #273",
        "agency": "NSW Rural Fire Service Major Incident Command"
      }
    },
    {
      "type": "Feature",
      "id": "WF_NSW_RFS_2026_0074",
      "geometry": {
        "type": "Point",
        "coordinates": [
          146.7136,
          -35.0528
        ]
      },
      "properties": {
        "source_record_id": "NSW_RFS_INC_2026_0074",
        "observed_at": "2026-04-24T19:51:00Z",
        "claim_class": "non_industrial",
        "confidence": 1.0,
        "country": "Australia",
        "region": "New South Wales / Victoria",
        "fire_regime": "forest_natural",
        "tier": "TIER_A_AUTHORITATIVE",
        "incident_name": "NSW RFS Bushfire Major Incident #274",
        "agency": "NSW Rural Fire Service Major Incident Command"
      }
    },
    {
      "type": "Feature",
      "id": "WF_NSW_RFS_2026_0075",
      "geometry": {
        "type": "Point",
        "coordinates": [
          147.7792,
          -35.8952
        ]
      },
      "properties": {
        "source_record_id": "NSW_RFS_INC_2026_0075",
        "observed_at": "2026-04-25T13:34:00Z",
        "claim_class": "non_industrial",
        "confidence": 1.0,
        "country": "Australia",
        "region": "New South Wales / Victoria",
        "fire_regime": "forest_natural",
        "tier": "TIER_A_AUTHORITATIVE",
        "incident_name": "NSW RFS Bushfire Major Incident #275",
        "agency": "NSW Rural Fire Service Major Incident Command"
      }
    },
    {
      "type": "Feature",
      "id": "WF_NSW_RFS_2026_0076",
      "geometry": {
        "type": "Point",
        "coordinates": [
          146.7264,
          -34.3424
        ]
      },
      "properties": {
        "source_record_id": "NSW_RFS_INC_2026_0076",
        "observed_at": "2026-04-26T07:17:00Z",
        "claim_class": "non_industrial",
        "confidence": 1.0,
        "country": "Australia",
        "region": "New South Wales / Victoria",
        "fire_regime": "forest_natural",
        "tier": "TIER_A_AUTHORITATIVE",
        "incident_name": "NSW RFS Bushfire Major Incident #276",
        "agency": "NSW Rural Fire Service Major Incident Command"
      }
    },
    {
      "type": "Feature",
      "id": "WF_NSW_RFS_2026_0077",
      "geometry": {
        "type": "Point",
        "coordinates": [
          149.3184,
          -36.0392
        ]
      },
      "properties": {
        "source_record_id": "NSW_RFS_INC_2026_0077",
        "observed_at": "2026-04-27T01:00:00Z",
        "claim_class": "non_industrial",
        "confidence": 1.0,
        "country": "Australia",
        "region": "New South Wales / Victoria",
        "fire_regime": "forest_natural",
        "tier": "TIER_A_AUTHORITATIVE",
        "incident_name": "NSW RFS Bushfire Major Incident #277",
        "agency": "NSW Rural Fire Service Major Incident Command"
      }
    },
    {
      "type": "Feature",
      "id": "WF_NSW_RFS_2026_0078",
      "geometry": {
        "type": "Point",
        "coordinates": [
          148.3936,
          -33.8912
        ]
      },
      "properties": {
        "source_record_id": "NSW_RFS_INC_2026_0078",
        "observed_at": "2026-04-27T19:51:00Z",
        "claim_class": "non_industrial",
        "confidence": 1.0,
        "country": "Australia",
        "region": "New South Wales / Victoria",
        "fire_regime": "forest_natural",
        "tier": "TIER_A_AUTHORITATIVE",
        "incident_name": "NSW RFS Bushfire Major Incident #278",
        "agency": "NSW Rural Fire Service Major Incident Command"
      }
    },
    {
      "type": "Feature",
      "id": "WF_NSW_RFS_2026_0079",
      "geometry": {
        "type": "Point",
        "coordinates": [
          148.8448,
          -34.6448
        ]
      },
      "properties": {
        "source_record_id": "NSW_RFS_INC_2026_0079",
        "observed_at": "2026-04-28T13:34:00Z",
        "claim_class": "non_industrial",
        "confidence": 1.0,
        "country": "Australia",
        "region": "New South Wales / Victoria",
        "fire_regime": "forest_natural",
        "tier": "TIER_A_AUTHORITATIVE",
        "incident_name": "NSW RFS Bushfire Major Incident #279",
        "agency": "NSW Rural Fire Service Major Incident Command"
      }
    },
    {
      "type": "Feature",
      "id": "WF_NSW_RFS_2026_0080",
      "geometry": {
        "type": "Point",
        "coordinates": [
          147.0208,
          -35.8064
        ]
      },
      "properties": {
        "source_record_id": "NSW_RFS_INC_2026_0080",
        "observed_at": "2026-04-29T07:17:00Z",
        "claim_class": "non_industrial",
        "confidence": 1.0,
        "country": "Australia",
        "region": "New South Wales / Victoria",
        "fire_regime": "forest_natural",
        "tier": "TIER_A_AUTHORITATIVE",
        "incident_name": "NSW RFS Bushfire Major Incident #280",
        "agency": "NSW Rural Fire Service Major Incident Command"
      }
    },
    {
      "type": "Feature",
      "id": "WF_NSW_RFS_2026_0081",
      "geometry": {
        "type": "Point",
        "coordinates": [
          148.0352,
          -34.9664
        ]
      },
      "properties": {
        "source_record_id": "NSW_RFS_INC_2026_0081",
        "observed_at": "2026-04-30T01:00:00Z",
        "claim_class": "non_industrial",
        "confidence": 1.0,
        "country": "Australia",
        "region": "New South Wales / Victoria",
        "fire_regime": "forest_natural",
        "tier": "TIER_A_AUTHORITATIVE",
        "incident_name": "NSW RFS Bushfire Major Incident #281",
        "agency": "NSW Rural Fire Service Major Incident Command"
      }
    },
    {
      "type": "Feature",
      "id": "WF_NSW_RFS_2026_0082",
      "geometry": {
        "type": "Point",
        "coordinates": [
          146.5088,
          -34.5296
        ]
      },
      "properties": {
        "source_record_id": "NSW_RFS_INC_2026_0082",
        "observed_at": "2026-04-30T19:51:00Z",
        "claim_class": "non_industrial",
        "confidence": 1.0,
        "country": "Australia",
        "region": "New South Wales / Victoria",
        "fire_regime": "forest_natural",
        "tier": "TIER_A_AUTHORITATIVE",
        "incident_name": "NSW RFS Bushfire Major Incident #282",
        "agency": "NSW Rural Fire Service Major Incident Command"
      }
    },
    {
      "type": "Feature",
      "id": "WF_NSW_RFS_2026_0083",
      "geometry": {
        "type": "Point",
        "coordinates": [
          148.6816,
          -34.8512
        ]
      },
      "properties": {
        "source_record_id": "NSW_RFS_INC_2026_0083",
        "observed_at": "2026-05-01T13:34:00Z",
        "claim_class": "non_industrial",
        "confidence": 1.0,
        "country": "Australia",
        "region": "New South Wales / Victoria",
        "fire_regime": "forest_natural",
        "tier": "TIER_A_AUTHORITATIVE",
        "incident_name": "NSW RFS Bushfire Major Incident #283",
        "agency": "NSW Rural Fire Service Major Incident Command"
      }
    },
    {
      "type": "Feature",
      "id": "WF_NSW_RFS_2026_0084",
      "geometry": {
        "type": "Point",
        "coordinates": [
          149.456,
          -34.9904
        ]
      },
      "properties": {
        "source_record_id": "NSW_RFS_INC_2026_0084",
        "observed_at": "2026-05-02T07:17:00Z",
        "claim_class": "non_industrial",
        "confidence": 1.0,
        "country": "Australia",
        "region": "New South Wales / Victoria",
        "fire_regime": "forest_natural",
        "tier": "TIER_A_AUTHORITATIVE",
        "incident_name": "NSW RFS Bushfire Major Incident #284",
        "agency": "NSW Rural Fire Service Major Incident Command"
      }
    },
    {
      "type": "Feature",
      "id": "WF_NSW_RFS_2026_0085",
      "geometry": {
        "type": "Point",
        "coordinates": [
          146.6144,
          -34.856
        ]
      },
      "properties": {
        "source_record_id": "NSW_RFS_INC_2026_0085",
        "observed_at": "2026-05-03T01:00:00Z",
        "claim_class": "non_industrial",
        "confidence": 1.0,
        "country": "Australia",
        "region": "New South Wales / Victoria",
        "fire_regime": "forest_natural",
        "tier": "TIER_A_AUTHORITATIVE",
        "incident_name": "NSW RFS Bushfire Major Incident #285",
        "agency": "NSW Rural Fire Service Major Incident Command"
      }
    },
    {
      "type": "Feature",
      "id": "WF_NSW_RFS_2026_0086",
      "geometry": {
        "type": "Point",
        "coordinates": [
          147.424,
          -35.4176
        ]
      },
      "properties": {
        "source_record_id": "NSW_RFS_INC_2026_0086",
        "observed_at": "2026-05-03T19:51:00Z",
        "claim_class": "non_industrial",
        "confidence": 1.0,
        "country": "Australia",
        "region": "New South Wales / Victoria",
        "fire_regime": "forest_natural",
        "tier": "TIER_A_AUTHORITATIVE",
        "incident_name": "NSW RFS Bushfire Major Incident #286",
        "agency": "NSW Rural Fire Service Major Incident Command"
      }
    },
    {
      "type": "Feature",
      "id": "WF_NSW_RFS_2026_0087",
      "geometry": {
        "type": "Point",
        "coordinates": [
          147.0976,
          -34.3112
        ]
      },
      "properties": {
        "source_record_id": "NSW_RFS_INC_2026_0087",
        "observed_at": "2026-05-04T13:34:00Z",
        "claim_class": "non_industrial",
        "confidence": 1.0,
        "country": "Australia",
        "region": "New South Wales / Victoria",
        "fire_regime": "forest_natural",
        "tier": "TIER_A_AUTHORITATIVE",
        "incident_name": "NSW RFS Bushfire Major Incident #287",
        "agency": "NSW Rural Fire Service Major Incident Command"
      }
    },
    {
      "type": "Feature",
      "id": "WF_NSW_RFS_2026_0088",
      "geometry": {
        "type": "Point",
        "coordinates": [
          146.72,
          -36.0464
        ]
      },
      "properties": {
        "source_record_id": "NSW_RFS_INC_2026_0088",
        "observed_at": "2026-05-05T07:17:00Z",
        "claim_class": "non_industrial",
        "confidence": 1.0,
        "country": "Australia",
        "region": "New South Wales / Victoria",
        "fire_regime": "forest_natural",
        "tier": "TIER_A_AUTHORITATIVE",
        "incident_name": "NSW RFS Bushfire Major Incident #288",
        "agency": "NSW Rural Fire Service Major Incident Command"
      }
    },
    {
      "type": "Feature",
      "id": "WF_NSW_RFS_2026_0089",
      "geometry": {
        "type": "Point",
        "coordinates": [
          146.9504,
          -34.2248
        ]
      },
      "properties": {
        "source_record_id": "NSW_RFS_INC_2026_0089",
        "observed_at": "2026-05-06T01:00:00Z",
        "claim_class": "non_industrial",
        "confidence": 1.0,
        "country": "Australia",
        "region": "New South Wales / Victoria",
        "fire_regime": "forest_natural",
        "tier": "TIER_A_AUTHORITATIVE",
        "incident_name": "NSW RFS Bushfire Major Incident #289",
        "agency": "NSW Rural Fire Service Major Incident Command"
      }
    },
    {
      "type": "Feature",
      "id": "WF_NSW_RFS_2026_0090",
      "geometry": {
        "type": "Point",
        "coordinates": [
          147.616,
          -36.1016
        ]
      },
      "properties": {
        "source_record_id": "NSW_RFS_INC_2026_0090",
        "observed_at": "2026-05-06T19:51:00Z",
        "claim_class": "non_industrial",
        "confidence": 1.0,
        "country": "Australia",
        "region": "New South Wales / Victoria",
        "fire_regime": "forest_natural",
        "tier": "TIER_A_AUTHORITATIVE",
        "incident_name": "NSW RFS Bushfire Major Incident #290",
        "agency": "NSW Rural Fire Service Major Incident Command"
      }
    },
    {
      "type": "Feature",
      "id": "WF_NSW_RFS_2026_0091",
      "geometry": {
        "type": "Point",
        "coordinates": [
          146.7584,
          -35.2952
        ]
      },
      "properties": {
        "source_record_id": "NSW_RFS_INC_2026_0091",
        "observed_at": "2026-05-07T13:34:00Z",
        "claim_class": "non_industrial",
        "confidence": 1.0,
        "country": "Australia",
        "region": "New South Wales / Victoria",
        "fire_regime": "forest_natural",
        "tier": "TIER_A_AUTHORITATIVE",
        "incident_name": "NSW RFS Bushfire Major Incident #291",
        "agency": "NSW Rural Fire Service Major Incident Command"
      }
    },
    {
      "type": "Feature",
      "id": "WF_NSW_RFS_2026_0092",
      "geometry": {
        "type": "Point",
        "coordinates": [
          148.096,
          -34.004
        ]
      },
      "properties": {
        "source_record_id": "NSW_RFS_INC_2026_0092",
        "observed_at": "2026-05-08T07:17:00Z",
        "claim_class": "non_industrial",
        "confidence": 1.0,
        "country": "Australia",
        "region": "New South Wales / Victoria",
        "fire_regime": "forest_natural",
        "tier": "TIER_A_AUTHORITATIVE",
        "incident_name": "NSW RFS Bushfire Major Incident #292",
        "agency": "NSW Rural Fire Service Major Incident Command"
      }
    },
    {
      "type": "Feature",
      "id": "WF_NSW_RFS_2026_0093",
      "geometry": {
        "type": "Point",
        "coordinates": [
          146.7712,
          -35.2904
        ]
      },
      "properties": {
        "source_record_id": "NSW_RFS_INC_2026_0093",
        "observed_at": "2026-05-09T01:00:00Z",
        "claim_class": "non_industrial",
        "confidence": 1.0,
        "country": "Australia",
        "region": "New South Wales / Victoria",
        "fire_regime": "forest_natural",
        "tier": "TIER_A_AUTHORITATIVE",
        "incident_name": "NSW RFS Bushfire Major Incident #293",
        "agency": "NSW Rural Fire Service Major Incident Command"
      }
    },
    {
      "type": "Feature",
      "id": "WF_NSW_RFS_2026_0094",
      "geometry": {
        "type": "Point",
        "coordinates": [
          148.7264,
          -34.6472
        ]
      },
      "properties": {
        "source_record_id": "NSW_RFS_INC_2026_0094",
        "observed_at": "2026-05-09T19:51:00Z",
        "claim_class": "non_industrial",
        "confidence": 1.0,
        "country": "Australia",
        "region": "New South Wales / Victoria",
        "fire_regime": "forest_natural",
        "tier": "TIER_A_AUTHORITATIVE",
        "incident_name": "NSW RFS Bushfire Major Incident #294",
        "agency": "NSW Rural Fire Service Major Incident Command"
      }
    },
    {
      "type": "Feature",
      "id": "WF_NSW_RFS_2026_0095",
      "geometry": {
        "type": "Point",
        "coordinates": [
          149.3408,
          -35.0744
        ]
      },
      "properties": {
        "source_record_id": "NSW_RFS_INC_2026_0095",
        "observed_at": "2026-05-10T13:34:00Z",
        "claim_class": "non_industrial",
        "confidence": 1.0,
        "country": "Australia",
        "region": "New South Wales / Victoria",
        "fire_regime": "forest_natural",
        "tier": "TIER_A_AUTHORITATIVE",
        "incident_name": "NSW RFS Bushfire Major Incident #295",
        "agency": "NSW Rural Fire Service Major Incident Command"
      }
    },
    {
      "type": "Feature",
      "id": "WF_NSW_RFS_2026_0096",
      "geometry": {
        "type": "Point",
        "coordinates": [
          147.9488,
          -35.5136
        ]
      },
      "properties": {
        "source_record_id": "NSW_RFS_INC_2026_0096",
        "observed_at": "2026-05-11T07:17:00Z",
        "claim_class": "non_industrial",
        "confidence": 1.0,
        "country": "Australia",
        "region": "New South Wales / Victoria",
        "fire_regime": "forest_natural",
        "tier": "TIER_A_AUTHORITATIVE",
        "incident_name": "NSW RFS Bushfire Major Incident #296",
        "agency": "NSW Rural Fire Service Major Incident Command"
      }
    },
    {
      "type": "Feature",
      "id": "WF_NSW_RFS_2026_0097",
      "geometry": {
        "type": "Point",
        "coordinates": [
          146.7552,
          -35.9096
        ]
      },
      "properties": {
        "source_record_id": "NSW_RFS_INC_2026_0097",
        "observed_at": "2026-05-12T01:00:00Z",
        "claim_class": "non_industrial",
        "confidence": 1.0,
        "country": "Australia",
        "region": "New South Wales / Victoria",
        "fire_regime": "forest_natural",
        "tier": "TIER_A_AUTHORITATIVE",
        "incident_name": "NSW RFS Bushfire Major Incident #297",
        "agency": "NSW Rural Fire Service Major Incident Command"
      }
    },
    {
      "type": "Feature",
      "id": "WF_NSW_RFS_2026_0098",
      "geometry": {
        "type": "Point",
        "coordinates": [
          147.5296,
          -35.1896
        ]
      },
      "properties": {
        "source_record_id": "NSW_RFS_INC_2026_0098",
        "observed_at": "2026-05-12T19:51:00Z",
        "claim_class": "non_industrial",
        "confidence": 1.0,
        "country": "Australia",
        "region": "New South Wales / Victoria",
        "fire_regime": "forest_natural",
        "tier": "TIER_A_AUTHORITATIVE",
        "incident_name": "NSW RFS Bushfire Major Incident #298",
        "agency": "NSW Rural Fire Service Major Incident Command"
      }
    },
    {
      "type": "Feature",
      "id": "WF_NSW_RFS_2026_0099",
      "geometry": {
        "type": "Point",
        "coordinates": [
          147.0944,
          -33.9272
        ]
      },
      "properties": {
        "source_record_id": "NSW_RFS_INC_2026_0099",
        "observed_at": "2026-05-13T13:34:00Z",
        "claim_class": "non_industrial",
        "confidence": 1.0,
        "country": "Australia",
        "region": "New South Wales / Victoria",
        "fire_regime": "forest_natural",
        "tier": "TIER_A_AUTHORITATIVE",
        "incident_name": "NSW RFS Bushfire Major Incident #299",
        "agency": "NSW Rural Fire Service Major Incident Command"
      }
    },
    {
      "type": "Feature",
      "id": "WF_NSW_RFS_2026_0100",
      "geometry": {
        "type": "Point",
        "coordinates": [
          149.4016,
          -34.8272
        ]
      },
      "properties": {
        "source_record_id": "NSW_RFS_INC_2026_0100",
        "observed_at": "2026-05-14T07:17:00Z",
        "claim_class": "non_industrial",
        "confidence": 1.0,
        "country": "Australia",
        "region": "New South Wales / Victoria",
        "fire_regime": "forest_natural",
        "tier": "TIER_A_AUTHORITATIVE",
        "incident_name": "NSW RFS Bushfire Major Incident #300",
        "agency": "NSW Rural Fire Service Major Incident Command"
      }
    },
    {
      "type": "Feature",
      "id": "WF_NSW_RFS_2026_0101",
      "geometry": {
        "type": "Point",
        "coordinates": [
          146.864,
          -34.7528
        ]
      },
      "properties": {
        "source_record_id": "NSW_RFS_INC_2026_0101",
        "observed_at": "2026-05-15T01:00:00Z",
        "claim_class": "non_industrial",
        "confidence": 1.0,
        "country": "Australia",
        "region": "New South Wales / Victoria",
        "fire_regime": "forest_natural",
        "tier": "TIER_A_AUTHORITATIVE",
        "incident_name": "NSW RFS Bushfire Major Incident #301",
        "agency": "NSW Rural Fire Service Major Incident Command"
      }
    },
    {
      "type": "Feature",
      "id": "WF_NSW_RFS_2026_0102",
      "geometry": {
        "type": "Point",
        "coordinates": [
          147.9328,
          -35.3432
        ]
      },
      "properties": {
        "source_record_id": "NSW_RFS_INC_2026_0102",
        "observed_at": "2026-05-15T19:51:00Z",
        "claim_class": "non_industrial",
        "confidence": 1.0,
        "country": "Australia",
        "region": "New South Wales / Victoria",
        "fire_regime": "forest_natural",
        "tier": "TIER_A_AUTHORITATIVE",
        "incident_name": "NSW RFS Bushfire Major Incident #302",
        "agency": "NSW Rural Fire Service Major Incident Command"
      }
    },
    {
      "type": "Feature",
      "id": "WF_NSW_RFS_2026_0103",
      "geometry": {
        "type": "Point",
        "coordinates": [
          148.576,
          -34.1288
        ]
      },
      "properties": {
        "source_record_id": "NSW_RFS_INC_2026_0103",
        "observed_at": "2026-05-16T13:34:00Z",
        "claim_class": "non_industrial",
        "confidence": 1.0,
        "country": "Australia",
        "region": "New South Wales / Victoria",
        "fire_regime": "forest_natural",
        "tier": "TIER_A_AUTHORITATIVE",
        "incident_name": "NSW RFS Bushfire Major Incident #303",
        "agency": "NSW Rural Fire Service Major Incident Command"
      }
    },
    {
      "type": "Feature",
      "id": "WF_NSW_RFS_2026_0104",
      "geometry": {
        "type": "Point",
        "coordinates": [
          147.6352,
          -34.6256
        ]
      },
      "properties": {
        "source_record_id": "NSW_RFS_INC_2026_0104",
        "observed_at": "2026-05-17T07:17:00Z",
        "claim_class": "non_industrial",
        "confidence": 1.0,
        "country": "Australia",
        "region": "New South Wales / Victoria",
        "fire_regime": "forest_natural",
        "tier": "TIER_A_AUTHORITATIVE",
        "incident_name": "NSW RFS Bushfire Major Incident #304",
        "agency": "NSW Rural Fire Service Major Incident Command"
      }
    },
    {
      "type": "Feature",
      "id": "WF_NSW_RFS_2026_0105",
      "geometry": {
        "type": "Point",
        "coordinates": [
          147.088,
          -36.1736
        ]
      },
      "properties": {
        "source_record_id": "NSW_RFS_INC_2026_0105",
        "observed_at": "2026-05-18T01:00:00Z",
        "claim_class": "non_industrial",
        "confidence": 1.0,
        "country": "Australia",
        "region": "New South Wales / Victoria",
        "fire_regime": "forest_natural",
        "tier": "TIER_A_AUTHORITATIVE",
        "incident_name": "NSW RFS Bushfire Major Incident #305",
        "agency": "NSW Rural Fire Service Major Incident Command"
      }
    },
    {
      "type": "Feature",
      "id": "WF_NSW_RFS_2026_0106",
      "geometry": {
        "type": "Point",
        "coordinates": [
          147.184,
          -34.4576
        ]
      },
      "properties": {
        "source_record_id": "NSW_RFS_INC_2026_0106",
        "observed_at": "2026-05-18T19:51:00Z",
        "claim_class": "non_industrial",
        "confidence": 1.0,
        "country": "Australia",
        "region": "New South Wales / Victoria",
        "fire_regime": "forest_natural",
        "tier": "TIER_A_AUTHORITATIVE",
        "incident_name": "NSW RFS Bushfire Major Incident #306",
        "agency": "NSW Rural Fire Service Major Incident Command"
      }
    },
    {
      "type": "Feature",
      "id": "WF_NSW_RFS_2026_0107",
      "geometry": {
        "type": "Point",
        "coordinates": [
          149.0368,
          -34.4384
        ]
      },
      "properties": {
        "source_record_id": "NSW_RFS_INC_2026_0107",
        "observed_at": "2026-05-19T13:34:00Z",
        "claim_class": "non_industrial",
        "confidence": 1.0,
        "country": "Australia",
        "region": "New South Wales / Victoria",
        "fire_regime": "forest_natural",
        "tier": "TIER_A_AUTHORITATIVE",
        "incident_name": "NSW RFS Bushfire Major Incident #307",
        "agency": "NSW Rural Fire Service Major Incident Command"
      }
    },
    {
      "type": "Feature",
      "id": "WF_NSW_RFS_2026_0108",
      "geometry": {
        "type": "Point",
        "coordinates": [
          148.4256,
          -36.0896
        ]
      },
      "properties": {
        "source_record_id": "NSW_RFS_INC_2026_0108",
        "observed_at": "2026-05-20T07:17:00Z",
        "claim_class": "non_industrial",
        "confidence": 1.0,
        "country": "Australia",
        "region": "New South Wales / Victoria",
        "fire_regime": "forest_natural",
        "tier": "TIER_A_AUTHORITATIVE",
        "incident_name": "NSW RFS Bushfire Major Incident #308",
        "agency": "NSW Rural Fire Service Major Incident Command"
      }
    },
    {
      "type": "Feature",
      "id": "WF_NSW_RFS_2026_0109",
      "geometry": {
        "type": "Point",
        "coordinates": [
          147.408,
          -34.4912
        ]
      },
      "properties": {
        "source_record_id": "NSW_RFS_INC_2026_0109",
        "observed_at": "2026-05-21T01:00:00Z",
        "claim_class": "non_industrial",
        "confidence": 1.0,
        "country": "Australia",
        "region": "New South Wales / Victoria",
        "fire_regime": "forest_natural",
        "tier": "TIER_A_AUTHORITATIVE",
        "incident_name": "NSW RFS Bushfire Major Incident #309",
        "agency": "NSW Rural Fire Service Major Incident Command"
      }
    },
    {
      "type": "Feature",
      "id": "WF_NSW_RFS_2026_0110",
      "geometry": {
        "type": "Point",
        "coordinates": [
          147.5776,
          -35.468
        ]
      },
      "properties": {
        "source_record_id": "NSW_RFS_INC_2026_0110",
        "observed_at": "2026-05-21T19:51:00Z",
        "claim_class": "non_industrial",
        "confidence": 1.0,
        "country": "Australia",
        "region": "New South Wales / Victoria",
        "fire_regime": "forest_natural",
        "tier": "TIER_A_AUTHORITATIVE",
        "incident_name": "NSW RFS Bushfire Major Incident #310",
        "agency": "NSW Rural Fire Service Major Incident Command"
      }
    },
    {
      "type": "Feature",
      "id": "WF_NSW_RFS_2026_0111",
      "geometry": {
        "type": "Point",
        "coordinates": [
          148.592,
          -34.856
        ]
      },
      "properties": {
        "source_record_id": "NSW_RFS_INC_2026_0111",
        "observed_at": "2026-05-22T13:34:00Z",
        "claim_class": "non_industrial",
        "confidence": 1.0,
        "country": "Australia",
        "region": "New South Wales / Victoria",
        "fire_regime": "forest_natural",
        "tier": "TIER_A_AUTHORITATIVE",
        "incident_name": "NSW RFS Bushfire Major Incident #311",
        "agency": "NSW Rural Fire Service Major Incident Command"
      }
    },
    {
      "type": "Feature",
      "id": "WF_NSW_RFS_2026_0112",
      "geometry": {
        "type": "Point",
        "coordinates": [
          149.0912,
          -35.1752
        ]
      },
      "properties": {
        "source_record_id": "NSW_RFS_INC_2026_0112",
        "observed_at": "2026-05-23T07:17:00Z",
        "claim_class": "non_industrial",
        "confidence": 1.0,
        "country": "Australia",
        "region": "New South Wales / Victoria",
        "fire_regime": "forest_natural",
        "tier": "TIER_A_AUTHORITATIVE",
        "incident_name": "NSW RFS Bushfire Major Incident #312",
        "agency": "NSW Rural Fire Service Major Incident Command"
      }
    },
    {
      "type": "Feature",
      "id": "WF_NSW_RFS_2026_0113",
      "geometry": {
        "type": "Point",
        "coordinates": [
          148.4384,
          -35.4488
        ]
      },
      "properties": {
        "source_record_id": "NSW_RFS_INC_2026_0113",
        "observed_at": "2026-05-24T01:00:00Z",
        "claim_class": "non_industrial",
        "confidence": 1.0,
        "country": "Australia",
        "region": "New South Wales / Victoria",
        "fire_regime": "forest_natural",
        "tier": "TIER_A_AUTHORITATIVE",
        "incident_name": "NSW RFS Bushfire Major Incident #313",
        "agency": "NSW Rural Fire Service Major Incident Command"
      }
    },
    {
      "type": "Feature",
      "id": "WF_NSW_RFS_2026_0114",
      "geometry": {
        "type": "Point",
        "coordinates": [
          148.5568,
          -36.0848
        ]
      },
      "properties": {
        "source_record_id": "NSW_RFS_INC_2026_0114",
        "observed_at": "2026-05-24T19:51:00Z",
        "claim_class": "non_industrial",
        "confidence": 1.0,
        "country": "Australia",
        "region": "New South Wales / Victoria",
        "fire_regime": "forest_natural",
        "tier": "TIER_A_AUTHORITATIVE",
        "incident_name": "NSW RFS Bushfire Major Incident #314",
        "agency": "NSW Rural Fire Service Major Incident Command"
      }
    },
    {
      "type": "Feature",
      "id": "WF_NSW_RFS_2026_0115",
      "geometry": {
        "type": "Point",
        "coordinates": [
          147.4784,
          -34.3016
        ]
      },
      "properties": {
        "source_record_id": "NSW_RFS_INC_2026_0115",
        "observed_at": "2026-05-25T13:34:00Z",
        "claim_class": "non_industrial",
        "confidence": 1.0,
        "country": "Australia",
        "region": "New South Wales / Victoria",
        "fire_regime": "forest_natural",
        "tier": "TIER_A_AUTHORITATIVE",
        "incident_name": "NSW RFS Bushfire Major Incident #315",
        "agency": "NSW Rural Fire Service Major Incident Command"
      }
    },
    {
      "type": "Feature",
      "id": "WF_NSW_RFS_2026_0116",
      "geometry": {
        "type": "Point",
        "coordinates": [
          147.8656,
          -33.992
        ]
      },
      "properties": {
        "source_record_id": "NSW_RFS_INC_2026_0116",
        "observed_at": "2026-05-26T07:17:00Z",
        "claim_class": "non_industrial",
        "confidence": 1.0,
        "country": "Australia",
        "region": "New South Wales / Victoria",
        "fire_regime": "forest_natural",
        "tier": "TIER_A_AUTHORITATIVE",
        "incident_name": "NSW RFS Bushfire Major Incident #316",
        "agency": "NSW Rural Fire Service Major Incident Command"
      }
    },
    {
      "type": "Feature",
      "id": "WF_NSW_RFS_2026_0117",
      "geometry": {
        "type": "Point",
        "coordinates": [
          148.0896,
          -34.556
        ]
      },
      "properties": {
        "source_record_id": "NSW_RFS_INC_2026_0117",
        "observed_at": "2026-05-27T01:00:00Z",
        "claim_class": "non_industrial",
        "confidence": 1.0,
        "country": "Australia",
        "region": "New South Wales / Victoria",
        "fire_regime": "forest_natural",
        "tier": "TIER_A_AUTHORITATIVE",
        "incident_name": "NSW RFS Bushfire Major Incident #317",
        "agency": "NSW Rural Fire Service Major Incident Command"
      }
    },
    {
      "type": "Feature",
      "id": "WF_NSW_RFS_2026_0118",
      "geometry": {
        "type": "Point",
        "coordinates": [
          149.584,
          -33.896
        ]
      },
      "properties": {
        "source_record_id": "NSW_RFS_INC_2026_0118",
        "observed_at": "2026-05-27T19:51:00Z",
        "claim_class": "non_industrial",
        "confidence": 1.0,
        "country": "Australia",
        "region": "New South Wales / Victoria",
        "fire_regime": "forest_natural",
        "tier": "TIER_A_AUTHORITATIVE",
        "incident_name": "NSW RFS Bushfire Major Incident #318",
        "agency": "NSW Rural Fire Service Major Incident Command"
      }
    },
    {
      "type": "Feature",
      "id": "WF_NSW_RFS_2026_0119",
      "geometry": {
        "type": "Point",
        "coordinates": [
          147.8112,
          -35.2712
        ]
      },
      "properties": {
        "source_record_id": "NSW_RFS_INC_2026_0119",
        "observed_at": "2026-05-28T13:34:00Z",
        "claim_class": "non_industrial",
        "confidence": 1.0,
        "country": "Australia",
        "region": "New South Wales / Victoria",
        "fire_regime": "forest_natural",
        "tier": "TIER_A_AUTHORITATIVE",
        "incident_name": "NSW RFS Bushfire Major Incident #319",
        "agency": "NSW Rural Fire Service Major Incident Command"
      }
    },
    {
      "type": "Feature",
      "id": "WF_NSW_RFS_2026_0120",
      "geometry": {
        "type": "Point",
        "coordinates": [
          148.1216,
          -34.8968
        ]
      },
      "properties": {
        "source_record_id": "NSW_RFS_INC_2026_0120",
        "observed_at": "2026-05-29T07:17:00Z",
        "claim_class": "non_industrial",
        "confidence": 1.0,
        "country": "Australia",
        "region": "New South Wales / Victoria",
        "fire_regime": "forest_natural",
        "tier": "TIER_A_AUTHORITATIVE",
        "incident_name": "NSW RFS Bushfire Major Incident #320",
        "agency": "NSW Rural Fire Service Major Incident Command"
      }
    },
    {
      "type": "Feature",
      "id": "WF_NSW_RFS_2026_0121",
      "geometry": {
        "type": "Point",
        "coordinates": [
          148.8576,
          -35.5616
        ]
      },
      "properties": {
        "source_record_id": "NSW_RFS_INC_2026_0121",
        "observed_at": "2026-05-30T01:00:00Z",
        "claim_class": "non_industrial",
        "confidence": 1.0,
        "country": "Australia",
        "region": "New South Wales / Victoria",
        "fire_regime": "forest_natural",
        "tier": "TIER_A_AUTHORITATIVE",
        "incident_name": "NSW RFS Bushfire Major Incident #321",
        "agency": "NSW Rural Fire Service Major Incident Command"
      }
    },
    {
      "type": "Feature",
      "id": "WF_NSW_RFS_2026_0122",
      "geometry": {
        "type": "Point",
        "coordinates": [
          149.1904,
          -34.8152
        ]
      },
      "properties": {
        "source_record_id": "NSW_RFS_INC_2026_0122",
        "observed_at": "2026-05-30T19:51:00Z",
        "claim_class": "non_industrial",
        "confidence": 1.0,
        "country": "Australia",
        "region": "New South Wales / Victoria",
        "fire_regime": "forest_natural",
        "tier": "TIER_A_AUTHORITATIVE",
        "incident_name": "NSW RFS Bushfire Major Incident #322",
        "agency": "NSW Rural Fire Service Major Incident Command"
      }
    },
    {
      "type": "Feature",
      "id": "WF_NSW_RFS_2026_0123",
      "geometry": {
        "type": "Point",
        "coordinates": [
          148.7424,
          -33.8336
        ]
      },
      "properties": {
        "source_record_id": "NSW_RFS_INC_2026_0123",
        "observed_at": "2026-05-31T13:34:00Z",
        "claim_class": "non_industrial",
        "confidence": 1.0,
        "country": "Australia",
        "region": "New South Wales / Victoria",
        "fire_regime": "forest_natural",
        "tier": "TIER_A_AUTHORITATIVE",
        "incident_name": "NSW RFS Bushfire Major Incident #323",
        "agency": "NSW Rural Fire Service Major Incident Command"
      }
    },
    {
      "type": "Feature",
      "id": "WF_NSW_RFS_2026_0124",
      "geometry": {
        "type": "Point",
        "coordinates": [
          146.5536,
          -35.3888
        ]
      },
      "properties": {
        "source_record_id": "NSW_RFS_INC_2026_0124",
        "observed_at": "2026-06-01T07:17:00Z",
        "claim_class": "non_industrial",
        "confidence": 1.0,
        "country": "Australia",
        "region": "New South Wales / Victoria",
        "fire_regime": "forest_natural",
        "tier": "TIER_A_AUTHORITATIVE",
        "incident_name": "NSW RFS Bushfire Major Incident #324",
        "agency": "NSW Rural Fire Service Major Incident Command"
      }
    },
    {
      "type": "Feature",
      "id": "WF_NSW_RFS_2026_0125",
      "geometry": {
        "type": "Point",
        "coordinates": [
          148.0096,
          -34.4456
        ]
      },
      "properties": {
        "source_record_id": "NSW_RFS_INC_2026_0125",
        "observed_at": "2026-06-02T01:00:00Z",
        "claim_class": "non_industrial",
        "confidence": 1.0,
        "country": "Australia",
        "region": "New South Wales / Victoria",
        "fire_regime": "forest_natural",
        "tier": "TIER_A_AUTHORITATIVE",
        "incident_name": "NSW RFS Bushfire Major Incident #325",
        "agency": "NSW Rural Fire Service Major Incident Command"
      }
    },
    {
      "type": "Feature",
      "id": "WF_NSW_RFS_2026_0126",
      "geometry": {
        "type": "Point",
        "coordinates": [
          149.1424,
          -34.3856
        ]
      },
      "properties": {
        "source_record_id": "NSW_RFS_INC_2026_0126",
        "observed_at": "2026-06-02T19:51:00Z",
        "claim_class": "non_industrial",
        "confidence": 1.0,
        "country": "Australia",
        "region": "New South Wales / Victoria",
        "fire_regime": "forest_natural",
        "tier": "TIER_A_AUTHORITATIVE",
        "incident_name": "NSW RFS Bushfire Major Incident #326",
        "agency": "NSW Rural Fire Service Major Incident Command"
      }
    },
    {
      "type": "Feature",
      "id": "WF_NSW_RFS_2026_0127",
      "geometry": {
        "type": "Point",
        "coordinates": [
          147.1328,
          -34.8296
        ]
      },
      "properties": {
        "source_record_id": "NSW_RFS_INC_2026_0127",
        "observed_at": "2026-06-03T13:34:00Z",
        "claim_class": "non_industrial",
        "confidence": 1.0,
        "country": "Australia",
        "region": "New South Wales / Victoria",
        "fire_regime": "forest_natural",
        "tier": "TIER_A_AUTHORITATIVE",
        "incident_name": "NSW RFS Bushfire Major Incident #327",
        "agency": "NSW Rural Fire Service Major Incident Command"
      }
    },
    {
      "type": "Feature",
      "id": "WF_NSW_RFS_2026_0128",
      "geometry": {
        "type": "Point",
        "coordinates": [
          147.0976,
          -34.3952
        ]
      },
      "properties": {
        "source_record_id": "NSW_RFS_INC_2026_0128",
        "observed_at": "2026-06-04T07:17:00Z",
        "claim_class": "non_industrial",
        "confidence": 1.0,
        "country": "Australia",
        "region": "New South Wales / Victoria",
        "fire_regime": "forest_natural",
        "tier": "TIER_A_AUTHORITATIVE",
        "incident_name": "NSW RFS Bushfire Major Incident #328",
        "agency": "NSW Rural Fire Service Major Incident Command"
      }
    },
    {
      "type": "Feature",
      "id": "WF_NSW_RFS_2026_0129",
      "geometry": {
        "type": "Point",
        "coordinates": [
          148.1472,
          -36.1424
        ]
      },
      "properties": {
        "source_record_id": "NSW_RFS_INC_2026_0129",
        "observed_at": "2026-06-05T01:00:00Z",
        "claim_class": "non_industrial",
        "confidence": 1.0,
        "country": "Australia",
        "region": "New South Wales / Victoria",
        "fire_regime": "forest_natural",
        "tier": "TIER_A_AUTHORITATIVE",
        "incident_name": "NSW RFS Bushfire Major Incident #329",
        "agency": "NSW Rural Fire Service Major Incident Command"
      }
    },
    {
      "type": "Feature",
      "id": "WF_NSW_RFS_2026_0130",
      "geometry": {
        "type": "Point",
        "coordinates": [
          149.008,
          -35.3624
        ]
      },
      "properties": {
        "source_record_id": "NSW_RFS_INC_2026_0130",
        "observed_at": "2026-06-05T19:51:00Z",
        "claim_class": "non_industrial",
        "confidence": 1.0,
        "country": "Australia",
        "region": "New South Wales / Victoria",
        "fire_regime": "forest_natural",
        "tier": "TIER_A_AUTHORITATIVE",
        "incident_name": "NSW RFS Bushfire Major Incident #330",
        "agency": "NSW Rural Fire Service Major Incident Command"
      }
    },
    {
      "type": "Feature",
      "id": "WF_NSW_RFS_2026_0131",
      "geometry": {
        "type": "Point",
        "coordinates": [
          148.7328,
          -36.0416
        ]
      },
      "properties": {
        "source_record_id": "NSW_RFS_INC_2026_0131",
        "observed_at": "2026-06-06T13:34:00Z",
        "claim_class": "non_industrial",
        "confidence": 1.0,
        "country": "Australia",
        "region": "New South Wales / Victoria",
        "fire_regime": "forest_natural",
        "tier": "TIER_A_AUTHORITATIVE",
        "incident_name": "NSW RFS Bushfire Major Incident #331",
        "agency": "NSW Rural Fire Service Major Incident Command"
      }
    },
    {
      "type": "Feature",
      "id": "WF_NSW_RFS_2026_0132",
      "geometry": {
        "type": "Point",
        "coordinates": [
          148.48,
          -34.8992
        ]
      },
      "properties": {
        "source_record_id": "NSW_RFS_INC_2026_0132",
        "observed_at": "2026-06-07T07:17:00Z",
        "claim_class": "non_industrial",
        "confidence": 1.0,
        "country": "Australia",
        "region": "New South Wales / Victoria",
        "fire_regime": "forest_natural",
        "tier": "TIER_A_AUTHORITATIVE",
        "incident_name": "NSW RFS Bushfire Major Incident #332",
        "agency": "NSW Rural Fire Service Major Incident Command"
      }
    },
    {
      "type": "Feature",
      "id": "WF_NSW_RFS_2026_0133",
      "geometry": {
        "type": "Point",
        "coordinates": [
          148.7136,
          -36.0176
        ]
      },
      "properties": {
        "source_record_id": "NSW_RFS_INC_2026_0133",
        "observed_at": "2026-06-08T01:00:00Z",
        "claim_class": "non_industrial",
        "confidence": 1.0,
        "country": "Australia",
        "region": "New South Wales / Victoria",
        "fire_regime": "forest_natural",
        "tier": "TIER_A_AUTHORITATIVE",
        "incident_name": "NSW RFS Bushfire Major Incident #333",
        "agency": "NSW Rural Fire Service Major Incident Command"
      }
    },
    {
      "type": "Feature",
      "id": "WF_NSW_RFS_2026_0134",
      "geometry": {
        "type": "Point",
        "coordinates": [
          146.5056,
          -33.8864
        ]
      },
      "properties": {
        "source_record_id": "NSW_RFS_INC_2026_0134",
        "observed_at": "2026-06-08T19:51:00Z",
        "claim_class": "non_industrial",
        "confidence": 1.0,
        "country": "Australia",
        "region": "New South Wales / Victoria",
        "fire_regime": "forest_natural",
        "tier": "TIER_A_AUTHORITATIVE",
        "incident_name": "NSW RFS Bushfire Major Incident #334",
        "agency": "NSW Rural Fire Service Major Incident Command"
      }
    },
    {
      "type": "Feature",
      "id": "WF_NSW_RFS_2026_0135",
      "geometry": {
        "type": "Point",
        "coordinates": [
          147.5296,
          -35.108
        ]
      },
      "properties": {
        "source_record_id": "NSW_RFS_INC_2026_0135",
        "observed_at": "2026-06-09T13:34:00Z",
        "claim_class": "non_industrial",
        "confidence": 1.0,
        "country": "Australia",
        "region": "New South Wales / Victoria",
        "fire_regime": "forest_natural",
        "tier": "TIER_A_AUTHORITATIVE",
        "incident_name": "NSW RFS Bushfire Major Incident #335",
        "agency": "NSW Rural Fire Service Major Incident Command"
      }
    },
    {
      "type": "Feature",
      "id": "WF_NSW_RFS_2026_0136",
      "geometry": {
        "type": "Point",
        "coordinates": [
          149.1648,
          -34.5776
        ]
      },
      "properties": {
        "source_record_id": "NSW_RFS_INC_2026_0136",
        "observed_at": "2026-06-10T07:17:00Z",
        "claim_class": "non_industrial",
        "confidence": 1.0,
        "country": "Australia",
        "region": "New South Wales / Victoria",
        "fire_regime": "forest_natural",
        "tier": "TIER_A_AUTHORITATIVE",
        "incident_name": "NSW RFS Bushfire Major Incident #336",
        "agency": "NSW Rural Fire Service Major Incident Command"
      }
    },
    {
      "type": "Feature",
      "id": "WF_NSW_RFS_2026_0137",
      "geometry": {
        "type": "Point",
        "coordinates": [
          146.4512,
          -33.8936
        ]
      },
      "properties": {
        "source_record_id": "NSW_RFS_INC_2026_0137",
        "observed_at": "2026-06-11T01:00:00Z",
        "claim_class": "non_industrial",
        "confidence": 1.0,
        "country": "Australia",
        "region": "New South Wales / Victoria",
        "fire_regime": "forest_natural",
        "tier": "TIER_A_AUTHORITATIVE",
        "incident_name": "NSW RFS Bushfire Major Incident #337",
        "agency": "NSW Rural Fire Service Major Incident Command"
      }
    },
    {
      "type": "Feature",
      "id": "WF_NSW_RFS_2026_0138",
      "geometry": {
        "type": "Point",
        "coordinates": [
          146.4448,
          -35.1464
        ]
      },
      "properties": {
        "source_record_id": "NSW_RFS_INC_2026_0138",
        "observed_at": "2026-06-11T19:51:00Z",
        "claim_class": "non_industrial",
        "confidence": 1.0,
        "country": "Australia",
        "region": "New South Wales / Victoria",
        "fire_regime": "forest_natural",
        "tier": "TIER_A_AUTHORITATIVE",
        "incident_name": "NSW RFS Bushfire Major Incident #338",
        "agency": "NSW Rural Fire Service Major Incident Command"
      }
    },
    {
      "type": "Feature",
      "id": "WF_NSW_RFS_2026_0139",
      "geometry": {
        "type": "Point",
        "coordinates": [
          147.8656,
          -36.1424
        ]
      },
      "properties": {
        "source_record_id": "NSW_RFS_INC_2026_0139",
        "observed_at": "2026-06-12T13:34:00Z",
        "claim_class": "non_industrial",
        "confidence": 1.0,
        "country": "Australia",
        "region": "New South Wales / Victoria",
        "fire_regime": "forest_natural",
        "tier": "TIER_A_AUTHORITATIVE",
        "incident_name": "NSW RFS Bushfire Major Incident #339",
        "agency": "NSW Rural Fire Service Major Incident Command"
      }
    },
    {
      "type": "Feature",
      "id": "WF_NSW_RFS_2026_0140",
      "geometry": {
        "type": "Point",
        "coordinates": [
          146.7456,
          -34.9712
        ]
      },
      "properties": {
        "source_record_id": "NSW_RFS_INC_2026_0140",
        "observed_at": "2026-06-13T07:17:00Z",
        "claim_class": "non_industrial",
        "confidence": 1.0,
        "country": "Australia",
        "region": "New South Wales / Victoria",
        "fire_regime": "forest_natural",
        "tier": "TIER_A_AUTHORITATIVE",
        "incident_name": "NSW RFS Bushfire Major Incident #340",
        "agency": "NSW Rural Fire Service Major Incident Command"
      }
    },
    {
      "type": "Feature",
      "id": "WF_NSW_RFS_2026_0141",
      "geometry": {
        "type": "Point",
        "coordinates": [
          146.5216,
          -34.8368
        ]
      },
      "properties": {
        "source_record_id": "NSW_RFS_INC_2026_0141",
        "observed_at": "2026-06-14T01:00:00Z",
        "claim_class": "non_industrial",
        "confidence": 1.0,
        "country": "Australia",
        "region": "New South Wales / Victoria",
        "fire_regime": "forest_natural",
        "tier": "TIER_A_AUTHORITATIVE",
        "incident_name": "NSW RFS Bushfire Major Incident #341",
        "agency": "NSW Rural Fire Service Major Incident Command"
      }
    },
    {
      "type": "Feature",
      "id": "WF_NSW_RFS_2026_0142",
      "geometry": {
        "type": "Point",
        "coordinates": [
          148.8608,
          -33.98
        ]
      },
      "properties": {
        "source_record_id": "NSW_RFS_INC_2026_0142",
        "observed_at": "2026-06-14T19:51:00Z",
        "claim_class": "non_industrial",
        "confidence": 1.0,
        "country": "Australia",
        "region": "New South Wales / Victoria",
        "fire_regime": "forest_natural",
        "tier": "TIER_A_AUTHORITATIVE",
        "incident_name": "NSW RFS Bushfire Major Incident #342",
        "agency": "NSW Rural Fire Service Major Incident Command"
      }
    },
    {
      "type": "Feature",
      "id": "WF_NSW_RFS_2026_0143",
      "geometry": {
        "type": "Point",
        "coordinates": [
          149.4464,
          -34.5584
        ]
      },
      "properties": {
        "source_record_id": "NSW_RFS_INC_2026_0143",
        "observed_at": "2026-06-15T13:34:00Z",
        "claim_class": "non_industrial",
        "confidence": 1.0,
        "country": "Australia",
        "region": "New South Wales / Victoria",
        "fire_regime": "forest_natural",
        "tier": "TIER_A_AUTHORITATIVE",
        "incident_name": "NSW RFS Bushfire Major Incident #343",
        "agency": "NSW Rural Fire Service Major Incident Command"
      }
    },
    {
      "type": "Feature",
      "id": "WF_NSW_RFS_2026_0144",
      "geometry": {
        "type": "Point",
        "coordinates": [
          147.04,
          -34.0208
        ]
      },
      "properties": {
        "source_record_id": "NSW_RFS_INC_2026_0144",
        "observed_at": "2026-06-16T07:17:00Z",
        "claim_class": "non_industrial",
        "confidence": 1.0,
        "country": "Australia",
        "region": "New South Wales / Victoria",
        "fire_regime": "forest_natural",
        "tier": "TIER_A_AUTHORITATIVE",
        "incident_name": "NSW RFS Bushfire Major Incident #344",
        "agency": "NSW Rural Fire Service Major Incident Command"
      }
    },
    {
      "type": "Feature",
      "id": "WF_NSW_RFS_2026_0145",
      "geometry": {
        "type": "Point",
        "coordinates": [
          146.5504,
          -33.9584
        ]
      },
      "properties": {
        "source_record_id": "NSW_RFS_INC_2026_0145",
        "observed_at": "2026-06-17T01:00:00Z",
        "claim_class": "non_industrial",
        "confidence": 1.0,
        "country": "Australia",
        "region": "New South Wales / Victoria",
        "fire_regime": "forest_natural",
        "tier": "TIER_A_AUTHORITATIVE",
        "incident_name": "NSW RFS Bushfire Major Incident #345",
        "agency": "NSW Rural Fire Service Major Incident Command"
      }
    },
    {
      "type": "Feature",
      "id": "WF_NSW_RFS_2026_0146",
      "geometry": {
        "type": "Point",
        "coordinates": [
          147.9456,
          -34.4144
        ]
      },
      "properties": {
        "source_record_id": "NSW_RFS_INC_2026_0146",
        "observed_at": "2026-06-17T19:51:00Z",
        "claim_class": "non_industrial",
        "confidence": 1.0,
        "country": "Australia",
        "region": "New South Wales / Victoria",
        "fire_regime": "forest_natural",
        "tier": "TIER_A_AUTHORITATIVE",
        "incident_name": "NSW RFS Bushfire Major Incident #346",
        "agency": "NSW Rural Fire Service Major Incident Command"
      }
    },
    {
      "type": "Feature",
      "id": "WF_NSW_RFS_2026_0147",
      "geometry": {
        "type": "Point",
        "coordinates": [
          148.7488,
          -35.3432
        ]
      },
      "properties": {
        "source_record_id": "NSW_RFS_INC_2026_0147",
        "observed_at": "2026-06-18T13:34:00Z",
        "claim_class": "non_industrial",
        "confidence": 1.0,
        "country": "Australia",
        "region": "New South Wales / Victoria",
        "fire_regime": "forest_natural",
        "tier": "TIER_A_AUTHORITATIVE",
        "incident_name": "NSW RFS Bushfire Major Incident #347",
        "agency": "NSW Rural Fire Service Major Incident Command"
      }
    },
    {
      "type": "Feature",
      "id": "WF_NSW_RFS_2026_0148",
      "geometry": {
        "type": "Point",
        "coordinates": [
          148.0096,
          -35.6456
        ]
      },
      "properties": {
        "source_record_id": "NSW_RFS_INC_2026_0148",
        "observed_at": "2026-06-19T07:17:00Z",
        "claim_class": "non_industrial",
        "confidence": 1.0,
        "country": "Australia",
        "region": "New South Wales / Victoria",
        "fire_regime": "forest_natural",
        "tier": "TIER_A_AUTHORITATIVE",
        "incident_name": "NSW RFS Bushfire Major Incident #348",
        "agency": "NSW Rural Fire Service Major Incident Command"
      }
    },
    {
      "type": "Feature",
      "id": "WF_NSW_RFS_2026_0149",
      "geometry": {
        "type": "Point",
        "coordinates": [
          148.096,
          -34.5776
        ]
      },
      "properties": {
        "source_record_id": "NSW_RFS_INC_2026_0149",
        "observed_at": "2026-06-20T01:00:00Z",
        "claim_class": "non_industrial",
        "confidence": 1.0,
        "country": "Australia",
        "region": "New South Wales / Victoria",
        "fire_regime": "forest_natural",
        "tier": "TIER_A_AUTHORITATIVE",
        "incident_name": "NSW RFS Bushfire Major Incident #349",
        "agency": "NSW Rural Fire Service Major Incident Command"
      }
    },
    {
      "type": "Feature",
      "id": "WF_NSW_RFS_2026_0150",
      "geometry": {
        "type": "Point",
        "coordinates": [
          146.5792,
          -35.852
        ]
      },
      "properties": {
        "source_record_id": "NSW_RFS_INC_2026_0150",
        "observed_at": "2026-06-20T19:51:00Z",
        "claim_class": "non_industrial",
        "confidence": 1.0,
        "country": "Australia",
        "region": "New South Wales / Victoria",
        "fire_regime": "forest_natural",
        "tier": "TIER_A_AUTHORITATIVE",
        "incident_name": "NSW RFS Bushfire Major Incident #350",
        "agency": "NSW Rural Fire Service Major Incident Command"
      }
    },
    {
      "type": "Feature",
      "id": "WF_NSW_RFS_2026_0151",
      "geometry": {
        "type": "Point",
        "coordinates": [
          149.1808,
          -36.1256
        ]
      },
      "properties": {
        "source_record_id": "NSW_RFS_INC_2026_0151",
        "observed_at": "2026-06-21T13:34:00Z",
        "claim_class": "non_industrial",
        "confidence": 1.0,
        "country": "Australia",
        "region": "New South Wales / Victoria",
        "fire_regime": "forest_natural",
        "tier": "TIER_A_AUTHORITATIVE",
        "incident_name": "NSW RFS Bushfire Major Incident #351",
        "agency": "NSW Rural Fire Service Major Incident Command"
      }
    },
    {
      "type": "Feature",
      "id": "WF_NSW_RFS_2026_0152",
      "geometry": {
        "type": "Point",
        "coordinates": [
          146.4992,
          -35.4656
        ]
      },
      "properties": {
        "source_record_id": "NSW_RFS_INC_2026_0152",
        "observed_at": "2026-06-22T07:17:00Z",
        "claim_class": "non_industrial",
        "confidence": 1.0,
        "country": "Australia",
        "region": "New South Wales / Victoria",
        "fire_regime": "forest_natural",
        "tier": "TIER_A_AUTHORITATIVE",
        "incident_name": "NSW RFS Bushfire Major Incident #352",
        "agency": "NSW Rural Fire Service Major Incident Command"
      }
    },
    {
      "type": "Feature",
      "id": "WF_NSW_RFS_2026_0153",
      "geometry": {
        "type": "Point",
        "coordinates": [
          147.1872,
          -35.4176
        ]
      },
      "properties": {
        "source_record_id": "NSW_RFS_INC_2026_0153",
        "observed_at": "2026-06-23T01:00:00Z",
        "claim_class": "non_industrial",
        "confidence": 1.0,
        "country": "Australia",
        "region": "New South Wales / Victoria",
        "fire_regime": "forest_natural",
        "tier": "TIER_A_AUTHORITATIVE",
        "incident_name": "NSW RFS Bushfire Major Incident #353",
        "agency": "NSW Rural Fire Service Major Incident Command"
      }
    },
    {
      "type": "Feature",
      "id": "WF_NSW_RFS_2026_0154",
      "geometry": {
        "type": "Point",
        "coordinates": [
          148.3872,
          -36.1712
        ]
      },
      "properties": {
        "source_record_id": "NSW_RFS_INC_2026_0154",
        "observed_at": "2026-06-23T19:51:00Z",
        "claim_class": "non_industrial",
        "confidence": 1.0,
        "country": "Australia",
        "region": "New South Wales / Victoria",
        "fire_regime": "forest_natural",
        "tier": "TIER_A_AUTHORITATIVE",
        "incident_name": "NSW RFS Bushfire Major Incident #354",
        "agency": "NSW Rural Fire Service Major Incident Command"
      }
    },
    {
      "type": "Feature",
      "id": "WF_NSW_RFS_2026_0155",
      "geometry": {
        "type": "Point",
        "coordinates": [
          147.7344,
          -34.2272
        ]
      },
      "properties": {
        "source_record_id": "NSW_RFS_INC_2026_0155",
        "observed_at": "2026-06-24T13:34:00Z",
        "claim_class": "non_industrial",
        "confidence": 1.0,
        "country": "Australia",
        "region": "New South Wales / Victoria",
        "fire_regime": "forest_natural",
        "tier": "TIER_A_AUTHORITATIVE",
        "incident_name": "NSW RFS Bushfire Major Incident #355",
        "agency": "NSW Rural Fire Service Major Incident Command"
      }
    },
    {
      "type": "Feature",
      "id": "WF_NSW_RFS_2026_0156",
      "geometry": {
        "type": "Point",
        "coordinates": [
          147.9456,
          -35.1704
        ]
      },
      "properties": {
        "source_record_id": "NSW_RFS_INC_2026_0156",
        "observed_at": "2026-06-25T07:17:00Z",
        "claim_class": "non_industrial",
        "confidence": 1.0,
        "country": "Australia",
        "region": "New South Wales / Victoria",
        "fire_regime": "forest_natural",
        "tier": "TIER_A_AUTHORITATIVE",
        "incident_name": "NSW RFS Bushfire Major Incident #356",
        "agency": "NSW Rural Fire Service Major Incident Command"
      }
    },
    {
      "type": "Feature",
      "id": "WF_NSW_RFS_2026_0157",
      "geometry": {
        "type": "Point",
        "coordinates": [
          147.7344,
          -35.852
        ]
      },
      "properties": {
        "source_record_id": "NSW_RFS_INC_2026_0157",
        "observed_at": "2026-06-26T01:00:00Z",
        "claim_class": "non_industrial",
        "confidence": 1.0,
        "country": "Australia",
        "region": "New South Wales / Victoria",
        "fire_regime": "forest_natural",
        "tier": "TIER_A_AUTHORITATIVE",
        "incident_name": "NSW RFS Bushfire Major Incident #357",
        "agency": "NSW Rural Fire Service Major Incident Command"
      }
    },
    {
      "type": "Feature",
      "id": "WF_NSW_RFS_2026_0158",
      "geometry": {
        "type": "Point",
        "coordinates": [
          149.2512,
          -35.168
        ]
      },
      "properties": {
        "source_record_id": "NSW_RFS_INC_2026_0158",
        "observed_at": "2026-06-26T19:51:00Z",
        "claim_class": "non_industrial",
        "confidence": 1.0,
        "country": "Australia",
        "region": "New South Wales / Victoria",
        "fire_regime": "forest_natural",
        "tier": "TIER_A_AUTHORITATIVE",
        "incident_name": "NSW RFS Bushfire Major Incident #358",
        "agency": "NSW Rural Fire Service Major Incident Command"
      }
    },
    {
      "type": "Feature",
      "id": "WF_NSW_RFS_2026_0159",
      "geometry": {
        "type": "Point",
        "coordinates": [
          147.7088,
          -36.1328
        ]
      },
      "properties": {
        "source_record_id": "NSW_RFS_INC_2026_0159",
        "observed_at": "2026-06-27T13:34:00Z",
        "claim_class": "non_industrial",
        "confidence": 1.0,
        "country": "Australia",
        "region": "New South Wales / Victoria",
        "fire_regime": "forest_natural",
        "tier": "TIER_A_AUTHORITATIVE",
        "incident_name": "NSW RFS Bushfire Major Incident #359",
        "agency": "NSW Rural Fire Service Major Incident Command"
      }
    },
    {
      "type": "Feature",
      "id": "WF_NSW_RFS_2026_0160",
      "geometry": {
        "type": "Point",
        "coordinates": [
          146.7328,
          -34.6832
        ]
      },
      "properties": {
        "source_record_id": "NSW_RFS_INC_2026_0160",
        "observed_at": "2026-06-28T07:17:00Z",
        "claim_class": "non_industrial",
        "confidence": 1.0,
        "country": "Australia",
        "region": "New South Wales / Victoria",
        "fire_regime": "forest_natural",
        "tier": "TIER_A_AUTHORITATIVE",
        "incident_name": "NSW RFS Bushfire Major Incident #360",
        "agency": "NSW Rural Fire Service Major Incident Command"
      }
    },
    {
      "type": "Feature",
      "id": "WF_NSW_RFS_2026_0161",
      "geometry": {
        "type": "Point",
        "coordinates": [
          147.9456,
          -34.4504
        ]
      },
      "properties": {
        "source_record_id": "NSW_RFS_INC_2026_0161",
        "observed_at": "2026-06-29T01:00:00Z",
        "claim_class": "non_industrial",
        "confidence": 1.0,
        "country": "Australia",
        "region": "New South Wales / Victoria",
        "fire_regime": "forest_natural",
        "tier": "TIER_A_AUTHORITATIVE",
        "incident_name": "NSW RFS Bushfire Major Incident #361",
        "agency": "NSW Rural Fire Service Major Incident Command"
      }
    },
    {
      "type": "Feature",
      "id": "WF_NSW_RFS_2026_0162",
      "geometry": {
        "type": "Point",
        "coordinates": [
          146.4512,
          -34.3184
        ]
      },
      "properties": {
        "source_record_id": "NSW_RFS_INC_2026_0162",
        "observed_at": "2026-06-29T19:51:00Z",
        "claim_class": "non_industrial",
        "confidence": 1.0,
        "country": "Australia",
        "region": "New South Wales / Victoria",
        "fire_regime": "forest_natural",
        "tier": "TIER_A_AUTHORITATIVE",
        "incident_name": "NSW RFS Bushfire Major Incident #362",
        "agency": "NSW Rural Fire Service Major Incident Command"
      }
    },
    {
      "type": "Feature",
      "id": "WF_NSW_RFS_2026_0163",
      "geometry": {
        "type": "Point",
        "coordinates": [
          148.304,
          -34.4312
        ]
      },
      "properties": {
        "source_record_id": "NSW_RFS_INC_2026_0163",
        "observed_at": "2026-06-30T13:34:00Z",
        "claim_class": "non_industrial",
        "confidence": 1.0,
        "country": "Australia",
        "region": "New South Wales / Victoria",
        "fire_regime": "forest_natural",
        "tier": "TIER_A_AUTHORITATIVE",
        "incident_name": "NSW RFS Bushfire Major Incident #363",
        "agency": "NSW Rural Fire Service Major Incident Command"
      }
    },
    {
      "type": "Feature",
      "id": "WF_NSW_RFS_2026_0164",
      "geometry": {
        "type": "Point",
        "coordinates": [
          147.3824,
          -34.9784
        ]
      },
      "properties": {
        "source_record_id": "NSW_RFS_INC_2026_0164",
        "observed_at": "2026-07-01T07:17:00Z",
        "claim_class": "non_industrial",
        "confidence": 1.0,
        "country": "Australia",
        "region": "New South Wales / Victoria",
        "fire_regime": "forest_natural",
        "tier": "TIER_A_AUTHORITATIVE",
        "incident_name": "NSW RFS Bushfire Major Incident #364",
        "agency": "NSW Rural Fire Service Major Incident Command"
      }
    },
    {
      "type": "Feature",
      "id": "WF_NSW_RFS_2026_0165",
      "geometry": {
        "type": "Point",
        "coordinates": [
          147.5616,
          -35.8688
        ]
      },
      "properties": {
        "source_record_id": "NSW_RFS_INC_2026_0165",
        "observed_at": "2026-07-02T01:00:00Z",
        "claim_class": "non_industrial",
        "confidence": 1.0,
        "country": "Australia",
        "region": "New South Wales / Victoria",
        "fire_regime": "forest_natural",
        "tier": "TIER_A_AUTHORITATIVE",
        "incident_name": "NSW RFS Bushfire Major Incident #365",
        "agency": "NSW Rural Fire Service Major Incident Command"
      }
    },
    {
      "type": "Feature",
      "id": "WF_NSW_RFS_2026_0166",
      "geometry": {
        "type": "Point",
        "coordinates": [
          147.0016,
          -34.3832
        ]
      },
      "properties": {
        "source_record_id": "NSW_RFS_INC_2026_0166",
        "observed_at": "2026-07-02T19:51:00Z",
        "claim_class": "non_industrial",
        "confidence": 1.0,
        "country": "Australia",
        "region": "New South Wales / Victoria",
        "fire_regime": "forest_natural",
        "tier": "TIER_A_AUTHORITATIVE",
        "incident_name": "NSW RFS Bushfire Major Incident #366",
        "agency": "NSW Rural Fire Service Major Incident Command"
      }
    },
    {
      "type": "Feature",
      "id": "WF_NSW_RFS_2026_0167",
      "geometry": {
        "type": "Point",
        "coordinates": [
          147.2416,
          -34.0352
        ]
      },
      "properties": {
        "source_record_id": "NSW_RFS_INC_2026_0167",
        "observed_at": "2026-07-03T13:34:00Z",
        "claim_class": "non_industrial",
        "confidence": 1.0,
        "country": "Australia",
        "region": "New South Wales / Victoria",
        "fire_regime": "forest_natural",
        "tier": "TIER_A_AUTHORITATIVE",
        "incident_name": "NSW RFS Bushfire Major Incident #367",
        "agency": "NSW Rural Fire Service Major Incident Command"
      }
    },
    {
      "type": "Feature",
      "id": "WF_NSW_RFS_2026_0168",
      "geometry": {
        "type": "Point",
        "coordinates": [
          149.44,
          -34.7648
        ]
      },
      "properties": {
        "source_record_id": "NSW_RFS_INC_2026_0168",
        "observed_at": "2026-07-04T07:17:00Z",
        "claim_class": "non_industrial",
        "confidence": 1.0,
        "country": "Australia",
        "region": "New South Wales / Victoria",
        "fire_regime": "forest_natural",
        "tier": "TIER_A_AUTHORITATIVE",
        "incident_name": "NSW RFS Bushfire Major Incident #368",
        "agency": "NSW Rural Fire Service Major Incident Command"
      }
    },
    {
      "type": "Feature",
      "id": "WF_NSW_RFS_2026_0169",
      "geometry": {
        "type": "Point",
        "coordinates": [
          147.3568,
          -34.7144
        ]
      },
      "properties": {
        "source_record_id": "NSW_RFS_INC_2026_0169",
        "observed_at": "2026-07-05T01:00:00Z",
        "claim_class": "non_industrial",
        "confidence": 1.0,
        "country": "Australia",
        "region": "New South Wales / Victoria",
        "fire_regime": "forest_natural",
        "tier": "TIER_A_AUTHORITATIVE",
        "incident_name": "NSW RFS Bushfire Major Incident #369",
        "agency": "NSW Rural Fire Service Major Incident Command"
      }
    },
    {
      "type": "Feature",
      "id": "WF_NSW_RFS_2026_0170",
      "geometry": {
        "type": "Point",
        "coordinates": [
          149.1136,
          -35.1944
        ]
      },
      "properties": {
        "source_record_id": "NSW_RFS_INC_2026_0170",
        "observed_at": "2026-07-05T19:51:00Z",
        "claim_class": "non_industrial",
        "confidence": 1.0,
        "country": "Australia",
        "region": "New South Wales / Victoria",
        "fire_regime": "forest_natural",
        "tier": "TIER_A_AUTHORITATIVE",
        "incident_name": "NSW RFS Bushfire Major Incident #370",
        "agency": "NSW Rural Fire Service Major Incident Command"
      }
    },
    {
      "type": "Feature",
      "id": "WF_NSW_RFS_2026_0171",
      "geometry": {
        "type": "Point",
        "coordinates": [
          147.904,
          -35.6816
        ]
      },
      "properties": {
        "source_record_id": "NSW_RFS_INC_2026_0171",
        "observed_at": "2026-07-06T13:34:00Z",
        "claim_class": "non_industrial",
        "confidence": 1.0,
        "country": "Australia",
        "region": "New South Wales / Victoria",
        "fire_regime": "forest_natural",
        "tier": "TIER_A_AUTHORITATIVE",
        "incident_name": "NSW RFS Bushfire Major Incident #371",
        "agency": "NSW Rural Fire Service Major Incident Command"
      }
    },
    {
      "type": "Feature",
      "id": "WF_NSW_RFS_2026_0172",
      "geometry": {
        "type": "Point",
        "coordinates": [
          148.4032,
          -35.564
        ]
      },
      "properties": {
        "source_record_id": "NSW_RFS_INC_2026_0172",
        "observed_at": "2026-07-07T07:17:00Z",
        "claim_class": "non_industrial",
        "confidence": 1.0,
        "country": "Australia",
        "region": "New South Wales / Victoria",
        "fire_regime": "forest_natural",
        "tier": "TIER_A_AUTHORITATIVE",
        "incident_name": "NSW RFS Bushfire Major Incident #372",
        "agency": "NSW Rural Fire Service Major Incident Command"
      }
    },
    {
      "type": "Feature",
      "id": "WF_NSW_RFS_2026_0173",
      "geometry": {
        "type": "Point",
        "coordinates": [
          148.2336,
          -36.1616
        ]
      },
      "properties": {
        "source_record_id": "NSW_RFS_INC_2026_0173",
        "observed_at": "2026-07-08T01:00:00Z",
        "claim_class": "non_industrial",
        "confidence": 1.0,
        "country": "Australia",
        "region": "New South Wales / Victoria",
        "fire_regime": "forest_natural",
        "tier": "TIER_A_AUTHORITATIVE",
        "incident_name": "NSW RFS Bushfire Major Incident #373",
        "agency": "NSW Rural Fire Service Major Incident Command"
      }
    },
    {
      "type": "Feature",
      "id": "WF_NSW_RFS_2026_0174",
      "geometry": {
        "type": "Point",
        "coordinates": [
          147.1808,
          -36.0224
        ]
      },
      "properties": {
        "source_record_id": "NSW_RFS_INC_2026_0174",
        "observed_at": "2026-07-08T19:51:00Z",
        "claim_class": "non_industrial",
        "confidence": 1.0,
        "country": "Australia",
        "region": "New South Wales / Victoria",
        "fire_regime": "forest_natural",
        "tier": "TIER_A_AUTHORITATIVE",
        "incident_name": "NSW RFS Bushfire Major Incident #374",
        "agency": "NSW Rural Fire Service Major Incident Command"
      }
    },
    {
      "type": "Feature",
      "id": "WF_NSW_RFS_2026_0175",
      "geometry": {
        "type": "Point",
        "coordinates": [
          147.456,
          -36.0272
        ]
      },
      "properties": {
        "source_record_id": "NSW_RFS_INC_2026_0175",
        "observed_at": "2026-07-09T13:34:00Z",
        "claim_class": "non_industrial",
        "confidence": 1.0,
        "country": "Australia",
        "region": "New South Wales / Victoria",
        "fire_regime": "forest_natural",
        "tier": "TIER_A_AUTHORITATIVE",
        "incident_name": "NSW RFS Bushfire Major Incident #375",
        "agency": "NSW Rural Fire Service Major Incident Command"
      }
    },
    {
      "type": "Feature",
      "id": "WF_NSW_RFS_2026_0176",
      "geometry": {
        "type": "Point",
        "coordinates": [
          147.3408,
          -35.9648
        ]
      },
      "properties": {
        "source_record_id": "NSW_RFS_INC_2026_0176",
        "observed_at": "2026-07-10T07:17:00Z",
        "claim_class": "non_industrial",
        "confidence": 1.0,
        "country": "Australia",
        "region": "New South Wales / Victoria",
        "fire_regime": "forest_natural",
        "tier": "TIER_A_AUTHORITATIVE",
        "incident_name": "NSW RFS Bushfire Major Incident #376",
        "agency": "NSW Rural Fire Service Major Incident Command"
      }
    },
    {
      "type": "Feature",
      "id": "WF_NSW_RFS_2026_0177",
      "geometry": {
        "type": "Point",
        "coordinates": [
          147.1104,
          -34.0712
        ]
      },
      "properties": {
        "source_record_id": "NSW_RFS_INC_2026_0177",
        "observed_at": "2026-07-11T01:00:00Z",
        "claim_class": "non_industrial",
        "confidence": 1.0,
        "country": "Australia",
        "region": "New South Wales / Victoria",
        "fire_regime": "forest_natural",
        "tier": "TIER_A_AUTHORITATIVE",
        "incident_name": "NSW RFS Bushfire Major Incident #377",
        "agency": "NSW Rural Fire Service Major Incident Command"
      }
    },
    {
      "type": "Feature",
      "id": "WF_NSW_RFS_2026_0178",
      "geometry": {
        "type": "Point",
        "coordinates": [
          147.5136,
          -35.6
        ]
      },
      "properties": {
        "source_record_id": "NSW_RFS_INC_2026_0178",
        "observed_at": "2026-07-11T19:51:00Z",
        "claim_class": "non_industrial",
        "confidence": 1.0,
        "country": "Australia",
        "region": "New South Wales / Victoria",
        "fire_regime": "forest_natural",
        "tier": "TIER_A_AUTHORITATIVE",
        "incident_name": "NSW RFS Bushfire Major Incident #378",
        "agency": "NSW Rural Fire Service Major Incident Command"
      }
    },
    {
      "type": "Feature",
      "id": "WF_NSW_RFS_2026_0179",
      "geometry": {
        "type": "Point",
        "coordinates": [
          148.9792,
          -34.8848
        ]
      },
      "properties": {
        "source_record_id": "NSW_RFS_INC_2026_0179",
        "observed_at": "2026-07-12T13:34:00Z",
        "claim_class": "non_industrial",
        "confidence": 1.0,
        "country": "Australia",
        "region": "New South Wales / Victoria",
        "fire_regime": "forest_natural",
        "tier": "TIER_A_AUTHORITATIVE",
        "incident_name": "NSW RFS Bushfire Major Incident #379",
        "agency": "NSW Rural Fire Service Major Incident Command"
      }
    },
    {
      "type": "Feature",
      "id": "WF_NSW_RFS_2026_0180",
      "geometry": {
        "type": "Point",
        "coordinates": [
          147.9744,
          -34.0592
        ]
      },
      "properties": {
        "source_record_id": "NSW_RFS_INC_2026_0180",
        "observed_at": "2026-07-13T07:17:00Z",
        "claim_class": "non_industrial",
        "confidence": 1.0,
        "country": "Australia",
        "region": "New South Wales / Victoria",
        "fire_regime": "forest_natural",
        "tier": "TIER_A_AUTHORITATIVE",
        "incident_name": "NSW RFS Bushfire Major Incident #380",
        "agency": "NSW Rural Fire Service Major Incident Command"
      }
    },
    {
      "type": "Feature",
      "id": "WF_NSW_RFS_2026_0181",
      "geometry": {
        "type": "Point",
        "coordinates": [
          147.3568,
          -34.4816
        ]
      },
      "properties": {
        "source_record_id": "NSW_RFS_INC_2026_0181",
        "observed_at": "2026-07-14T01:00:00Z",
        "claim_class": "non_industrial",
        "confidence": 1.0,
        "country": "Australia",
        "region": "New South Wales / Victoria",
        "fire_regime": "forest_natural",
        "tier": "TIER_A_AUTHORITATIVE",
        "incident_name": "NSW RFS Bushfire Major Incident #381",
        "agency": "NSW Rural Fire Service Major Incident Command"
      }
    },
    {
      "type": "Feature",
      "id": "WF_NSW_RFS_2026_0182",
      "geometry": {
        "type": "Point",
        "coordinates": [
          146.7936,
          -34.3568
        ]
      },
      "properties": {
        "source_record_id": "NSW_RFS_INC_2026_0182",
        "observed_at": "2026-07-14T19:51:00Z",
        "claim_class": "non_industrial",
        "confidence": 1.0,
        "country": "Australia",
        "region": "New South Wales / Victoria",
        "fire_regime": "forest_natural",
        "tier": "TIER_A_AUTHORITATIVE",
        "incident_name": "NSW RFS Bushfire Major Incident #382",
        "agency": "NSW Rural Fire Service Major Incident Command"
      }
    },
    {
      "type": "Feature",
      "id": "WF_NSW_RFS_2026_0183",
      "geometry": {
        "type": "Point",
        "coordinates": [
          147.5712,
          -36.092
        ]
      },
      "properties": {
        "source_record_id": "NSW_RFS_INC_2026_0183",
        "observed_at": "2026-07-15T13:34:00Z",
        "claim_class": "non_industrial",
        "confidence": 1.0,
        "country": "Australia",
        "region": "New South Wales / Victoria",
        "fire_regime": "forest_natural",
        "tier": "TIER_A_AUTHORITATIVE",
        "incident_name": "NSW RFS Bushfire Major Incident #383",
        "agency": "NSW Rural Fire Service Major Incident Command"
      }
    },
    {
      "type": "Feature",
      "id": "WF_NSW_RFS_2026_0184",
      "geometry": {
        "type": "Point",
        "coordinates": [
          147.536,
          -35.9144
        ]
      },
      "properties": {
        "source_record_id": "NSW_RFS_INC_2026_0184",
        "observed_at": "2026-07-16T07:17:00Z",
        "claim_class": "non_industrial",
        "confidence": 1.0,
        "country": "Australia",
        "region": "New South Wales / Victoria",
        "fire_regime": "forest_natural",
        "tier": "TIER_A_AUTHORITATIVE",
        "incident_name": "NSW RFS Bushfire Major Incident #384",
        "agency": "NSW Rural Fire Service Major Incident Command"
      }
    },
    {
      "type": "Feature",
      "id": "WF_NSW_RFS_2026_0185",
      "geometry": {
        "type": "Point",
        "coordinates": [
          149.1392,
          -35.3672
        ]
      },
      "properties": {
        "source_record_id": "NSW_RFS_INC_2026_0185",
        "observed_at": "2026-07-17T01:00:00Z",
        "claim_class": "non_industrial",
        "confidence": 1.0,
        "country": "Australia",
        "region": "New South Wales / Victoria",
        "fire_regime": "forest_natural",
        "tier": "TIER_A_AUTHORITATIVE",
        "incident_name": "NSW RFS Bushfire Major Incident #385",
        "agency": "NSW Rural Fire Service Major Incident Command"
      }
    },
    {
      "type": "Feature",
      "id": "WF_NSW_RFS_2026_0186",
      "geometry": {
        "type": "Point",
        "coordinates": [
          147.5104,
          -34.0568
        ]
      },
      "properties": {
        "source_record_id": "NSW_RFS_INC_2026_0186",
        "observed_at": "2026-07-17T19:51:00Z",
        "claim_class": "non_industrial",
        "confidence": 1.0,
        "country": "Australia",
        "region": "New South Wales / Victoria",
        "fire_regime": "forest_natural",
        "tier": "TIER_A_AUTHORITATIVE",
        "incident_name": "NSW RFS Bushfire Major Incident #386",
        "agency": "NSW Rural Fire Service Major Incident Command"
      }
    },
    {
      "type": "Feature",
      "id": "WF_NSW_RFS_2026_0187",
      "geometry": {
        "type": "Point",
        "coordinates": [
          149.1456,
          -34.628
        ]
      },
      "properties": {
        "source_record_id": "NSW_RFS_INC_2026_0187",
        "observed_at": "2026-07-18T13:34:00Z",
        "claim_class": "non_industrial",
        "confidence": 1.0,
        "country": "Australia",
        "region": "New South Wales / Victoria",
        "fire_regime": "forest_natural",
        "tier": "TIER_A_AUTHORITATIVE",
        "incident_name": "NSW RFS Bushfire Major Incident #387",
        "agency": "NSW Rural Fire Service Major Incident Command"
      }
    },
    {
      "type": "Feature",
      "id": "WF_NSW_RFS_2026_0188",
      "geometry": {
        "type": "Point",
        "coordinates": [
          148.9664,
          -34.9472
        ]
      },
      "properties": {
        "source_record_id": "NSW_RFS_INC_2026_0188",
        "observed_at": "2026-07-19T07:17:00Z",
        "claim_class": "non_industrial",
        "confidence": 1.0,
        "country": "Australia",
        "region": "New South Wales / Victoria",
        "fire_regime": "forest_natural",
        "tier": "TIER_A_AUTHORITATIVE",
        "incident_name": "NSW RFS Bushfire Major Incident #388",
        "agency": "NSW Rural Fire Service Major Incident Command"
      }
    },
    {
      "type": "Feature",
      "id": "WF_NSW_RFS_2026_0189",
      "geometry": {
        "type": "Point",
        "coordinates": [
          147.4144,
          -33.9488
        ]
      },
      "properties": {
        "source_record_id": "NSW_RFS_INC_2026_0189",
        "observed_at": "2026-07-20T01:00:00Z",
        "claim_class": "non_industrial",
        "confidence": 1.0,
        "country": "Australia",
        "region": "New South Wales / Victoria",
        "fire_regime": "forest_natural",
        "tier": "TIER_A_AUTHORITATIVE",
        "incident_name": "NSW RFS Bushfire Major Incident #389",
        "agency": "NSW Rural Fire Service Major Incident Command"
      }
    },
    {
      "type": "Feature",
      "id": "WF_NSW_RFS_2026_0190",
      "geometry": {
        "type": "Point",
        "coordinates": [
          148.752,
          -36.1976
        ]
      },
      "properties": {
        "source_record_id": "NSW_RFS_INC_2026_0190",
        "observed_at": "2026-07-20T19:51:00Z",
        "claim_class": "non_industrial",
        "confidence": 1.0,
        "country": "Australia",
        "region": "New South Wales / Victoria",
        "fire_regime": "forest_natural",
        "tier": "TIER_A_AUTHORITATIVE",
        "incident_name": "NSW RFS Bushfire Major Incident #390",
        "agency": "NSW Rural Fire Service Major Incident Command"
      }
    },
    {
      "type": "Feature",
      "id": "WF_NSW_RFS_2026_0191",
      "geometry": {
        "type": "Point",
        "coordinates": [
          147.6672,
          -34.9976
        ]
      },
      "properties": {
        "source_record_id": "NSW_RFS_INC_2026_0191",
        "observed_at": "2026-07-21T13:34:00Z",
        "claim_class": "non_industrial",
        "confidence": 1.0,
        "country": "Australia",
        "region": "New South Wales / Victoria",
        "fire_regime": "forest_natural",
        "tier": "TIER_A_AUTHORITATIVE",
        "incident_name": "NSW RFS Bushfire Major Incident #391",
        "agency": "NSW Rural Fire Service Major Incident Command"
      }
    },
    {
      "type": "Feature",
      "id": "WF_NSW_RFS_2026_0192",
      "geometry": {
        "type": "Point",
        "coordinates": [
          147.9616,
          -34.3352
        ]
      },
      "properties": {
        "source_record_id": "NSW_RFS_INC_2026_0192",
        "observed_at": "2026-07-22T07:17:00Z",
        "claim_class": "non_industrial",
        "confidence": 1.0,
        "country": "Australia",
        "region": "New South Wales / Victoria",
        "fire_regime": "forest_natural",
        "tier": "TIER_A_AUTHORITATIVE",
        "incident_name": "NSW RFS Bushfire Major Incident #392",
        "agency": "NSW Rural Fire Service Major Incident Command"
      }
    },
    {
      "type": "Feature",
      "id": "WF_NSW_RFS_2026_0193",
      "geometry": {
        "type": "Point",
        "coordinates": [
          148.8768,
          -34.1672
        ]
      },
      "properties": {
        "source_record_id": "NSW_RFS_INC_2026_0193",
        "observed_at": "2026-07-23T01:00:00Z",
        "claim_class": "non_industrial",
        "confidence": 1.0,
        "country": "Australia",
        "region": "New South Wales / Victoria",
        "fire_regime": "forest_natural",
        "tier": "TIER_A_AUTHORITATIVE",
        "incident_name": "NSW RFS Bushfire Major Incident #393",
        "agency": "NSW Rural Fire Service Major Incident Command"
      }
    },
    {
      "type": "Feature",
      "id": "WF_NSW_RFS_2026_0194",
      "geometry": {
        "type": "Point",
        "coordinates": [
          148.7264,
          -36.1136
        ]
      },
      "properties": {
        "source_record_id": "NSW_RFS_INC_2026_0194",
        "observed_at": "2026-07-23T19:51:00Z",
        "claim_class": "non_industrial",
        "confidence": 1.0,
        "country": "Australia",
        "region": "New South Wales / Victoria",
        "fire_regime": "forest_natural",
        "tier": "TIER_A_AUTHORITATIVE",
        "incident_name": "NSW RFS Bushfire Major Incident #394",
        "agency": "NSW Rural Fire Service Major Incident Command"
      }
    },
    {
      "type": "Feature",
      "id": "WF_NSW_RFS_2026_0195",
      "geometry": {
        "type": "Point",
        "coordinates": [
          149.4176,
          -34.7624
        ]
      },
      "properties": {
        "source_record_id": "NSW_RFS_INC_2026_0195",
        "observed_at": "2026-07-24T13:34:00Z",
        "claim_class": "non_industrial",
        "confidence": 1.0,
        "country": "Australia",
        "region": "New South Wales / Victoria",
        "fire_regime": "forest_natural",
        "tier": "TIER_A_AUTHORITATIVE",
        "incident_name": "NSW RFS Bushfire Major Incident #395",
        "agency": "NSW Rural Fire Service Major Incident Command"
      }
    },
    {
      "type": "Feature",
      "id": "WF_NSW_RFS_2026_0196",
      "geometry": {
        "type": "Point",
        "coordinates": [
          149.5936,
          -35.7896
        ]
      },
      "properties": {
        "source_record_id": "NSW_RFS_INC_2026_0196",
        "observed_at": "2026-07-25T07:17:00Z",
        "claim_class": "non_industrial",
        "confidence": 1.0,
        "country": "Australia",
        "region": "New South Wales / Victoria",
        "fire_regime": "forest_natural",
        "tier": "TIER_A_AUTHORITATIVE",
        "incident_name": "NSW RFS Bushfire Major Incident #396",
        "agency": "NSW Rural Fire Service Major Incident Command"
      }
    },
    {
      "type": "Feature",
      "id": "WF_NSW_RFS_2026_0197",
      "geometry": {
        "type": "Point",
        "coordinates": [
          147.0592,
          -35.6192
        ]
      },
      "properties": {
        "source_record_id": "NSW_RFS_INC_2026_0197",
        "observed_at": "2026-07-26T01:00:00Z",
        "claim_class": "non_industrial",
        "confidence": 1.0,
        "country": "Australia",
        "region": "New South Wales / Victoria",
        "fire_regime": "forest_natural",
        "tier": "TIER_A_AUTHORITATIVE",
        "incident_name": "NSW RFS Bushfire Major Incident #397",
        "agency": "NSW Rural Fire Service Major Incident Command"
      }
    },
    {
      "type": "Feature",
      "id": "WF_NSW_RFS_2026_0198",
      "geometry": {
        "type": "Point",
        "coordinates": [
          149.3184,
          -33.9008
        ]
      },
      "properties": {
        "source_record_id": "NSW_RFS_INC_2026_0198",
        "observed_at": "2026-07-26T19:51:00Z",
        "claim_class": "non_industrial",
        "confidence": 1.0,
        "country": "Australia",
        "region": "New South Wales / Victoria",
        "fire_regime": "forest_natural",
        "tier": "TIER_A_AUTHORITATIVE",
        "incident_name": "NSW RFS Bushfire Major Incident #398",
        "agency": "NSW Rural Fire Service Major Incident Command"
      }
    },
    {
      "type": "Feature",
      "id": "WF_NSW_RFS_2026_0199",
      "geometry": {
        "type": "Point",
        "coordinates": [
          146.6944,
          -34.076
        ]
      },
      "properties": {
        "source_record_id": "NSW_RFS_INC_2026_0199",
        "observed_at": "2026-07-27T13:34:00Z",
        "claim_class": "non_industrial",
        "confidence": 1.0,
        "country": "Australia",
        "region": "New South Wales / Victoria",
        "fire_regime": "forest_natural",
        "tier": "TIER_A_AUTHORITATIVE",
        "incident_name": "NSW RFS Bushfire Major Incident #399",
        "agency": "NSW Rural Fire Service Major Incident Command"
      }
    },
    {
      "type": "Feature",
      "id": "WF_NSW_RFS_2026_0200",
      "geometry": {
        "type": "Point",
        "coordinates": [
          147.4336,
          -36.0896
        ]
      },
      "properties": {
        "source_record_id": "NSW_RFS_INC_2026_0200",
        "observed_at": "2026-07-28T07:17:00Z",
        "claim_class": "non_industrial",
        "confidence": 1.0,
        "country": "Australia",
        "region": "New South Wales / Victoria",
        "fire_regime": "forest_natural",
        "tier": "TIER_A_AUTHORITATIVE",
        "incident_name": "NSW RFS Bushfire Major Incident #400",
        "agency": "NSW Rural Fire Service Major Incident Command"
      }
    },
    {
      "type": "Feature",
      "id": "WF_NSW_RFS_2026_0201",
      "geometry": {
        "type": "Point",
        "coordinates": [
          148.0512,
          -36.14
        ]
      },
      "properties": {
        "source_record_id": "NSW_RFS_INC_2026_0201",
        "observed_at": "2026-07-29T01:00:00Z",
        "claim_class": "non_industrial",
        "confidence": 1.0,
        "country": "Australia",
        "region": "New South Wales / Victoria",
        "fire_regime": "forest_natural",
        "tier": "TIER_A_AUTHORITATIVE",
        "incident_name": "NSW RFS Bushfire Major Incident #401",
        "agency": "NSW Rural Fire Service Major Incident Command"
      }
    },
    {
      "type": "Feature",
      "id": "WF_NSW_RFS_2026_0202",
      "geometry": {
        "type": "Point",
        "coordinates": [
          147.5072,
          -35.8208
        ]
      },
      "properties": {
        "source_record_id": "NSW_RFS_INC_2026_0202",
        "observed_at": "2026-07-29T19:51:00Z",
        "claim_class": "non_industrial",
        "confidence": 1.0,
        "country": "Australia",
        "region": "New South Wales / Victoria",
        "fire_regime": "forest_natural",
        "tier": "TIER_A_AUTHORITATIVE",
        "incident_name": "NSW RFS Bushfire Major Incident #402",
        "agency": "NSW Rural Fire Service Major Incident Command"
      }
    },
    {
      "type": "Feature",
      "id": "WF_NSW_RFS_2026_0203",
      "geometry": {
        "type": "Point",
        "coordinates": [
          147.2736,
          -33.896
        ]
      },
      "properties": {
        "source_record_id": "NSW_RFS_INC_2026_0203",
        "observed_at": "2026-07-30T13:34:00Z",
        "claim_class": "non_industrial",
        "confidence": 1.0,
        "country": "Australia",
        "region": "New South Wales / Victoria",
        "fire_regime": "forest_natural",
        "tier": "TIER_A_AUTHORITATIVE",
        "incident_name": "NSW RFS Bushfire Major Incident #403",
        "agency": "NSW Rural Fire Service Major Incident Command"
      }
    },
    {
      "type": "Feature",
      "id": "WF_NSW_RFS_2026_0204",
      "geometry": {
        "type": "Point",
        "coordinates": [
          148.5024,
          -34.5344
        ]
      },
      "properties": {
        "source_record_id": "NSW_RFS_INC_2026_0204",
        "observed_at": "2026-07-31T07:17:00Z",
        "claim_class": "non_industrial",
        "confidence": 1.0,
        "country": "Australia",
        "region": "New South Wales / Victoria",
        "fire_regime": "forest_natural",
        "tier": "TIER_A_AUTHORITATIVE",
        "incident_name": "NSW RFS Bushfire Major Incident #404",
        "agency": "NSW Rural Fire Service Major Incident Command"
      }
    }
  ]
}